V1,V2,V3,V4,V5,V6,V7,V8,V9,V10,V11,V12,V13,V14
2022.6506,2017.0173,2016.6235,2013.0732,2007.238,2004.5745,2004.9996,2015.8679,2019.4423,2014.7888,2011.9878,2012.8916,2008.3016,2011.29
2971.5205,2976.7837,2999.333,2995.268,3012.2244,3000.9155,2996.692,2986.9749,3014.7983,3033.3142,3033.794,3019.7058,3017.1213,3012.45
1097.9167,1086.8635,1110.7524,1083.255,1074.1001,1085.0774,1119.3372,1124.5133,1145.6554,1150.09,1135.2714,1119.4436,1115.4075,1107.827
1170.1846,1153.0956,1136.5165,1133.0493,1005.39465,1028.0123,1098.8696,1127.9489,1161.1582,1212.9767,1172.8025,1120.4364,1165.6549,1237.0835
5868.888,5861.716,5883.407,5895.08,5917.575,5920.724,5920.4233,5910.692,5991.327,5969.988,5970.156,5978.6147,5994.635,6019.644
3029.0725,2969.9326,2967.75,3002.712,3005.881,2982.0684,3018.5005,3061.9336,3050.9844,3059.0308,3095.563,3140.3787,3160.2358,3166.8315
4707.569,4830.693,4367.705,4364.5273,4404.6104,4807.0493,4707.5044,4426.118,4165.217,4191.972,4516.396,4379.094,3981.3022,4548.7476
1729.582,1727.1968,1723.3193,1720.6266,1715.2423,1709.8152,1706.9451,1712.9698,1708.3297,1701.4576,1695.357,1688.8939,1694.4658,1705.0348
1582.5483,1580.3657,1577.0359,1574.3715,1569.4645,1564.7041,1561.7666,1567.2695,1562.7256,1557.0032,1552.0819,1546.2797,1551.5299,1560.7538
2598.4478,2572.701,2568.3816,2553.2908,2536.0918,2529.7537,2518.3032,2535.2932,2533.1328,2516.7288,2520.0347,2527.3997,2524.183,2538.9236
2429.2566,2414.951,2421.711,2420.6147,2418.6702,2414.427,2412.7065,2409.653,2406.6409,2406.6636,2407.8782,2405.2886,2411.4443,2424.0166
3630.7288,3620.3826,3614.5144,3604.7659,3585.4404,3581.9429,3582.9482,3592.95,3593.9607,3583.2246,3591.621,3590.3184,3578.2722,3600.4343
7181.9053,7120.4595,7106.3525,7105.683,7073.2974,6996.983,6965.2974,6990.1797,7057.304,7045.321,7025.317,7002.1704,6973.722,6984.545
5652.051,5605.9165,5669.233,5618.542,5590.8657,5585.128,5555.2583,5535.5156,5549.688,5511.146,5513.3877,5460.0913,5442.918,5506.9683
8184.272,8475.457,8484.949,8141.7173,8083.8003,8750.738,9461.6,8877.117,9117.689,8952.674,9230.622,9210.225,9267.162,9904.647
3083.803,3077.0828,3071.2148,3079.661,3087.45,3083.172,3084.214,3087.5947,3081.1074,3077.045,3073.6797,3070.686,3074.021,3078.1462
3994.5813,3971.8943,3969.0298,3951.1228,3943.4138,3923.541,3918.81,3959.89,3971.8054,3953.234,3940.3347,3924.5269,3909.3145,3916.4048
9518.332,9497.504,9512.93,9510.988,9524.84,9542.667,9581.377,9576.869,9552.019,9544.623,9529.741,9509.876,9522.915,9538.159
2623.8994,2552.5442,2584.537,2546.4504,2515.1711,2507.0442,2542.2466,2599.992,2638.9514,2606.6821,2565.1326,2547.6777,2530.587,2500.211
10822.137,10842.39,10841.728,10859.444,10902.731,10920.618,10918.77,10931.633,10938.358,10928.719,10960.466,10951.761,10951.881,10964.492
2612.8567,2540.8323,2573.7131,2535.0625,2503.0522,2494.2898,2529.8516,2588.2466,2627.6404,2594.978,2553.6013,2536.3752,2518.9663,2488.5457
2866.3398,2842.487,2829.555,2787.663,2751.5032,2748.437,2757.4573,2744.1616,2732.1523,2723.0857,2716.273,2686.3657,2764.2598,2749.763
1928.3378,1911.0283,1921.6848,1915.5232,1896.569,1895.898,1912.999,1910.2134,1915.606,1917.0358,1923.8157,1924.4288,1933.5018,1935.4132
2556.589,2535.8674,2522.6128,2484.6038,2450.6077,2449.9788,2457.588,2446.4983,2434.324,2427.4197,2421.2908,2392.4578,2463.4932,2452.9746
1597.4799,1584.7188,1592.5753,1588.8263,1576.2272,1574.2318,1588.0311,1580.9951,1586.2953,1588.4463,1592.0825,1593.4891,1602.5688,1603.9028
2381.9897,2365.423,2348.207,2307.6829,2272.73,2266.4055,2276.5627,2264.687,2246.845,2225.6772,2211.7812,2184.0286,2263.4277,2252.9941
1723.3242,1708.3782,1719.4282,1714.315,1697.2601,1696.3986,1712.3307,1710.1982,1715.4758,1715.6582,1722.1337,1722.7252,1731.4186,1733.332
438.86172,435.8483,430.9821,442.98618,446.29205,440.03525,445.51556,451.122,456.07535,446.0758,462.91116,454.22037,460.02347,462.08707
6375.542,6341.2046,6377.8,6382.839,6363.0566,6378.724,6344.169,6347.9136,6359.522,6333.7812,6313.9067,6328.997,6303.8955,6340.2915
630.70844,626.3724,619.3759,636.6274,641.38055,632.3891,640.2691,648.32556,655.4518,641.0815,665.27673,652.7821,661.1223,664.08276
2111.4888,2098.8271,2101.5657,2088.0498,2078.3987,2066.8926,2067.025,2063.0847,2070.4937,2070.078,2081.0278,2070.1384,2071.9497,2077.1367
1915.0798,1903.5774,1906.0494,1893.7941,1885.0292,1874.5996,1874.7468,1871.1863,1877.8999,1877.5088,1887.4233,1877.5477,1879.1842,1883.8938
6647.5605,6641.5166,6672.1353,6718.023,6719.7363,6702.466,6663.76,6624.8164,6625.2266,6665.814,6645.254,6599.067,6592.317,6602.066
2269.7908,2283.629,2260.3813,2250.5007,2228.3882,2250.9045,2272.9084,2234.6917,2251.6348,2285.9065,2252.3,2260.2449,2275.978,2254.4133
1664.7773,1657.4421,1673.2323,1684.6862,1676.891,1661.3507,1659.6145,1659.9984,1669.818,1664.5808,1683.0825,1674.8438,1675.3701,1681.0398
3754.281,3769.3904,3794.1353,3812.8105,3803.2961,3804.779,3778.1516,3764.549,3780.6052,3802.7087,3812.2554,3820.296,3792.202,3797.6763
2484.1387,2473.9578,2464.3289,2448.5327,2466.851,2482.669,2430.6528,2426.3918,2488.1213,2489.87,2479.5366,2486.9556,2482.364,2476.7515
2294.8606,2291.5256,2315.8667,2330.2532,2327.2603,2307.4094,2335.6055,2334.0564,2351.4731,2353.1406,2385.0132,2388.5718,2383.8254,2392.3213
2442.7273,2453.369,2483.23,2473.433,2391.2878,2374.0151,2272.2676,2252.2695,2231.0916,2238.042,2255.705,2249.7432,2194.6545,2301.91
3846.9263,3835.1675,3835.2979,3818.4023,3779.374,3753.0613,3715.9832,3759.4927,3778.1663,3769.2686,3766.4783,3743.954,3737.0686,3762.3743
6453.8877,6266.478,6229.222,6013.3433,5977.0063,6118.8833,6186.4253,6005.6733,6037.1616,5905.84,6034.505,5895.362,6005.904,6088.168
6956.605,6858.5566,6877.632,6837.3354,6790.786,6828.9536,6799.5605,6840.998,6827.548,6855.453,6872.1494,6948.399,6954.7373,6913.564
1121.3538,1117.1805,1113.8339,1114.1317,1118.9973,1118.1617,1122.4923,1124.9377,1128.0338,1126.6545,1126.6578,1122.3,1118.9153,1122.9235
8650.309,8651.473,8684.639,8700.098,8721.009,8679.238,8691.123,8692.006,8709.688,8690.769,8718.709,8687.766,8738.815,8739.332
1120.1702,1120.9539,1119.9446,1120.4886,1121.8011,1120.5404,1121.5427,1118.5326,1120.4802,1121.8676,1122.2601,1120.3313,1122.5972,1124.6217
10100.833,10145.226,10080.04,10125.414,10089.048,10034.315,9997.782,10052.009,10045.116,10145.854,10129.619,10140.311,10144.35,10110.778
1017.9777,1017.92944,1021.81354,1016.7668,1016.85297,1017.79193,1023.89655,1027.4343,1030.0966,1027.9955,1027.4728,1024.501,1028.0143,1031.7483
10396.534,10384.32,10344.28,10388.775,10445.626,10448.867,10509.778,10536.659,10538.053,10523.434,10521.529,10462.877,10433.468,10491.8125
10997.683,10974.341,10938.873,10969.559,11032.885,11030.073,11081.799,11099.831,11116.208,11092.497,11088.725,11037.356,11006.401,11059.256
9791.964,9795.895,9793.12,9820.267,9798.859,9775.587,9761.985,9841.986,9840.108,9943.6455,9942.721,9977.074,9965.973,9973.076
1010.92706,1013.5201,1011.0008,1014.35925,1009.9417,1007.01495,1003.1926,1009.96594,1009.37286,1021.5729,1020.1648,1024.4961,1024.2316,1021.8781
2893.93,2913.2769,2894.5288,2887.0564,2875.1558,2889.7832,2859.1716,2877.2507,2862.6528,2859.4902,2842.38,2778.9758,2811.36,2856.1304
1105.7579,1106.5995,1104.4264,1106.2224,1106.3093,1106.295,1108.2931,1105.7858,1105.6943,1110.3945,1109.6089,1108.1416,1110.7567,1112.7534
2802.7327,2794.6519,2794.8784,2784.7402,2775.2664,2778.6606,2772.6582,2778.9685,2788.04,2783.8726,2775.2087,2767.6099,2768.9014,2774.0667
1077.4023,1079.8981,1079.3345,1079.5841,1082.3151,1084.9752,1087.7827,1089.8386,1090.1382,1089.8619,1091.6239,1088.3099,1087.8362,1087.7188
10494.612,10478.72,10485.155,10505.684,10506.228,10504.502,10519.246,10476.508,10493.826,10530.939,10531.219,10514.022,10534.247,10557.603
1718.5034,1716.5979,1721.7372,1724.7609,1730.1229,1731.6542,1741.3085,1746.1293,1747.1439,1743.4696,1736.1252,1732.8884,1733.8842,1732.5981
1683.7153,1690.7052,1687.2395,1688.9991,1699.1791,1704.0684,1713.1702,1715.9923,1715.1681,1711.7676,1703.9204,1691.7079,1700.4525,1703.2881
4878.688,4841.471,4837.982,4816.464,4786.5337,4764.551,4770.336,4797.265,4794.5757,4773.044,4749.357,4742.0347,4752.062,4753.0117
4051.464,4049.0244,4052.0247,4044.915,4042.028,4049.7527,4054.3472,4071.5142,4070.1091,4051.4033,4051.922,4048.8618,4037.6084,4021.636
3649.094,3633.9902,3611.6494,3602.4358,3586.788,3598.2976,3613.7754,3611.377,3607.5369,3614.7383,3617.3474,3613.7583,3628.273,3664.0713
5765.028,5685.3306,5680.392,5645.9385,5717.878,5727.468,5776.3447,5837.509,5842.329,5800.6006,5781.6626,5754.7974,5834.752,5810.59
4692.6846,4698.3267,4720.0,4714.201,4715.107,4722.044,4686.133,4684.5312,4720.702,4719.3687,4715.8516,4713.158,4693.4062,4710.3716
1051.7485,1022.54193,1028.5344,1017.5479,1008.77484,1017.5845,1024.8702,1017.0816,1017.9953,1002.30493,979.74207,967.0063,994.3246,1002.538
3537.7634,3494.3135,3494.9731,3502.7925,3493.3643,3508.957,3558.9695,3558.6963,3574.65,3562.0413,3563.8943,3552.69,3577.2844,3545.8147
1410.4744,1392.6301,1356.5903,1370.4047,1386.597,1406.5143,1413.6263,1429.4338,1427.2821,1429.102,1407.9753,1406.7556,1422.8309,1433.7115
5164.3174,5112.514,4996.7583,5028.787,5196.861,5219.6704,5256.0947,5239.0576,5305.534,5328.934,5307.4004,5295.2295,5308.3555,5323.0815
5565.773,5542.087,5517.649,5480.8867,5459.003,5445.6973,5420.911,5431.7173,5459.1177,5477.0186,5485.287,5479.19,5506.744,5506.5767
3979.3115,3956.4612,3968.4717,3970.6035,3978.1357,3969.525,4011.1467,4012.1501,4021.3894,4020.3564,4027.4758,4022.732,4039.4592,4029.616
4015.9055,3989.8323,3968.2068,3970.3545,3952.4836,3956.1611,3982.1406,3978.7502,4008.983,4015.3784,3989.6287,4001.5056,4026.6052,3982.9282
2524.272,2529.159,2533.569,2535.887,2534.5544,2550.8958,2567.9087,2578.9993,2567.4292,2565.652,2559.8372,2547.2117,2546.8438,2554.1536
1920.5354,1921.2877,1923.5057,1926.3024,1934.0336,1937.4723,1944.509,1949.0323,1948.9064,1947.6619,1936.7861,1933.1793,1937.2286,1937.2072
1027.1562,1027.8478,1030.879,1026.8566,1026.9044,1027.874,1034.5013,1037.2688,1039.234,1038.2255,1037.0244,1033.6345,1036.656,1039.8535
1669.5382,1660.1652,1657.9154,1661.4409,1660.9694,1653.4532,1650.8522,1646.9177,1650.6019,1657.0483,1664.9983,1665.5083,1661.4198,1649.4099
1646.2188,1647.105,1653.5221,1654.7734,1645.9402,1644.3834,1649.0492,1655.3794,1654.8926,1650.9525,1650.821,1652.9175,1658.864,1666.7338
1803.7975,1807.1384,1800.5493,1804.1888,1795.6514,1798.0796,1785.4003,1790.3037,1788.7509,1789.5641,1776.954,1778.852,1776.3048,1782.812
1937.0521,1934.4506,1930.7451,1926.5087,1921.5398,1928.5259,1924.2745,1920.3938,1926.2246,1929.8887,1921.9166,1918.4779,1926.3232,1928.6003
3241.7537,3266.7473,3333.001,3317.0256,3314.1792,3315.6384,3320.3276,3291.3003,3306.4868,3315.481,3334.7393,3290.2896,3322.8838,3330.7188
9960.249,9975.3125,9995.802,9961.402,9965.258,9984.995,10056.596,10076.34,10097.905,10098.736,10081.672,10042.709,10066.398,10090.56
2478.598,2496.1309,2474.3447,2469.2856,2436.4595,2439.1755,2418.5447,2425.6223,2421.3042,2431.2075,2421.1829,2428.0312,2426.908,2436.7026
1560.3242,1561.4387,1567.0264,1565.6335,1564.1333,1573.5996,1585.2897,1593.8881,1585.3578,1585.912,1585.0745,1574.4156,1576.2106,1580.6163
1099.7683,1097.4341,1093.8872,1096.9558,1103.2885,1103.0072,1108.1798,1109.983,1111.6208,1109.2496,1108.8724,1103.7356,1100.64,1105.9255
2923.756,2947.447,2927.0398,2929.8264,2918.4475,2929.7644,2894.182,2908.2825,2898.679,2908.2175,2888.9556,2840.037,2865.9556,2903.325
1731.2754,1733.9031,1740.7018,1735.9353,1734.7091,1740.0743,1743.365,1742.141,1743.2695,1743.6635,1737.3107,1730.7122,1740.4281,1742.9579
6206.29,6236.699,6165.5625,6197.4517,5916.5854,6064.1777,5859.2573,5939.5967,5836.557,5769.827,6009.7188,5690.5835,5595.412,5838.199
7086.831,7128.524,7116.9087,7141.3994,7149.7153,7166.085,7066.9546,7024.553,7071.931,7159.5703,7145.1094,7148.0757,7148.8594,7163.021
2106.3718,2075.0664,2063.1116,2056.781,2051.3013,2029.9816,2037.7225,2057.4836,2059.0828,2039.8213,2018.0369,1995.0527,1999.2544,2025.8462
2197.8132,2163.304,2149.544,2138.434,2131.4841,2102.5608,2111.869,2137.8276,2141.7656,2118.5427,2093.4744,2069.8037,2076.492,2104.3706
2015.5585,1995.2832,1985.5957,1984.5599,1981.2242,1963.0629,1965.5093,1981.7192,1982.1348,1973.2343,1958.1604,1940.3358,1945.0012,1961.0708
2030.8594,2012.2555,2002.2809,2001.3326,1999.3634,1981.5496,1982.4083,1997.6864,1996.9553,1986.7318,1971.778,1954.3417,1960.7158,1977.0615
2016.6351,1990.8356,1980.8319,1979.635,1974.8038,1956.7395,1961.8448,1977.9172,1978.3492,1965.8522,1948.452,1927.7614,1930.3376,1950.6025
2051.4482,2034.2499,2023.8135,2023.1246,2022.1765,2004.6307,2003.7632,2017.752,2016.0192,2005.4419,1990.4884,1972.8531,1979.9673,1997.1805
2272.9768,2239.8823,2218.6816,2204.8298,2195.6697,2154.752,2161.2556,2192.4077,2202.0347,2178.259,2150.1294,2132.9832,2144.0947,2163.4563
2140.2024,2121.6545,2106.9211,2110.1702,2115.584,2095.5098,2085.367,2092.663,2087.77,2074.196,2062.9697,2044.5619,2057.2607,2078.9346
2113.7815,2095.8088,2081.633,2084.0396,2089.6292,2070.0254,2060.7085,2068.1165,2063.5505,2050.558,2039.1919,2019.8112,2032.3126,2052.7861
2011.7539,1988.6069,1979.297,1977.94,1973.3156,1955.2847,1959.3802,1975.5787,1976.2083,1965.7611,1949.8732,1930.414,1933.6509,1951.4229
2081.1467,2063.6958,2052.7903,2052.085,2053.3306,2034.9594,2032.245,2042.9492,2039.5367,2027.3333,2013.1306,1994.4961,2003.4332,2020.8682
1904.9222,1907.3383,1872.762,1868.1622,1869.1736,1847.5052,1816.3007,1844.2996,1849.6511,1829.9222,1806.8635,1807.7722,1833.2761,1851.1583
9680.458,9566.245,9559.066,9609.297,9597.588,9580.809,9526.022,9498.45,9499.036,9491.614,9529.013,9527.8125,9447.391,9478.1045
931.23206,932.25073,930.3495,929.8601,930.53674,923.2004,914.95306,918.58405,931.901,920.3823,913.794,921.3411,922.44775,924.2352
11964.094,11827.937,11765.003,11713.362,11769.157,11812.037,11890.069,11825.779,11849.953,11852.257,11949.6875,11905.789,11955.109,11896.043
1618.3949,1600.8417,1592.178,1588.6741,1596.2456,1604.5848,1614.6262,1604.1487,1605.2437,1606.7366,1619.4509,1613.4641,1620.753,1610.9343
7154.644,7143.147,7141.737,7143.702,7157.13,7170.402,7177.8975,7145.734,7165.8105,7196.5303,7199.0405,7182.2896,7169.1367,7156.0825
9211.466,9157.572,9166.147,9185.136,9175.28,9157.711,9179.575,9204.522,9214.677,9193.376,9205.833,9196.56,9187.969,9204.728
11055.555,11032.198,11112.775,11161.648,11205.7295,11148.54,11118.954,11075.792,11114.318,11192.41,11237.776,11228.716,11212.409,11189.6455
960.1126,960.17017,972.7217,970.4223,972.8174,973.6766,975.08594,980.0825,975.0567,976.3983,975.2609,968.6978,970.1247,978.7435
953.25214,953.35077,966.727,963.4772,966.4598,968.6405,969.8458,973.9334,966.79346,968.46136,967.5062,961.4145,963.51,973.56384
1312.5543,1315.1067,1313.2595,1307.6064,1308.4257,1309.5411,1309.3517,1302.9224,1300.0573,1301.5306,1304.4961,1300.9636,1302.9142,1310.3281
1259.8318,1263.2416,1261.7256,1256.1453,1257.0033,1258.175,1259.2058,1252.3044,1250.0442,1251.1919,1253.9492,1249.6165,1251.4592,1259.057
1330.5286,1332.8268,1330.8688,1325.2102,1326.0762,1327.2135,1326.6514,1320.3164,1317.2915,1318.9358,1321.9767,1318.683,1320.662,1328.0536
9226.91,9297.099,9361.579,9281.862,9281.655,9233.168,9255.895,9235.633,9355.933,9435.466,9463.75,9320.122,9359.513,9299.045
6954.695,7003.535,7055.391,7012.2954,7012.2114,6986.707,6983.83,6956.851,7048.3184,7105.673,7122.848,7043.1167,7058.3325,7012.0103
7463.9834,7518.1226,7571.4023,7520.509,7520.354,7489.469,7492.3535,7465.827,7564.6123,7627.001,7646.765,7553.0527,7573.616,7524.6997
6450.893,6391.3623,6468.0806,6408.09,6096.608,6129.1772,6203.36,6306.4087,6300.07,6258.3193,6301.492,6298.2715,6085.1743,6238.0435
8299.51,8319.193,8265.16,8215.285,8108.0996,8165.6743,8206.882,8222.688,8296.117,8279.411,8166.9946,8110.5986,8134.014,8224.487
7407.015,7338.7373,7426.881,7358.02,7000.2744,7037.7207,7122.924,7241.1978,7233.877,7185.9434,7235.553,7231.9224,6987.193,7162.7715
1327.3629,1326.184,1332.4937,1314.5272,1305.4064,1323.4092,1338.044,1326.3619,1329.3827,1327.9022,1318.4183,1317.6157,1323.9343,1332.1294
9117.986,9152.292,9189.531,9162.7,9164.035,9139.0625,9146.495,9163.272,9222.784,9202.848,9220.954,9151.622,9203.806,9150.69
9060.02,9094.126,9131.13,9104.448,9105.76,9080.942,9088.355,9105.0,9164.148,9144.349,9162.335,9093.412,9145.279,9092.506
5248.3413,5260.594,5289.7017,5275.078,5278.63,5275.7095,5292.853,5275.5337,5304.505,5323.113,5332.526,5292.4644,5300.78,5289.049
6939.5186,6953.2583,6997.526,6965.5054,6968.593,6966.4995,6995.592,6975.488,7010.653,7038.598,7057.265,6987.2417,7010.1587,6990.6445
5627.8657,5640.951,5673.9277,5654.9805,5657.8896,5655.3286,5675.4224,5657.4976,5688.3286,5708.8164,5720.2227,5674.168,5685.8516,5672.027
9282.982,9165.338,9159.689,9213.851,9202.033,9183.919,9125.785,9098.759,9099.883,9093.483,9134.454,9134.298,9053.342,9079.95
1090.8982,1082.2445,1080.746,1083.2383,1081.5077,1080.7528,1076.7272,1074.1,1074.7715,1073.5637,1075.448,1074.3821,1067.2811,1072.2874
636.08813,636.365,644.3103,642.2765,643.48486,645.4511,643.74866,646.6989,655.2901,656.1436,658.2747,651.3585,652.33606,649.41003
945.8747,934.842,940.65234,935.50885,931.7405,929.6995,925.52277,928.1899,931.9497,926.21985,924.7399,924.5454,922.505,926.044
10689.236,10605.555,10560.712,10524.861,10578.758,10658.79,10690.422,10565.516,10644.724,10622.066,10676.826,10716.214,10786.24,10806.191
1755.9734,1729.8698,1720.1582,1736.0244,1709.1614,1685.2509,1660.1776,1702.6332,1706.4868,1673.7073,1712.5195,1716.6147,1662.5054,1706.2642
10065.99,9305.499,9677.094,9588.207,9522.729,10093.339,9560.89,8994.797,8986.572,9436.229,10136.585,10407.817,9646.106,9578.771
5919.501,5858.9087,5876.0195,5845.1006,5762.9453,5738.6763,5711.887,5773.029,5863.8906,5905.9287,5816.1504,5772.656,5747.7573,5706.1387
10604.917,10511.047,10380.137,10579.203,10470.396,10546.031,10335.301,10320.134,10267.303,10519.005,10603.2295,10805.449,10372.641,10665.733
11037.584,11007.979,11055.613,11064.894,11064.181,11023.248,11033.355,11036.075,11060.346,11044.713,11085.424,11066.005,11107.929,11111.477
8061.9785,8092.8354,8108.2554,8188.2783,8326.852,8266.517,8217.951,8348.289,8276.09,8227.504,8373.26,8354.853,8350.85,8349.346
1002.946,958.15656,1021.1473,979.1895,948.2344,926.67554,987.5081,1024.9592,1078.748,1019.9685,1051.4493,1064.0342,1132.5613,1129.5522
7976.099,8033.6504,8293.902,8336.723,8356.818,8594.245,8512.024,8268.225,8143.04,8502.88,8428.432,8129.557,8152.445,8112.597
3005.9404,2989.6064,2953.5132,2870.4219,3108.5486,3333.9595,3011.6743,2974.668,3335.6333,3331.2522,3075.9207,2847.547,3111.0996,3052.034
2721.1548,2434.04,2535.5024,2596.6763,2773.9023,2824.4495,2675.8496,2405.907,2507.655,2636.275,2849.347,2792.5002,2797.392,2514.6975
3153.6736,3398.3706,3670.3193,3754.6514,3636.3923,3792.757,3923.6958,3894.69,4032.5537,4151.2974,4246.2417,4236.126,4216.486,4244.829
7112.1494,7115.4575,7348.973,7312.3345,7359.8037,7342.4653,7331.229,7345.8633,7399.0317,7423.0015,7433.9126,7239.5356,7359.7817,7272.8325
4495.262,4661.7983,4690.714,4740.087,4676.5215,4551.3516,4478.5625,4640.049,4606.2715,4519.303,4558.6772,4347.476,4335.8203,4510.1045
1160.5616,1157.3751,1157.4385,1156.3662,1151.507,1152.0752,1153.5356,1154.5615,1151.5574,1147.9657,1145.8047,1143.7457,1145.4991,1147.1157
1265.1624,1260.5919,1261.2623,1260.3575,1254.5317,1254.8933,1256.9069,1258.5114,1254.7576,1250.4502,1247.0286,1244.8123,1246.3109,1248.0287
1241.9266,1237.639,1238.2579,1237.3053,1231.6882,1232.0944,1234.0186,1235.5338,1231.9034,1227.7966,1224.6345,1222.4054,1223.9312,1225.5966
6458.643,6416.159,6432.6064,6404.9336,6408.941,6371.4243,6336.912,6319.858,6339.341,6304.136,6306.665,6272.2295,6280.1904,6315.0767
8092.1436,8027.895,8056.765,8014.6323,8020.375,7966.6616,7912.684,7892.935,7922.235,7869.4272,7879.416,7833.6367,7845.1123,7896.7983
355.1344,351.20932,354.52533,356.5284,362.37885,361.41544,362.84506,364.07086,361.09006,361.10938,360.35043,351.41388,354.16135,361.11252
580.96906,579.04803,577.2491,579.231,566.54407,563.29846,571.6354,566.70624,572.2735,569.7031,559.75323,560.48486,567.67285,563.37305
12286.415,12362.666,12441.385,12488.437,12473.394,12455.874,12355.668,12325.485,12302.019,12449.314,12521.2,12519.046,12430.588,12393.867
10043.683,9959.444,9934.272,9901.758,9830.201,9838.911,9897.822,9919.036,9939.534,9929.438,9947.892,9965.333,9894.786,9931.101
1508.5925,1512.1085,1509.265,1506.9811,1493.1758,1490.2494,1489.2812,1493.0618,1489.9463,1489.1516,1485.3586,1483.788,1485.097,1488.5594
6338.621,6352.6084,6340.98,6333.6816,6276.978,6264.3115,6261.6543,6278.8657,6265.397,6262.5073,6245.979,6239.9375,6242.574,6257.643
7362.3438,7307.75,7296.571,7275.3076,7211.721,7211.947,7179.1636,7206.4463,7214.618,7221.768,7260.0347,7266.651,7265.3374,7279.437
10487.363,10409.615,10393.701,10363.412,10272.844,10273.168,10226.458,10265.313,10276.941,10287.121,10341.627,10351.063,10349.181,10369.272
10069.729,10049.887,9983.725,10077.195,10118.2295,10115.145,10035.2705,10036.905,10065.362,10093.978,10086.327,10078.162,9985.838,9880.431
13495.588,13421.41,13503.838,13489.044,13436.47,13410.221,13437.341,13457.957,13484.327,13461.368,13490.903,13464.795,13473.183,13493.459
20063.238,20224.62,20208.38,20289.146,20142.521,20014.584,20164.955,20158.4,20282.982,20363.588,20335.791,20166.06,20095.934,19988.229
24860.695,24818.012,24870.014,24875.836,24852.916,24834.412,24860.066,24868.135,24890.148,24898.71,24913.568,24895.81,24918.984,24876.977
1250.0881,1236.4977,1232.4761,1226.1846,1220.4354,1219.567,1224.8293,1229.8689,1231.8055,1229.1395,1231.2897,1235.5599,1240.3904,1239.604
7233.139,7186.6904,7207.567,7201.084,7186.322,7166.885,7136.492,7191.172,7171.183,7168.4624,7189.464,7248.5996,7291.313,7344.9062
13621.316,13548.827,13535.429,13549.121,13526.379,13514.08,13444.814,13462.056,13437.876,13405.776,13372.012,13376.107,13353.546,13407.406
21984.84,21874.115,21870.967,21997.22,21914.861,21770.246,21624.293,21697.096,21794.936,21835.693,21794.607,21754.924,21638.566,21650.668
20570.482,20494.781,20482.13,20468.535,20455.24,20476.555,20541.81,20500.691,20509.75,20505.455,20506.074,20484.83,20525.441,20584.37
17463.129,17353.172,17304.637,17204.2,17140.01,17099.447,17181.12,17174.174,17254.688,17219.803,17178.47,17114.137,17094.598,17104.902
9782.354,9784.991,9788.361,9786.879,9786.701,9774.334,9746.447,9775.557,9772.417,9744.471,9746.502,9736.8,9763.686,9779.165
10445.297,10448.118,10451.73,10450.15,10449.953,10436.733,10406.974,10438.065,10434.727,10404.87,10407.051,10396.699,10425.396,10441.889
3667.9224,3486.622,3606.1113,3810.0498,3910.3252,3993.822,4170.6006,4126.685,4575.336,4270.94,4317.3857,4597.066,4651.7314,4903.676
6465.1147,6446.1064,6282.3403,6461.4355,6379.8223,7107.179,7178.677,6595.885,7683.6274,7482.8457,7459.3506,8191.299,8581.354,9176.707
1148.3339,1143.5247,1166.362,1161.8019,1163.8121,1166.0355,1175.9072,1179.1643,1172.6788,1173.1924,1180.4097,1155.5636,1160.91,1158.0398
1151.9958,1154.1207,1157.8641,1157.4978,1149.7808,1164.688,1167.7711,1156.8048,1154.4182,1149.2983,1154.5166,1151.4735,1158.8628,1156.5239
8669.817,8679.698,8698.801,8717.845,8720.697,8708.45,8721.946,8742.517,8775.782,8759.86,8776.4,8751.956,8793.525,8776.235
8779.094,8792.642,8772.546,8797.448,8777.589,8765.536,8758.228,8791.352,8812.406,8792.074,8780.711,8784.467,8818.427,8808.582
8652.819,8656.299,8651.384,8696.221,8698.053,8687.748,8697.914,8717.33,8756.366,8734.985,8724.458,8728.687,8775.394,8747.352
8773.316,8770.122,8742.3545,8796.269,8767.784,8759.932,8745.135,8780.586,8810.47,8775.684,8743.456,8787.523,8815.046,8778.892
1033.8892,1030.9047,1029.5569,1028.3324,1031.0875,1032.8727,1033.7128,1035.1893,1039.3734,1038.6014,1037.4476,1034.5472,1035.2788,1035.2284
1041.0739,1036.9727,1035.636,1036.263,1036.0302,1033.8362,1034.5697,1036.6132,1038.5771,1036.1788,1034.2148,1033.8326,1033.3331,1034.3865
10264.6045,10201.504,10203.296,10242.387,10250.498,10271.28,10172.002,10219.178,10317.17,10256.871,10156.469,10175.888,10207.771,10306.583
10232.436,10174.915,10159.203,10235.495,10203.816,10246.395,10216.205,10222.409,10320.532,10307.33,10196.201,10181.084,10237.4795,10362.811
10254.509,10173.073,10193.492,10204.98,10214.177,10200.054,10143.348,10214.338,10310.974,10189.03,10105.377,10146.768,10184.253,10267.236
6284.6597,6272.3657,6341.881,6366.5176,6394.621,6369.4263,6382.075,6374.735,6362.468,6356.095,6374.3257,6373.168,6387.1196,6405.1494
6295.124,6267.6963,6344.494,6353.85,6396.2534,6366.437,6400.2837,6384.931,6380.655,6386.3496,6422.9634,6392.6333,6416.0527,6423.8506
6223.042,6218.444,6294.9307,6300.8286,6331.2734,6323.716,6339.4336,6319.209,6303.629,6301.968,6328.5737,6334.0815,6365.2397,6373.8857
6218.586,6199.9985,6300.615,6287.383,6334.082,6317.5107,6361.542,6337.1934,6318.9937,6319.857,6366.1113,6346.7227,6387.9893,6393.0234
9856.715,9782.641,9843.829,9792.157,9770.856,9728.617,9755.869,9775.994,9791.807,9784.107,9818.64,9737.313,9699.126,9649.715
9934.939,9922.808,9987.2295,9923.213,9930.854,9902.413,9855.325,9837.596,9845.26,9807.962,9845.908,9769.125,9763.614,9765.413
9835.7705,9789.351,9853.997,9799.599,9779.079,9740.43,9740.267,9747.049,9753.937,9758.271,9787.872,9698.373,9683.373,9649.781
9918.438,9917.228,9986.522,9943.291,9924.172,9897.454,9853.76,9840.353,9837.225,9813.662,9844.544,9772.607,9757.427,9802.433
9454.163,9443.897,9495.03,9722.479,9629.855,9599.676,9576.704,9587.913,9781.188,9691.001,9697.199,9799.119,9773.978,9847.984
9318.965,9341.18,9355.537,9591.397,9493.295,9483.755,9452.529,9454.117,9589.236,9553.465,9534.955,9686.26,9627.62,9704.662
9471.988,9474.638,9540.576,9772.114,9650.855,9638.0205,9698.196,9665.848,9811.468,9720.658,9783.726,9917.204,9870.5625,9942.046
10091.472,10062.725,10057.53,10082.66,10053.625,10034.291,10041.389,10051.336,10066.407,10068.489,10082.419,10046.434,10036.813,10083.881
10124.577,10124.076,10092.255,10104.24,10079.773,10107.338,10090.512,10102.988,10112.727,10117.361,10104.703,10094.656,10110.024,10156.877
10135.734,10123.359,10083.058,10087.087,10066.394,10081.97,10060.424,10082.907,10073.931,10068.213,10058.364,10067.313,10077.677,10120.538
1375.0874,1377.8658,1373.59,1376.6161,1372.7616,1368.1514,1379.3325,1387.9227,1396.8253,1387.249,1374.9348,1376.6683,1382.9835,1404.0999
1373.5477,1368.86,1370.5477,1371.7671,1365.5597,1364.7874,1375.6597,1378.1113,1387.6384,1380.4779,1367.8882,1369.7627,1377.8109,1388.2655
1375.9004,1367.4299,1371.658,1371.4562,1371.3467,1373.3182,1395.0181,1392.308,1408.1415,1390.8268,1385.7119,1389.341,1398.6766,1410.1702
1379.7441,1360.8628,1372.2838,1373.1813,1372.1199,1372.6016,1395.4065,1388.0125,1407.7456,1389.6736,1386.3911,1386.6237,1398.8204,1398.8992
6852.401,6853.077,6866.5845,6862.532,6873.086,6871.241,6838.7593,6875.0884,6855.074,6854.0835,6901.8486,6849.822,6813.114,6840.416
6890.718,6904.5254,6941.981,6929.5864,6933.1216,6942.965,6924.4355,6944.699,6951.5767,6951.768,6987.9355,6942.7876,6937.2476,6955.279
6817.21,6833.25,6878.856,6859.6787,6854.7705,6858.346,6814.046,6851.0693,6841.4873,6850.149,6893.5205,6834.6685,6803.23,6833.8794
6899.286,6912.5137,6969.9253,6985.9214,6990.171,6992.211,6996.694,7011.6724,7019.669,7016.5967,7052.543,7024.225,7023.7324,7032.2783
6783.073,6807.916,6856.4507,6845.3906,6852.5913,6833.262,6832.6943,6862.5415,6870.6924,6837.595,6858.281,6844.8857,6866.7427,6879.241
1216.655,1209.3215,1210.2603,1207.5731,1203.6455,1201.6696,1198.5194,1202.7183,1204.3634,1201.108,1198.5627,1196.8373,1197.7856,1201.2942
1211.0983,1202.4303,1203.0441,1200.0482,1196.2748,1193.9067,1190.9918,1196.3809,1198.5454,1195.0552,1192.9604,1192.598,1192.491,1195.3569
1212.4617,1205.5416,1205.4115,1202.2454,1198.868,1198.1849,1195.7645,1198.9556,1199.575,1196.373,1193.2257,1191.9595,1193.9998,1198.51
8649.969,8635.164,8605.396,8604.69,8599.738,8646.328,8566.486,8580.574,8600.095,8583.794,8531.895,8564.147,8550.459,8599.804
8669.109,8612.212,8631.644,8600.187,8625.094,8640.336,8592.437,8580.19,8640.526,8574.472,8565.714,8546.744,8538.546,8572.883
8634.848,8557.224,8587.097,8560.579,8580.239,8564.731,8496.535,8501.609,8539.358,8472.513,8484.087,8461.954,8464.83,8498.983
9683.002,9643.142,9702.844,9657.473,9598.782,9666.748,9709.17,9778.946,9826.363,9757.1875,9727.258,9667.414,9814.508,9825.162
9726.607,9696.558,9792.423,9693.728,9663.595,9733.645,9766.872,9830.959,9880.538,9809.977,9766.079,9693.0625,9818.586,9810.929
9557.403,9521.331,9605.567,9521.372,9486.598,9552.242,9626.565,9724.774,9777.777,9661.417,9590.42,9514.265,9634.525,9606.961
9586.628,9553.443,9621.217,9602.352,9668.941,9721.324,9788.646,9817.257,9816.772,9774.319,9735.153,9667.086,9757.344,9730.304
1232.7191,1227.6381,1226.1029,1217.7274,1218.5254,1213.0209,1213.2548,1208.4366,1209.3115,1206.4602,1202.6526,1196.7062,1201.7577,1206.0713
1241.3995,1233.2623,1229.4712,1229.2896,1224.5923,1226.8893,1239.0829,1229.1929,1224.168,1222.2341,1221.9341,1217.4188,1219.3385,1224.9043
1231.8595,1226.3163,1224.9071,1219.9248,1219.5317,1212.7496,1214.823,1213.1226,1214.1134,1210.261,1207.4856,1201.5571,1204.3392,1208.0374
1236.6947,1227.3755,1231.7322,1226.675,1223.6165,1223.1517,1234.508,1224.9551,1226.8411,1222.0365,1224.5931,1218.574,1221.4283,1225.2705
6782.0566,6806.635,6855.3555,6844.2803,6851.1133,6831.731,6831.5625,6861.6885,6869.5874,6836.3516,6857.1045,6843.6157,6865.52,6878.187
6158.1953,6084.1113,6109.166,6072.443,6040.0728,6034.6167,6014.1626,5995.501,6000.3374,5953.2964,5946.9004,5926.2847,5917.918,5921.5063
6287.1226,6276.9834,6287.844,6258.837,6242.074,6264.461,6199.1646,6176.2236,6163.3154,6115.856,6115.7456,6088.577,6077.19,6147.9697
6152.509,6097.1226,6123.381,6074.912,6063.539,6064.665,6028.695,6001.876,5991.0327,5938.249,5937.7046,5911.101,5902.664,5954.5645
6254.4375,6291.1963,6256.285,6227.3047,6196.2983,6246.59,6189.493,6195.4434,6116.965,6075.1157,6086.4937,6095.996,6065.672,6177.995
6783.073,6807.916,6856.4507,6845.3906,6852.5913,6833.262,6832.6943,6862.5415,6870.6924,6837.595,6858.281,6844.8857,6866.7427,6879.241
678.3074,680.79156,685.645,684.539,685.25903,683.3261,683.26935,686.2541,687.06915,683.7595,685.82806,684.4886,686.67426,687.9241
1276.8342,1272.8226,1279.4475,1277.7339,1281.8174,1280.535,1283.7521,1289.7709,1284.648,1274.2562,1277.652,1281.9432,1287.8516,1291.3285
1259.3363,1254.8933,1263.0469,1261.8733,1262.5739,1264.3859,1267.2391,1273.8124,1268.1189,1261.7843,1265.9315,1270.6531,1271.203,1274.2325
1270.2256,1265.364,1275.2545,1276.875,1280.3569,1277.4144,1279.7021,1279.2163,1275.7635,1266.4904,1270.6626,1274.0288,1276.5542,1277.4536
1208.6682,1205.9294,1206.3177,1203.2472,1198.5732,1197.6093,1190.7566,1190.1128,1188.0219,1189.6241,1190.8574,1187.079,1186.4486,1191.1106
1210.935,1208.399,1206.8655,1202.2838,1199.7911,1200.479,1192.5594,1191.2385,1188.013,1191.3987,1191.7294,1188.7449,1190.3275,1196.2505
1206.2725,1203.7695,1200.3268,1197.4807,1193.6709,1193.2632,1184.9653,1187.1178,1183.9583,1185.758,1185.8286,1184.061,1183.9667,1188.6858
1208.2528,1205.4514,1201.6696,1196.9849,1194.7078,1194.7961,1184.6238,1186.2073,1181.7552,1185.0148,1185.6165,1183.926,1186.133,1193.2115
1395.3492,1385.3075,1388.8824,1398.99,1399.9468,1393.9579,1398.6979,1387.2472,1418.6301,1407.3318,1386.0471,1388.7072,1390.4408,1386.2457
1375.8264,1363.7863,1374.447,1375.144,1379.1844,1369.3721,1360.1696,1359.0382,1385.6842,1364.9749,1358.3801,1357.458,1357.6111,1352.4255
1376.2347,1371.6891,1370.7683,1373.61,1371.874,1358.1184,1352.5751,1353.4603,1371.6515,1355.2411,1351.4325,1351.3306,1355.8812,1353.676
1506.6914,1502.9197,1499.6465,1510.6179,1507.3397,1512.4565,1523.2179,1518.999,1527.1605,1511.2731,1520.989,1541.2854,1539.4691,1543.3511
1506.8232,1501.6954,1509.0425,1509.0177,1506.1884,1508.4191,1516.5476,1511.5839,1524.6233,1514.7462,1523.9873,1533.9827,1531.5684,1534.3722
1190.2578,1186.3206,1197.1562,1186.4655,1194.2759,1202.2583,1205.2214,1199.4956,1190.3335,1183.0894,1193.9524,1185.9579,1192.1407,1204.0273
1184.2467,1177.4609,1184.69,1171.9973,1181.9695,1191.2214,1193.9784,1184.3628,1175.2024,1175.2456,1189.4812,1173.3876,1178.9911,1190.2798
1160.3389,1157.51,1168.2837,1157.7415,1156.9355,1159.7732,1166.0668,1159.2126,1149.4558,1155.4214,1168.9064,1145.9183,1153.1112,1162.4056
1165.7869,1161.3037,1181.6582,1168.0897,1172.9323,1175.4304,1181.3876,1174.0212,1169.5669,1179.1138,1188.6882,1166.779,1178.909,1179.2216
1427.3344,1428.4731,1433.4993,1429.9701,1431.2751,1431.7002,1432.4634,1433.9231,1436.4174,1437.4722,1435.82,1429.9974,1429.9637,1429.0071
1423.7172,1422.6442,1424.3247,1423.627,1424.4495,1424.7329,1427.357,1430.0029,1430.2448,1429.7008,1427.9049,1422.9042,1423.1583,1424.0538
1426.665,1425.4906,1428.6637,1427.4551,1429.2012,1428.5977,1431.6039,1432.9374,1433.4141,1432.4288,1430.6857,1424.9823,1426.6641,1427.1901
1414.7415,1408.4525,1410.2687,1407.0143,1405.9784,1402.009,1406.199,1406.8167,1411.8425,1410.6309,1410.4783,1405.1547,1405.8544,1403.7072
1413.3912,1408.3477,1411.3792,1411.6439,1410.8146,1406.765,1410.6351,1412.6676,1417.2313,1416.1469,1415.7655,1408.8995,1410.0327,1406.9138
1408.0608,1400.5807,1400.7821,1398.9083,1397.8062,1396.7416,1400.8167,1402.096,1408.6626,1406.4635,1407.2574,1400.7123,1401.3055,1400.6277
1411.4288,1406.334,1408.2572,1406.6179,1403.0583,1401.0168,1404.2694,1406.268,1411.342,1413.2418,1413.967,1407.1486,1409.0029,1407.3262
1274.6669,1273.9536,1270.8124,1276.4841,1275.1694,1277.2996,1275.8755,1277.9646,1286.3534,1283.0873,1281.4156,1288.8392,1283.0621,1292.2677
1277.2126,1278.4148,1272.2699,1280.9608,1279.5446,1280.6292,1280.081,1280.1149,1290.8347,1288.042,1284.5277,1292.8947,1292.8317,1300.3281
1185.0304,1182.4703,1181.706,1180.8069,1178.8683,1176.962,1176.9834,1181.572,1181.9003,1181.4565,1181.8867,1182.1659,1178.9054,1178.72
1189.2467,1187.5283,1186.8475,1184.7218,1182.2524,1180.3303,1183.867,1185.8894,1186.056,1185.1719,1186.4285,1185.4495,1183.6738,1182.8815
1185.122,1181.8912,1179.6665,1177.6044,1176.6649,1175.1344,1175.3937,1179.764,1180.525,1179.5852,1178.9419,1178.7803,1178.0944,1177.3431
1189.0223,1187.371,1185.4612,1181.321,1179.7914,1176.9634,1182.0856,1182.8191,1184.1959,1181.9576,1182.646,1180.5533,1184.0546,1182.8706
1200.6329,1194.2383,1194.3359,1193.414,1183.9404,1180.0303,1175.6907,1186.2618,1187.6792,1184.2744,1183.1945,1183.0487,1179.0524,1182.7854
1201.1194,1193.9384,1194.1847,1191.3098,1185.3396,1183.9425,1183.167,1191.9388,1193.6707,1188.4528,1184.6909,1183.7043,1182.3583,1185.732
1200.82,1194.2001,1195.9274,1193.949,1186.4503,1181.0287,1175.6265,1185.1003,1189.6512,1186.9503,1183.9288,1180.3959,1179.6841,1187.2499
1200.7744,1195.1389,1197.2498,1192.847,1186.4911,1183.561,1180.0062,1186.0221,1189.1783,1184.4906,1179.9325,1177.9514,1179.3383,1185.6586
1177.839,1171.6107,1179.0212,1175.4471,1174.0667,1169.7958,1165.2435,1169.8408,1176.1664,1170.2623,1168.6255,1165.387,1164.6532,1169.4377
1138.9729,1135.629,1135.7869,1132.508,1131.0377,1129.56,1132.1405,1131.2345,1131.5087,1130.5686,1133.8296,1132.8301,1134.0396,1134.6854
1122.8447,1117.3159,1118.8809,1117.2511,1113.8208,1114.2041,1114.028,1116.7145,1118.9601,1116.2804,1118.4718,1118.9415,1118.4873,1119.5178
1128.1779,1123.7339,1124.0159,1122.5568,1120.7412,1121.0797,1121.6615,1123.2295,1123.9882,1122.6,1123.2518,1123.8557,1123.1155,1124.3065
1087.2474,1087.7979,1089.4415,1089.4874,1089.8384,1089.0607,1086.1785,1085.302,1082.7356,1086.1577,1086.501,1083.3448,1082.1278,1082.7169
1092.0511,1092.963,1093.1526,1092.624,1093.6064,1091.9774,1087.892,1087.0116,1086.9143,1090.4843,1091.4857,1087.977,1089.9623,1090.7516
1089.4827,1091.6279,1090.7031,1089.6166,1089.8287,1089.8488,1082.9,1081.3276,1083.7084,1085.9126,1086.6829,1083.2499,1086.2528,1087.165
1114.8644,1110.6187,1110.3044,1111.4261,1109.0332,1106.4257,1103.8008,1108.0854,1113.1974,1109.5157,1103.2593,1104.7241,1103.1412,1107.0591
1112.7144,1108.8553,1107.4075,1108.8859,1104.845,1102.4778,1099.4941,1104.669,1109.385,1106.6271,1101.1428,1103.7,1101.2039,1105.2365
1119.2504,1114.0493,1112.2659,1112.2505,1106.8169,1107.1709,1107.1257,1111.3972,1115.3397,1111.4661,1109.1459,1109.5745,1107.4542,1111.8071
1068.5178,1071.6898,1071.7107,1075.4639,1072.6582,1070.7217,1069.5278,1066.077,1068.7544,1066.6771,1065.5654,1067.7936,1066.9127,1063.2627
1071.0447,1077.6906,1080.0812,1079.9587,1078.2078,1078.0258,1076.5636,1069.7513,1073.0074,1073.1686,1075.182,1071.6149,1069.9774,1070.0569
1062.8624,1064.5941,1066.8723,1070.8519,1069.1355,1066.0323,1066.466,1061.0759,1064.3503,1063.188,1065.5704,1063.8756,1060.5363,1057.7375
1064.6326,1066.7338,1069.2264,1072.1614,1070.9448,1067.2162,1066.0311,1062.1277,1061.6278,1063.4368,1068.9592,1063.7931,1060.6255,1061.17
1208.931,1198.6488,1195.1697,1201.3904,1199.3741,1195.1035,1196.8523,1202.7751,1206.871,1200.5792,1195.3047,1193.9165,1197.2865,1208.7831
1211.1259,1200.2195,1204.0626,1204.6752,1205.2983,1198.6604,1203.0702,1203.8168,1208.3574,1198.7257,1197.3156,1191.306,1196.3807,1204.1545
1189.0067,1183.0023,1184.7773,1182.7795,1180.117,1175.0363,1175.5481,1180.74,1177.906,1169.2988,1163.9347,1159.1097,1158.186,1167.4354
1201.0398,1196.8577,1201.6366,1197.47,1198.8801,1192.4789,1197.6766,1196.9293,1200.1595,1192.1111,1189.7482,1182.4763,1185.684,1191.1306
1151.8436,1149.9731,1147.6317,1146.8525,1152.2157,1154.4469,1155.7128,1151.4154,1152.6798,1150.2375,1158.0854,1157.627,1152.4229,1161.53
1159.9485,1155.1517,1151.9331,1159.0066,1160.4856,1157.3514,1157.4395,1156.6451,1159.1204,1157.3998,1162.6719,1160.4957,1157.997,1166.5221
1151.9524,1150.4922,1148.9226,1152.2971,1155.0063,1152.8914,1152.0155,1148.0188,1155.6881,1153.8232,1159.063,1155.7098,1158.4241,1160.6022
1159.2046,1153.4551,1149.831,1159.8662,1158.2208,1160.4515,1156.8534,1151.9669,1157.8436,1159.3861,1159.2373,1160.0665,1161.9523,1167.6973
1097.4371,1093.7266,1094.3452,1093.2611,1094.0499,1099.0564,1102.7533,1104.9991,1104.8506,1105.236,1104.0979,1103.6398,1105.2572,1105.2362
1088.9791,1085.4532,1079.6693,1081.3995,1082.9824,1083.8483,1085.3041,1089.6622,1090.0896,1092.9407,1091.3162,1091.938,1093.4803,1095.3492
1094.4259,1090.8057,1085.6118,1087.4132,1088.8129,1089.0741,1089.0037,1090.4376,1094.5884,1098.7941,1094.9597,1094.9045,1097.9746,1099.6799
1110.6602,1103.5499,1100.7029,1099.5303,1097.5453,1096.0728,1094.7346,1100.942,1108.1989,1105.4393,1096.5763,1097.5079,1098.3544,1097.1704
1099.3557,1093.5006,1092.0619,1092.6239,1092.151,1091.17,1087.1781,1093.2773,1101.0685,1096.6594,1087.5995,1089.5322,1090.8434,1088.8176
1105.1403,1097.8217,1095.6641,1097.2004,1096.5876,1094.3115,1091.8176,1100.369,1107.1583,1101.9575,1092.9939,1093.5778,1095.3823,1094.9543
1017.229,1016.3981,1016.37415,1015.81494,1015.7831,1017.0099,1017.15155,1018.8889,1018.4724,1015.33276,1016.2236,1017.86536,1015.6564,1013.1631
1021.6583,1021.4199,1019.9782,1021.0505,1022.59985,1022.73895,1025.2169,1021.41833,1015.7667,1015.78735,1019.1106,1015.95294,1010.90125,1014.11145
1270.5797,1273.5713,1280.6494,1273.9207,1275.4297,1276.9865,1284.2677,1288.1187,1292.5785,1285.5303,1292.7122,1286.3932,1288.5782,1286.0914
1272.7854,1278.0763,1283.0707,1273.9152,1275.1205,1278.8394,1281.9868,1286.1963,1291.3535,1288.5651,1294.2345,1286.2634,1290.0251,1289.8015
1262.3564,1264.1375,1274.0214,1263.0602,1269.6428,1274.0732,1281.4454,1279.7178,1285.3286,1277.0338,1287.5332,1276.4675,1273.6843,1272.4484
1265.2905,1271.2081,1276.541,1267.5063,1272.1282,1279.5853,1284.3313,1279.9587,1281.2867,1280.3121,1287.5061,1274.1804,1274.1459,1279.3984
9935.446,9915.805,9920.254,9945.759,9942.489,9932.38,9937.07,9913.781,9916.828,9953.935,9954.6,9937.476,9935.99,9919.836
9950.009,9946.042,9960.481,9968.78,9967.484,9957.005,9952.658,9951.754,9960.565,9975.886,9976.07,9968.297,9960.741,9961.534
9893.868,9880.774,9904.238,9916.835,9913.333,9903.326,9883.958,9879.846,9898.53,9931.359,9934.637,9915.736,9893.354,9886.626
9903.8,9907.23,9947.81,9943.295,9935.193,9925.1875,9903.207,9890.773,9938.825,9971.241,9955.595,9931.321,9926.773,9913.13
10494.043,10478.817,10465.571,10511.103,10460.116,10471.316,10475.003,10483.683,10534.659,10534.549,10476.336,10463.138,10466.023,10535.869
8560.944,8601.728,8611.506,8635.482,8633.806,8613.935,8616.13,8616.823,8616.236,8603.707,8600.471,8567.361,8572.94,8561.709
8632.792,8661.015,8656.818,8684.939,8685.526,8662.1045,8649.9375,8653.9795,8645.197,8637.42,8624.324,8605.5,8605.691,8591.2705
8572.506,8607.9,8600.685,8637.9375,8625.273,8601.335,8602.109,8587.684,8571.89,8561.623,8564.661,8535.793,8516.399,8506.661
8625.006,8632.696,8622.385,8646.794,8635.437,8616.299,8631.971,8642.293,8637.434,8614.793,8609.01,8582.362,8562.303,8528.241
9646.041,9648.832,9693.145,9705.015,9749.066,9757.918,9802.328,9812.386,9805.611,9783.379,9794.751,9755.191,9749.32,9775.228
9621.14,9618.946,9646.677,9678.048,9712.753,9681.381,9700.588,9727.935,9713.605,9679.567,9676.483,9655.8545,9687.634,9689.157
9656.069,9648.304,9681.711,9709.499,9740.716,9717.937,9737.45,9741.885,9724.186,9701.503,9702.901,9676.812,9722.14,9719.622
9824.408,9813.416,9782.493,9759.516,9770.345,9767.883,9787.077,9805.739,9819.257,9793.892,9784.678,9791.933,9764.58,9781.692
9489.594,9461.704,9424.916,9400.943,9399.375,9404.98,9428.901,9449.663,9452.595,9455.708,9446.919,9441.05,9401.873,9408.044
9448.781,9408.439,9321.845,9303.015,9340.056,9340.622,9366.818,9383.998,9384.291,9359.857,9334.093,9348.572,9347.156,9372.528
9503.445,9448.132,9399.54,9410.227,9411.959,9433.334,9451.145,9427.232,9434.4795,9432.011,9417.788,9391.699,9385.771,9377.421
8703.842,8709.569,8729.616,8764.546,8779.763,8743.228,8754.231,8730.345,8716.452,8730.021,8753.256,8732.839,8741.919,8737.83
8779.424,8796.964,8842.558,8846.994,8877.058,8876.835,8911.242,8879.889,8884.851,8889.826,8917.43,8886.327,8898.179,8897.938
8710.728,8717.957,8707.082,8704.12,8732.114,8724.422,8732.873,8716.537,8720.843,8742.979,8734.316,8715.62,8735.169,8742.964
8702.983,8739.648,8745.818,8753.63,8795.579,8842.978,8894.563,8841.132,8843.025,8878.569,8888.425,8826.595,8837.476,8851.042
8836.227,8869.831,8944.347,8860.0205,8820.874,8828.973,8865.026,8880.795,8912.519,8899.137,8909.035,8871.943,8930.411,9002.462
8792.6,8833.442,8898.541,8819.163,8824.733,8839.414,8866.314,8898.922,8923.627,8930.001,8939.847,8888.815,8929.827,8987.954
8715.023,8714.052,8780.334,8736.764,8749.603,8774.3,8816.432,8836.147,8827.4375,8832.203,8838.666,8801.055,8839.359,8900.053
8796.285,8809.05,8819.542,8789.696,8808.469,8833.145,8857.925,8896.333,8888.698,8895.458,8888.05,8878.625,8929.47,8963.307
9205.538,9134.649,9061.488,9084.073,9027.066,9038.683,9082.384,9178.37,9171.81,9140.572,9075.485,9074.588,9107.569,9089.176
9227.251,9191.763,9188.509,9173.669,9124.082,9141.188,9179.259,9244.474,9249.907,9201.996,9139.905,9150.1875,9170.853,9149.48
9116.42,9062.06,9012.652,8992.529,8965.974,8979.666,9006.499,9078.324,9088.996,9042.028,8992.432,9007.178,9047.544,9012.12
9124.697,9082.219,9110.083,9072.75,9056.323,9071.99,9106.875,9132.606,9124.239,9096.757,9086.095,9068.879,9068.626,9049.727
8799.572,8837.753,8874.108,8893.655,8874.118,8915.638,8954.157,8971.514,8965.699,8948.499,8932.245,8896.503,8879.715,8896.8
8882.669,8916.933,8933.593,8958.593,8948.289,8985.529,9001.161,8973.464,8988.029,8979.7,8956.042,8927.841,8939.759,8933.043
8786.258,8824.206,8824.21,8838.577,8849.659,8879.146,8888.935,8911.679,8916.297,8884.303,8872.314,8849.215,8853.8545,8869.965
8871.669,8900.886,8889.336,8889.206,8912.281,8939.345,8942.754,8935.09,8949.868,8936.092,8900.135,8879.164,8910.408,8916.337
8849.239,8830.142,8847.447,8862.76,8885.012,8896.986,8943.645,8941.934,8909.728,8914.412,8936.119,8903.622,8920.979,8952.214
8872.241,8854.12,8884.3,8896.991,8921.004,8929.545,8964.222,8965.4,8938.966,8947.358,8966.963,8932.916,8944.877,8970.931
8765.447,8763.507,8787.989,8817.652,8831.524,8865.025,8881.52,8883.198,8865.588,8892.402,8897.177,8860.002,8866.145,8880.354
8787.234,8775.502,8800.29,8826.522,8875.163,8882.276,8892.99,8901.237,8894.746,8914.787,8928.559,8898.019,8912.775,8901.243
5972.814,5962.3804,6035.7905,6059.941,6082.429,6063.0547,6092.0684,6050.45,6024.1313,6014.2573,6030.349,6012.62,6049.0864,6098.0513
5975.0747,5966.1685,6029.9556,6061.7017,6087.755,6075.842,6102.988,6065.556,6044.2915,6045.1235,6055.144,6037.2036,6081.4224,6127.14
5713.8438,5721.1436,5780.5317,5786.168,5822.6978,5862.2256,5824.3525,5804.0425,5808.016,5865.6064,5892.0786,5854.4326,5881.6772,5942.056
6479.868,6452.3086,6444.8354,6430.3765,6389.4424,6369.357,6321.581,6316.368,6301.3486,6282.299,6280.831,6286.8535,6290.594,6370.4663
6365.17,6316.088,6292.365,6289.6514,6241.2,6203.363,6154.5425,6170.971,6140.133,6138.2036,6169.7344,6164.328,6161.2524,6230.7397
6426.4194,6390.14,6387.0312,6385.5,6352.6294,6322.6475,6279.1963,6263.475,6223.7085,6215.1533,6235.059,6251.8545,6268.9487,6312.755
6348.397,6306.6196,6401.1406,6319.094,6326.5625,6330.068,6338.2827,6355.998,6378.1274,6331.639,6351.8735,6275.6763,6350.1133,6384.85
6348.397,6306.6196,6401.1406,6319.094,6326.5625,6330.068,6338.2827,6355.998,6378.1274,6331.639,6351.8735,6275.6763,6350.1133,6384.85
6342.804,6295.7407,6402.729,6314.9224,6322.8965,6319.0093,6335.072,6352.2886,6368.569,6321.0645,6349.3174,6271.7505,6347.424,6375.273
6342.804,6295.7407,6402.729,6314.9224,6322.8965,6319.0093,6335.072,6352.2886,6368.569,6321.0645,6349.3174,6271.7505,6347.424,6375.273
6852.3213,6876.708,6909.859,6979.0425,7001.657,7063.8066,6995.535,6933.877,6896.1245,6943.4497,7006.4453,6994.949,6934.0645,6931.039
6852.3213,6876.708,6909.859,6979.0425,7001.657,7063.8066,6995.535,6933.877,6896.1245,6943.4497,7006.4453,6994.949,6934.0645,6931.039
6835.751,6850.3633,6844.5503,6933.2266,6952.971,7024.1743,6953.6553,6902.538,6859.898,6920.2773,6986.2583,6965.8193,6921.2515,6899.4565
6835.751,6850.3633,6844.5503,6933.2266,6952.971,7024.1743,6953.6553,6902.538,6859.898,6920.2773,6986.2583,6965.8193,6921.2515,6899.4565
6859.0044,6847.5903,6912.1484,6970.386,6939.291,6907.1543,6911.886,6883.423,6914.9873,6894.5083,6929.6284,6895.0693,6925.771,6992.098
6860.1567,6870.335,6923.9526,6965.3276,6928.839,6923.0264,6952.0474,6927.4233,6949.103,6927.91,6974.015,6953.448,6973.14,7028.279
6697.4316,6674.5317,6862.1875,6836.3804,6792.9863,6706.9863,6792.124,6752.6357,6775.551,6736.1333,6876.449,6820.8086,6849.7163,6889.8867
6755.1953,6731.2393,6918.2026,6867.654,6825.195,6777.426,6867.779,6858.7046,6886.598,6815.91,6935.5093,6872.011,6881.8447,6948.735
8135.4,8109.004,8110.378,8086.6025,8055.858,8047.9727,8110.9883,8120.565,8151.8037,8082.372,8055.587,8043.2676,8065.1235,8100.739
8132.5522,8124.269,8098.0127,8098.718,8064.3696,8080.7075,8168.6484,8169.9146,8215.389,8185.919,8125.781,8122.507,8153.8022,8226.038
8121.2915,8105.98,8105.7363,8116.118,8088.049,8116.0547,8144.0376,8155.336,8204.871,8169.462,8118.6724,8123.592,8124.399,8155.6465
7790.396,7763.346,7754.2886,7755.309,7716.7993,7700.576,7725.2793,7730.647,7750.655,7734.109,7733.552,7676.132,7672.213,7744.358
7805.01,7799.6177,7786.626,7789.446,7755.635,7758.19,7784.167,7778.7744,7789.4023,7788.379,7766.9917,7723.5664,7725.554,7793.7993
7755.062,7735.2153,7729.9087,7731.707,7690.6465,7699.8105,7705.883,7709.2856,7706.351,7708.256,7689.8853,7652.138,7641.782,7705.435
7779.257,7763.774,7755.971,7750.1123,7734.1133,7753.511,7748.6514,7741.6475,7739.7188,7733.5845,7695.641,7687.8994,7685.0044,7737.426
7655.4634,7690.592,7655.623,7698.478,7754.9937,7777.7515,7761.4497,7730.1553,7777.6577,7755.804,7754.315,7734.2207,7716.6416,7781.832
7723.3633,7736.925,7700.775,7748.8945,7803.13,7799.742,7781.6807,7788.2837,7871.206,7858.896,7823.5356,7825.5737,7795.502,7858.6885
7619.9355,7641.712,7628.072,7655.653,7704.973,7723.3594,7679.162,7671.849,7754.7725,7738.0405,7722.7075,7710.9067,7674.4106,7741.1367
7755.1562,7740.105,7710.619,7781.4683,7829.2593,7860.605,7855.9453,7843.9136,7921.4717,7924.8105,7911.2524,7937.238,7883.937,7962.422
6885.9565,6898.8013,6930.867,6976.4243,6977.44,7000.812,6972.3853,7004.3853,6984.258,6992.665,6993.904,6982.8794,6958.748,6966.4795
6878.136,6890.1074,6947.2676,6987.2603,6989.2188,6983.381,6932.7915,6971.9497,6934.991,6951.431,6993.0557,6952.809,6905.2314,6925.7363
6853.895,6856.299,6872.53,6919.019,6951.9087,6953.957,6927.5835,6920.715,6897.534,6898.8726,6940.8,6900.9517,6877.783,6905.59
6849.835,6845.5605,6870.3584,6906.505,6941.092,6897.143,6870.183,6883.5664,6863.954,6865.7495,6946.171,6866.134,6818.9795,6850.7217
7210.619,7169.111,7150.66,7147.7407,7118.306,7088.346,7083.017,7127.54,7161.9165,7170.92,7168.5015,7167.184,7136.729,7111.885
7226.283,7193.6323,7187.4653,7174.1167,7141.3438,7114.074,7125.0347,7163.256,7188.3223,7187.702,7189.1895,7167.6772,7148.955,7139.7583
7181.849,7145.3623,7121.639,7117.87,7089.7524,7058.2666,7061.906,7109.2065,7128.029,7126.256,7117.423,7110.928,7088.2134,7083.41
7190.407,7176.355,7167.678,7141.6553,7105.2915,7083.7725,7104.776,7148.7744,7169.22,7167.447,7172.4897,7146.3857,7115.7363,7114.518
6014.595,6027.6016,5967.788,6023.507,6041.245,6040.7466,6018.241,6008.2476,5982.0747,5988.1646,6041.484,5950.3193,5954.8247,6008.8003
6003.432,6063.5215,6083.154,6138.4624,6141.343,6187.0137,6180.3643,6149.5913,6142.738,6121.198,6141.277,6134.1846,6154.638,6221.6772
6008.0874,6036.5864,6020.8857,6065.5977,6064.501,6079.923,6068.422,6040.693,6028.384,6011.221,6060.2812,5997.6045,6046.8545,6098.0586
7159.8,7129.759,7118.077,7097.7827,7078.048,7081.2637,7066.699,7091.195,7098.345,7084.751,7082.955,7098.4766,7106.332,7104.564
7187.241,7151.528,7137.539,7117.908,7102.032,7103.7476,7100.2944,7124.569,7123.97,7109.928,7109.23,7123.959,7128.5005,7131.2114
7137.837,7105.7866,7093.3745,7080.419,7063.108,7064.2017,7052.4067,7077.7266,7078.7017,7060.476,7060.814,7080.414,7087.8345,7091.2427
7147.401,7113.157,7105.083,7087.4307,7077.1426,7074.6714,7071.291,7095.1074,7092.4976,7079.461,7088.5786,7100.813,7110.8945,7115.292
8360.0205,8364.113,8367.51,8302.078,8314.538,8315.676,8321.027,8338.836,8372.926,8406.691,8402.44,8342.444,8371.408,8363.259
7433.9805,7450.726,7462.5894,7364.885,7378.0254,7383.4995,7394.9272,7436.975,7479.791,7529.197,7528.362,7431.7363,7468.9707,7457.7617
7450.1562,7438.803,7448.0522,7394.2866,7410.218,7405.8345,7371.045,7412.3076,7460.629,7506.59,7533.309,7461.54,7440.002,7414.631
7412.027,7428.308,7407.3325,7334.1353,7348.334,7354.466,7334.891,7396.245,7438.2104,7472.8574,7467.5366,7405.8125,7405.5894,7405.445
7482.2993,7474.267,7421.901,7408.0073,7441.9507,7436.245,7441.966,7499.326,7528.442,7536.3354,7543.711,7487.1484,7472.105,7477.383
7833.762,7826.5723,7801.48,7797.8154,7803.8354,7891.931,7826.7935,7814.7173,7874.66,7824.913,7774.8164,7787.321,7770.9243,7836.752
7844.544,7786.3926,7809.226,7767.2324,7807.7554,7833.4736,7779.802,7764.4243,7849.9336,7764.081,7761.6963,7731.0415,7718.342,7756.533
7749.3633,7697.465,7707.2925,7676.0747,7698.8857,7719.1646,7645.046,7650.1694,7712.794,7644.3145,7619.8213,7603.1743,7612.3,7653.6304
7809.084,7732.0327,7764.5854,7727.5864,7772.75,7763.427,7684.732,7680.769,7747.044,7663.0254,7677.7236,7646.2026,7654.4385,7690.753
7095.784,7181.021,7230.5957,7152.201,7033.536,7124.319,6998.1714,7037.7876,7032.725,7047.2666,7035.531,6942.4067,6959.2075,7027.548
7443.8228,7446.6587,7470.9004,7481.3765,7471.4185,7465.675,7507.6865,7533.823,7505.4404,7456.5054,7493.264,7494.5845,7560.426,7593.6807
6740.0913,6643.7,6712.198,6640.529,6563.319,6525.4355,6485.2505,6524.8506,6548.5254,6492.483,6509.0728,6468.1987,6499.698,6534.042
6690.845,6592.1055,6649.4893,6581.6714,6530.563,6506.0903,6488.3223,6506.5044,6531.0176,6466.734,6461.793,6433.559,6472.1436,6509.731
6691.877,6618.286,6669.2075,6600.8936,6537.896,6507.474,6499.175,6521.8076,6535.9478,6468.2397,6486.9346,6468.357,6497.2603,6542.381
6340.244,6251.2056,6318.9854,6186.567,6131.801,6171.1255,6125.6216,6148.3354,6177.256,6066.828,6006.328,6001.2915,6015.319,6037.7773
6379.0884,6302.283,6310.148,6190.014,6078.7036,6067.0264,5997.034,6058.4043,6050.9995,5957.655,5899.422,5922.126,5955.105,5974.114
6271.564,6189.1255,6216.644,6120.3887,6045.8325,6057.174,5985.098,6040.1777,6034.9375,5934.882,5866.315,5876.8696,5905.8896,5941.6455
6379.2856,6326.789,6313.233,6243.4565,6153.235,6133.2363,6030.6196,6099.503,6067.4004,5968.418,5879.4526,5909.101,5949.1465,5997.6064
7999.0767,7985.1094,7865.5283,7792.9453,7751.0425,7761.9604,7811.2954,7868.1436,7949.6074,7987.6978,7983.938,7991.4414,8013.676,7997.6357
7123.2524,7139.6753,7177.932,7199.8193,7177.2456,7157.057,7136.458,7134.7925,7153.4014,7157.6226,7188.6646,7171.624,7199.803,7200.008
7338.0234,7256.5547,7255.192,7230.034,7164.0044,7129.342,7087.221,7154.774,7138.208,7131.5396,7188.0864,7250.341,7255.852,7288.639
3190.7295,3181.6897,3217.3318,3273.8428,3314.5137,3256.0542,3371.7659,3327.0303,3536.912,3488.8794,3547.519,3506.4592,3563.1775,3608.192
3092.1655,3070.546,3136.419,3170.233,3207.2192,3179.671,3265.7346,3201.6226,3367.0942,3352.2979,3400.9067,3389.0537,3429.1797,3467.6147
8337.135,8339.881,8354.092,8386.73,8450.682,8475.795,8517.336,8471.302,8472.91,8473.746,8455.465,8409.365,8422.261,8421.61
8272.6875,8276.316,8257.094,8300.82,8352.82,8377.391,8434.549,8426.122,8427.817,8429.138,8398.576,8349.305,8359.506,8372.51
8326.599,8320.048,8343.796,8381.081,8439.593,8442.509,8487.125,8438.829,8445.572,8436.234,8405.285,8371.252,8395.107,8408.435
7582.439,7595.802,7623.2354,7656.3535,7729.9463,7751.763,7810.996,7791.7505,7779.353,7768.7803,7777.7866,7717.639,7732.758,7740.482
7640.221,7637.522,7688.6055,7728.6836,7827.1567,7835.523,7881.196,7822.5586,7826.2373,7817.466,7811.2046,7749.4165,7774.1724,7757.2085
7533.2285,7539.532,7544.0293,7599.7085,7664.3696,7681.966,7748.6016,7747.342,7746.3247,7756.7104,7723.3213,7669.002,7676.732,7683.965
7622.289,7606.4097,7644.9136,7701.898,7785.7886,7770.123,7824.4043,7780.497,7790.0225,7779.5522,7747.502,7703.964,7735.9263,7730.2686
7041.2666,7002.562,7078.4917,7020.971,7023.8574,6995.7,6996.2017,7033.963,7035.7007,7045.3726,7105.332,7078.665,7116.969,7164.1074
6950.1987,6917.9795,6988.113,6924.8438,6917.566,6906.487,6919.781,6955.9644,6958.0947,6973.6406,7031.412,6998.1143,7028.836,7085.553
6997.615,6948.755,7012.7886,6948.0903,6958.9434,6939.866,6963.5796,7006.2764,7012.6333,7014.116,7073.253,7038.2207,7090.3477,7138.2812
1335.2931,1316.9532,1321.7616,1349.3406,1361.9479,1362.4326,1368.3998,1347.3057,1370.7156,1379.6213,1391.0568,1383.648,1388.5247,1403.3533
1072.6018,1070.8773,1069.6041,1071.5662,1072.666,1068.5427,1069.7745,1070.3467,1072.1838,1069.0577,1071.7289,1073.5009,1073.3164,1075.1107
1080.9305,1078.7612,1078.372,1078.3698,1080.615,1076.217,1078.2112,1076.932,1079.8947,1076.1807,1081.2142,1080.804,1083.6985,1082.5386
1067.3966,1065.2207,1061.7557,1063.1755,1065.7057,1058.513,1059.4569,1058.7811,1063.7806,1060.9001,1065.7891,1065.0751,1066.3064,1065.269
1074.6558,1072.6102,1071.7848,1072.6726,1073.7727,1066.1746,1067.8298,1066.4835,1071.2323,1069.319,1075.6692,1073.6925,1074.5691,1072.1543
9948.778,9915.596,9974.844,9942.027,9907.898,9945.242,9975.776,10017.766,10044.411,9991.386,9994.415,9944.568,10034.491,10036.89
6500.809,6431.535,6519.5483,6552.1333,6626.992,6630.082,6677.143,6694.457,6645.156,6540.6377,6620.6963,6593.585,6577.931,6602.8516
6392.718,6363.097,6458.857,6496.384,6522.6523,6540.8516,6573.925,6612.418,6554.817,6513.598,6563.988,6543.155,6519.239,6538.7573
6402.581,6356.252,6486.0117,6549.4272,6581.5513,6596.796,6626.268,6652.3906,6577.6924,6534.991,6602.4624,6570.9443,6548.9106,6555.001
6550.3076,6548.7036,6527.067,6516.6543,6532.535,6514.7935,6526.883,6504.703,6526.765,6544.677,6550.7627,6514.8047,6514.257,6522.1226
6512.5283,6483.435,6456.0312,6433.678,6454.4995,6416.8794,6410.14,6407.142,6448.0327,6465.4785,6474.2656,6451.9004,6451.16,6437.6333
6507.9478,6500.473,6508.422,6487.6797,6508.0435,6494.39,6492.5317,6470.6846,6500.3496,6501.116,6513.319,6487.58,6482.7456,6484.716
6784.917,6810.742,6858.41,6847.1826,6853.8555,6834.585,6833.64,6864.2524,6872.9707,6840.0327,6860.0356,6846.387,6868.529,6881.536
9292.995,9246.702,9249.832,9228.207,9207.181,9194.216,9171.337,9173.401,9164.928,9138.077,9125.5625,9096.812,9083.411,9131.07
9229.044,9180.298,9195.171,9176.15,9135.768,9131.381,9098.044,9131.829,9144.682,9110.632,9091.028,9078.8125,9057.588,9090.74
9248.358,9188.545,9209.862,9178.774,9132.041,9122.194,9122.952,9136.014,9136.138,9098.115,9085.561,9051.117,9038.6,9082.103
1102.2941,1098.7311,1098.3232,1098.5117,1099.0243,1097.4724,1100.5531,1101.803,1102.0271,1099.6647,1105.1223,1104.9843,1105.9329,1106.3279
4584.2363,4570.7505,4532.659,4537.7993,4541.221,4531.5522,4553.529,4582.9727,4591.7295,4577.585,4573.0435,4571.4106,4547.479,4542.08
1682.167,1678.2207,1694.3225,1692.7086,1686.4197,1688.2618,1697.2268,1707.3531,1710.7743,1707.3103,1712.2858,1705.2561,1711.8086,1706.5956
1219.5625,1221.798,1229.7725,1241.8389,1246.0138,1242.6176,1248.2399,1257.2358,1259.2454,1254.8597,1259.6647,1255.6569,1254.629,1252.6188
4451.068,4468.62,4510.192,4523.0586,4545.734,4560.134,4607.286,4655.437,4604.442,4590.1694,4651.093,4606.924,4595.164,4594.387
1550.4108,1545.5162,1560.5386,1557.6818,1554.9218,1544.8937,1541.7054,1550.0359,1554.0955,1553.2732,1563.6492,1558.2948,1558.0457,1560.2816
1590.0487,1583.4027,1601.9244,1598.8083,1595.3735,1583.1469,1580.5621,1591.633,1597.3661,1596.2773,1608.8307,1602.4557,1601.5701,1603.5292
1128.6794,1133.5979,1136.039,1140.4905,1143.1106,1158.9502,1151.4203,1152.128,1169.0228,1157.6482,1149.8254,1165.7142,1163.7798,1160.9185
4464.285,4456.0513,4459.7886,4465.9756,4469.1045,4454.0757,4441.5938,4433.4004,4434.6646,4432.172,4437.085,4429.0684,4436.4204,4451.5894
1561.582,1562.8162,1554.7428,1560.0928,1561.2197,1565.7521,1576.7783,1575.1888,1566.4303,1570.3575,1570.2515,1565.966,1569.9103,1579.3948
1599.2866,1599.8646,1591.5454,1596.9011,1599.3394,1604.4454,1616.2731,1614.858,1605.301,1609.968,1609.6381,1605.3823,1610.5725,1621.0104
1098.245,1093.5011,1095.7941,1100.58,1101.8944,1107.322,1106.4601,1102.9553,1122.1582,1115.0255,1107.6831,1122.8436,1127.1213,1131.8871
1567.2345,1564.3026,1570.7924,1573.1941,1566.6748,1563.309,1560.8081,1552.1255,1555.4103,1556.2146,1559.8883,1553.673,1556.7356,1556.6609
1599.0795,1596.334,1603.7076,1607.0105,1600.3524,1596.3206,1595.6154,1585.3024,1591.8334,1592.8269,1596.5328,1590.6063,1593.2938,1590.2378
4307.9087,4323.3696,4361.447,4344.0127,4339.0347,4353.518,4373.5713,4354.541,4346.379,4338.008,4394.418,4385.5024,4356.122,4360.364
1633.8816,1623.8981,1623.8878,1621.7473,1624.6483,1626.4082,1629.2238,1627.6007,1628.0697,1618.8895,1615.5265,1612.4589,1619.043,1622.163
1685.2963,1675.691,1675.674,1674.1604,1679.3306,1681.575,1685.5803,1683.0983,1684.3254,1676.0823,1672.9407,1669.3474,1676.2993,1679.1327
1136.7075,1130.2467,1130.2329,1136.8333,1140.0769,1130.5789,1125.5094,1123.4128,1129.0085,1125.1774,1122.9669,1120.7479,1117.6119,1123.8289
4615.731,4572.905,4517.13,4468.3623,4446.088,4430.8926,4458.8604,4493.8228,4555.862,4588.371,4565.021,4550.281,4538.168,4491.23
1648.034,1645.5118,1637.3116,1640.8826,1641.1198,1643.4121,1644.3019,1646.9221,1648.4288,1649.8126,1643.7549,1648.1152,1651.5634,1648.1296
1729.2975,1726.2311,1716.7075,1720.8159,1720.8932,1724.061,1725.0317,1727.2424,1729.4032,1730.9569,1722.7793,1726.8663,1731.5851,1727.3881
1065.9812,1065.8774,1067.6818,1067.2992,1059.8322,1064.668,1066.1422,1066.6752,1060.7423,1067.6652,1072.3572,1074.5977,1071.0801,1079.1508
4899.3716,4876.027,4879.238,4853.293,4840.3306,4852.0186,4872.696,4879.5645,4898.7866,4895.408,4897.8994,4895.5947,4889.1943,4877.634
1253.918,1245.7146,1245.8024,1243.9225,1242.2145,1241.0038,1244.6382,1244.6932,1244.4612,1242.6254,1238.4941,1232.8337,1235.3505,1241.0645
4998.313,4987.5664,5061.5356,5026.522,5040.0405,5020.52,5025.863,5045.934,5041.0986,5045.354,5091.553,5031.747,5057.9043,5063.0728
4808.52,4797.7783,4765.1353,4798.3027,4828.7534,4801.5938,4822.684,4845.715,4844.049,4810.6465,4807.849,4782.103,4746.746,4787.2476
5078.632,5070.823,5071.3315,5047.948,5028.3003,5032.3164,5000.66,5034.674,5047.9414,5032.3286,5035.2036,5035.5005,4992.8145,5017.556
8924.018,8915.039,8990.915,9087.079,9083.189,9050.25,9042.912,9046.163,9007.558,8997.279,9046.322,9045.344,9020.944,9093.032
6460.8687,6430.3716,6493.104,6471.062,6455.3525,6453.79,6498.961,6517.909,6581.812,6516.449,6559.02,6559.9824,6644.746,6638.134
8316.357,8344.742,8413.633,8397.865,8502.882,8558.958,8644.009,8777.992,8666.474,8676.981,8597.16,8570.299,8610.669,8778.503
11237.908,11170.59,11255.863,11242.025,11253.5,11390.565,11454.086,11446.595,11592.982,11606.945,11565.37,11548.456,11644.102,11519.089
495.90442,489.16068,486.81595,490.56296,491.6236,489.5731,485.0521,485.34714,487.19623,486.67084,489.09485,489.63998,489.02478,493.9715
484.3941,477.80475,475.51352,479.1732,480.21088,478.20718,473.7932,474.08316,475.88568,475.3681,477.73798,478.27426,477.673,482.5031
5154.4624,5144.54,5164.1177,5143.6465,5138.7207,5131.71,5153.2896,5164.7256,5158.083,5193.3193,5193.5327,5082.1216,5092.774,5138.7812
1079.0806,1085.2178,1087.3075,1098.1735,1098.1351,1103.8884,1094.235,1077.9082,1103.5864,1115.3257,1108.3816,1125.3999,1119.3556,1134.1741
2588.1514,2562.913,2576.7507,2569.613,2556.8047,2547.637,2531.948,2528.3252,2516.9277,2507.0266,2514.218,2495.0432,2495.166,2508.4646
1658.7178,1647.8472,1649.484,1646.9302,1641.7164,1639.3055,1636.2155,1645.0299,1651.6802,1646.687,1644.3268,1643.1478,1636.3214,1642.7798
3441.2053,3426.7515,3428.0461,3425.13,3417.1272,3416.9163,3402.908,3415.7153,3416.49,3406.1892,3396.8154,3402.031,3403.0164,3405.3784
1063.3306,1018.68195,1032.4998,998.9547,1008.4659,1006.14557,1011.89734,1007.5455,999.969,990.5479,1029.8824,966.88806,985.13745,992.3791
3029.3171,3023.2722,3019.6047,3017.659,3018.754,3011.8303,3004.3523,3011.0767,3010.5032,3017.4084,3019.3643,3011.5073,3021.1357,3004.3228
11252.359,11259.045,11273.874,11286.502,11285.836,11282.066,11306.748,11310.6045,11312.748,11305.008,11301.996,11281.396,11297.531,11343.527
9681.044,9693.172,9693.971,9715.044,9746.672,9743.451,9791.351,9818.417,9810.002,9837.86,9849.982,9815.39,9835.899,9888.038
11028.207,11038.436,11041.948,11065.604,11099.87,11097.804,11150.323,11178.393,11171.387,11198.987,11216.91,11183.314,11202.509,11255.544
13837.64,13786.228,13857.576,13828.115,13836.687,13885.999,13958.098,13967.676,13969.697,13959.814,13921.147,13832.826,13865.212,13826.756
9323.259,9328.817,9341.098,9351.549,9351.009,9347.892,9368.337,9371.492,9373.281,9366.873,9364.353,9347.283,9360.682,9398.79
8022.4736,8032.51,8033.231,8050.668,8076.8364,8074.1826,8113.8794,8136.2583,8129.336,8152.4404,8162.4844,8133.78,8150.817,8193.964
11894.778,11929.806,11972.867,11959.322,11902.88,11878.54,11934.995,12036.881,11968.164,11935.611,11923.179,11819.842,11838.831,11946.45
5635.639,5649.0903,5603.588,5619.994,5684.8237,5689.295,5708.1587,5715.8945,5733.766,5710.389,5739.665,5741.9536,5755.974,5744.29
9199.871,9200.031,9197.104,9196.903,9179.57,9177.078,9189.639,9193.995,9205.421,9198.293,9197.668,9183.686,9194.517,9214.472
11197.1455,11206.466,11211.701,11225.813,11193.82,11155.51,11082.71,10989.335,10966.638,10898.061,10940.802,10957.982,11083.002,11203.523
10360.773,10365.872,10521.069,10585.446,10592.249,10559.255,10580.344,10548.324,10493.145,10468.548,10554.289,10543.696,10565.457,10639.272
11690.972,11688.008,11673.335,11669.454,11606.365,11610.159,11620.097,11679.628,11647.193,11615.458,11618.9,11547.393,11568.743,11714.74
9490.908,9489.005,9477.186,9474.388,9423.266,9425.959,9433.994,9482.575,9455.779,9430.52,9433.578,9375.902,9393.15,9511.462
8106.6025,8080.3086,8128.1304,8118.1797,8104.832,8078.282,8115.4966,8154.7847,8132.8857,8118.493,8173.0054,8159.922,8177.9355,8205.364
5736.7324,5728.643,5727.0117,5731.4907,5772.62,5763.39,5721.016,5714.9624,5796.5757,5808.6357,5818.5156,5832.256,5818.349,5852.5723
8681.252,8689.392,8692.421,8711.094,8738.455,8736.174,8778.955,8802.102,8796.487,8819.098,8832.986,8805.833,8821.074,8863.367
6378.694,6247.1147,6367.122,6284.1333,6319.034,6134.6514,6103.267,6348.758,6493.4707,6427.9297,6519.9497,6284.946,6296.641,6261.9287
10089.485,10125.896,10120.515,10080.668,10091.185,10116.375,10136.896,10134.687,10098.711,10064.899,10061.814,10046.955,10100.463,10156.473
8983.053,8942.279,8926.245,8960.907,8980.829,8987.34,8970.756,8903.96,8883.804,8926.217,8894.657,8921.024,8979.534,8999.618
11870.911,11832.644,11966.721,11944.972,11832.233,11770.593,11788.866,11704.669,11658.926,11705.409,11741.411,11590.263,11676.326,11718.79
12426.9,12471.485,12464.178,12415.597,12428.1045,12459.016,12484.654,12482.285,12437.956,12396.88,12393.926,12375.595,12440.697,12509.341
11428.509,11433.6,11447.207,11458.013,11456.459,11453.996,11478.201,11481.999,11484.948,11476.788,11474.279,11454.443,11469.317,11514.99
11921.59,11919.105,11915.529,11915.616,11891.999,11887.939,11905.234,11910.456,11927.115,11915.982,11914.641,11897.006,11910.026,11935.144
6908.1504,6850.5596,6939.138,6892.0024,6840.6777,6828.8535,6797.1177,6795.429,6874.6763,6814.074,6790.6045,6771.7896,6769.3667,6789.9585
6919.1177,6910.21,6941.7803,7017.5986,6988.2734,6981.637,7008.343,7024.3555,7104.915,7067.507,7034.211,7021.9814,7002.582,7129.9297
8871.083,8860.49,8825.755,8846.143,8773.162,8826.424,8759.739,8751.638,8739.383,8760.973,8784.84,8792.121,8691.7295,8743.011
4965.354,4956.975,4980.436,4988.4126,4967.0,4950.5933,4961.9985,4958.606,4955.948,4964.9463,4969.6636,4950.244,4956.9517,4946.816
6372.634,6348.0605,6353.6343,6433.71,6411.15,6382.9326,6416.8916,6416.4385,6450.226,6452.8306,6420.2236,6413.522,6406.4253,6465.0327
7768.16,7728.6787,7732.225,7753.547,7719.7207,7704.0103,7694.27,7721.7607,7756.128,7754.4014,7717.7607,7728.185,7700.6504,7720.591
8024.0254,8008.804,8052.92,8123.0273,8128.5386,8132.979,8155.2827,8142.1143,8234.524,8214.755,8219.292,8254.57,8224.725,8305.806
8029.753,8023.3804,8072.5566,8158.589,8131.6953,8131.5195,8195.444,8186.7695,8317.236,8291.069,8293.815,8307.199,8274.873,8395.532
9757.88,9740.915,9758.155,9880.8125,9833.23,9803.849,9867.456,9880.025,9920.124,9927.062,9884.587,9885.069,9863.808,9976.321
4375.374,4378.5522,4404.7246,4424.464,4455.408,4473.5425,4525.759,4521.937,4510.3706,4510.115,4504.5146,4470.1484,4469.0503,4476.9453
7591.0,7583.1714,7620.8994,7706.1123,7675.626,7666.8945,7700.8594,7717.336,7810.3374,7770.3706,7735.11,7724.1377,7703.21,7844.8916
8077.744,8049.304,8081.237,8130.1533,8109.9688,8063.8013,8065.0654,8094.512,8210.956,8193.869,8140.589,8121.0215,8098.928,8180.0986
7313.8257,7297.546,7335.3784,7397.438,7402.153,7404.601,7422.296,7412.795,7494.865,7475.613,7477.0205,7509.479,7480.8936,7553.5664
6606.41,6599.904,6635.878,6650.863,6648.882,6617.2905,6621.429,6654.2974,6686.6655,6632.3916,6633.79,6645.38,6669.5557,6633.1987
6767.9014,6751.404,6746.747,6742.9785,6731.0137,6731.006,6713.8296,6712.173,6727.5386,6730.2163,6724.8335,6724.295,6719.0596,6730.484
8021.818,8006.6045,8050.783,8120.8916,8126.3604,8130.74,8153.098,8139.9746,8232.369,8212.548,8217.126,8252.382,8222.553,8303.644
6976.9194,6960.296,6969.9478,6961.4697,6952.5723,6956.721,6981.829,6987.408,7000.8735,6992.335,6992.516,6982.519,6981.638,6969.9844
7439.7886,7432.419,7413.488,7389.134,7377.417,7383.3643,7411.255,7439.0854,7459.4146,7434.73,7433.741,7427.2344,7431.5117,7414.3276
9584.018,9581.072,9645.537,9740.045,9688.475,9683.69,9724.03,9761.353,9868.65,9816.075,9770.506,9761.52,9725.926,9915.782
8627.1875,8620.628,8676.607,8759.941,8712.236,8707.39,8737.404,8772.976,8865.507,8817.424,8775.47,8765.686,8732.399,8898.857
6000.24,5977.421,5983.324,5997.7817,5992.5205,5962.517,5943.9614,5968.2446,5979.5156,5958.4546,5974.072,5987.859,5959.319,5943.857
9780.27,9803.321,9870.694,9964.83,9899.413,9927.084,10018.987,10019.867,10159.065,10120.041,10132.717,10159.031,10118.489,10297.195
1035.0465,1034.8777,1032.9474,1035.7177,1030.1812,1026.3575,1024.4313,1036.0881,1040.3577,1034.702,1024.0621,1025.2109,1022.568,1028.1208
7980.3335,7972.4995,7989.968,7996.942,7992.561,7984.9014,7995.899,7992.0044,8010.6113,8027.358,8043.0864,8033.9106,8021.3286,8016.9204
10173.081,10181.476,10238.624,10316.194,10300.903,10328.279,10362.527,10359.111,10456.206,10427.44,10432.375,10490.481,10450.0,10579.037
8376.066,8354.591,8394.392,8436.402,8401.709,8363.79,8362.516,8408.98,8515.205,8492.677,8437.641,8423.063,8394.435,8491.508
1204.0181,1196.96,1197.8787,1191.7021,1186.1251,1184.3119,1191.3693,1190.4895,1186.9147,1178.4559,1174.1378,1169.0983,1172.92,1176.6656
880.56287,882.0978,888.107,896.1867,890.56793,892.6736,900.2784,900.7738,912.9791,909.31,909.97504,912.2659,908.36816,923.86414
2715.4219,2713.2498,2718.4587,2720.8123,2720.7095,2715.85,2727.3623,2735.0598,2741.3674,2732.4014,2728.7332,2727.932,2720.1282,2721.8662
1432.7291,1431.7126,1434.4482,1435.9066,1435.8522,1433.7142,1440.2065,1444.306,1447.8745,1443.0487,1441.3136,1441.0018,1436.455,1437.634
3838.2244,3875.7017,3907.8835,3884.683,3815.6394,3866.0276,3870.1055,3864.5942,3871.5066,3890.9956,3878.2666,3893.7874,3915.534,3907.0127
942.5998,942.28674,937.5769,944.98773,948.12006,949.49945,959.4137,958.1581,949.73676,948.3214,951.6874,945.58984,938.56433,945.8556
1167.5151,1166.8857,1166.8698,1170.7552,1176.8634,1176.613,1191.214,1195.17,1195.8204,1197.9666,1197.9437,1189.4706,1186.0876,1187.2916
945.88275,945.9245,950.55945,950.1112,953.2023,953.0662,958.97,955.3473,954.7538,954.3748,960.602,959.9018,962.3824,963.1715
1000.6254,1001.13184,999.3966,1004.85114,1009.3006,1010.3623,1020.63354,1022.3286,1016.6396,1011.99884,1015.7121,1008.05396,1001.25916,1007.23956
6935.8857,6963.0137,7271.0195,7455.0396,7409.7515,7398.6313,7379.9453,7573.1357,7409.155,7253.5938,7247.1455,7251.2666,7252.888,7382.5513
10877.363,10879.594,10805.079,10880.462,10909.908,10916.891,11026.193,11029.69,10949.734,10924.848,10953.609,10896.352,10823.5205,10906.6045
707.38385,701.7805,703.5337,699.6914,693.031,691.23,669.8466,667.0935,646.2534,655.1442,667.24744,663.4973,662.8165,683.258
1069.5791,1064.1215,1067.7565,1076.407,1083.5233,1084.5044,1105.979,1119.4404,1115.4596,1111.0851,1120.0588,1107.3275,1099.8269,1099.6024
10098.5,10073.418,10017.013,10097.767,10204.298,10211.061,10346.167,10355.859,10310.341,10326.704,10372.084,10262.293,10211.157,10258.85
6822.158,6764.382,6905.6396,6810.5444,6789.728,6810.5117,6931.307,6927.1216,7067.312,6966.4736,6943.7417,6880.8125,6924.661,7081.6025
14980.032,14966.842,14930.746,14952.204,14965.118,14875.865,14815.073,14893.303,14944.143,14852.757,14837.42,14919.389,14946.502,15031.313
15293.983,15276.946,15244.799,15268.409,15276.601,15182.711,15117.309,15199.382,15251.619,15158.179,15140.224,15222.669,15246.691,15333.909
16703.025,16637.791,16705.924,16598.89,16506.291,16414.488,16360.957,16573.176,16643.43,16481.984,16466.438,16456.57,16427.455,16636.684
15555.39,15546.098,15516.809,15505.701,15517.366,15435.778,15389.946,15476.759,15544.411,15443.934,15465.883,15553.3955,15584.818,15682.17
13195.956,13206.676,13162.269,13146.685,13167.24,13112.185,13092.499,13162.069,13196.255,13112.229,13139.396,13212.432,13255.342,13315.59
9513.733,9506.81,9521.659,9501.649,9497.388,9518.773,9530.039,9547.178,9568.665,9572.611,9527.395,9499.341,9509.298,9506.518
16378.991,16317.905,16381.475,16277.322,16186.338,16096.528,16044.66,16250.804,16315.76,16160.527,16145.301,16136.199,16109.447,16312.198
12499.757,12505.325,12449.662,12450.055,12487.966,12431.14,12398.428,12455.433,12487.187,12407.836,12409.847,12487.338,12529.807,12588.2
1777.7322,1773.3109,1769.6848,1760.1606,1765.2826,1758.806,1747.4141,1755.4757,1754.4042,1745.6842,1748.5897,1751.6659,1756.106,1762.6168
16287.903,16265.199,16292.658,16285.098,16283.803,16274.198,16299.02,16331.707,16337.02,16281.848,16254.608,16279.941,16287.583,16205.434
13879.438,13843.203,13863.986,13790.286,13712.375,13639.622,13590.653,13755.967,13789.726,13677.044,13659.788,13653.709,13642.235,13788.807
1593.9265,1583.3618,1585.6504,1572.512,1561.892,1554.869,1554.4673,1576.6777,1588.6936,1578.6733,1572.0964,1570.1167,1563.804,1564.2277
16601.441,16577.766,16601.092,16594.492,16593.992,16586.332,16611.889,16646.635,16652.492,16597.008,16568.646,16599.734,16602.639,16519.275
4873.2554,4875.4336,4890.1577,4835.866,4847.9536,4819.981,4856.978,4865.658,4870.5083,4844.0283,4866.942,4873.954,4928.5425,4924.059
13521.089,13438.107,13443.002,13363.972,13297.959,13241.201,13247.415,13419.345,13511.614,13435.199,13378.59,13354.018,13305.558,13311.912
1743.5657,1739.3932,1735.6781,1726.3728,1731.2618,1725.3005,1714.0427,1721.5621,1720.236,1712.0089,1714.7262,1717.7043,1722.0046,1728.4323
1625.1838,1614.2499,1616.8469,1603.1119,1592.0785,1584.8048,1584.2128,1607.0668,1619.3801,1609.0419,1602.4158,1600.5115,1594.0382,1594.535
5584.5503,5565.5073,5608.9873,5629.1523,5624.4097,5619.4736,5647.6475,5646.419,5670.3784,5651.4043,5663.9785,5655.385,5672.9346,5657.173
1408.8724,1401.7087,1405.719,1403.463,1399.5505,1400.5958,1405.9027,1401.4781,1403.1805,1403.7711,1405.403,1406.2837,1412.3116,1411.3525
17020.756,16948.58,16952.139,16854.307,16807.79,16723.342,16725.951,16936.75,17058.127,16915.455,16920.684,16931.662,16871.145,16951.578
16690.5,16620.47,16622.168,16528.55,16482.932,16400.537,16402.857,16609.379,16727.912,16590.09,16594.193,16602.85,16541.234,16616.69
1198.657,1198.0228,1191.8341,1201.5259,1205.914,1207.0944,1219.295,1217.9448,1207.244,1205.5211,1210.4397,1202.9143,1193.6752,1202.7054
1430.112,1432.347,1474.3782,1486.0269,1504.2914,1457.877,1454.6984,1466.5206,1505.33,1505.0996,1534.5546,1531.215,1530.6245,1521.1841
13941.825,13877.804,13932.11,14047.384,14138.298,14146.022,14416.813,14587.989,14547.294,14489.891,14581.034,14434.805,14343.128,14338.954
8152.021,8127.1235,8089.739,8164.3535,8247.062,8243.494,8349.847,8355.066,8302.768,8322.495,8376.6875,8269.801,8226.217,8263.042
11897.713,11837.908,11871.888,11983.084,12064.736,12072.291,12305.869,12463.643,12428.26,12369.718,12474.384,12329.115,12233.815,12228.571
489.677,487.91568,487.88858,488.00018,490.51733,492.28268,496.5117,495.3067,497.32462,500.343,499.45364,497.87036,496.92813,500.54544
11649.3,11750.98,12111.502,12461.182,12353.631,12349.679,12205.629,12101.646,12277.899,12578.037,12772.37,12609.298,12392.757,12177.924
1497.1523,1494.9541,1487.4287,1497.5458,1511.6748,1512.4308,1525.4905,1523.9116,1509.783,1499.4661,1507.7872,1497.1239,1486.8297,1498.098
1434.3883,1434.5247,1430.8058,1437.5715,1444.2998,1446.8652,1459.6213,1463.2805,1456.9213,1449.836,1455.2467,1445.884,1434.9619,1444.4503
1171.0492,1170.3263,1172.1859,1177.9738,1183.7278,1181.4446,1197.1917,1202.7577,1202.4115,1203.3286,1203.0513,1192.2229,1188.2048,1188.3711
1227.9226,1228.9752,1226.5768,1233.9199,1239.6849,1240.1318,1252.0061,1254.2985,1247.5012,1240.7905,1245.5759,1235.8109,1227.188,1234.6699
1686.2871,1681.1217,1680.7666,1678.8427,1673.374,1670.6589,1671.17,1679.1702,1681.1616,1679.196,1679.4254,1677.6691,1671.3552,1674.4137
1998.1403,1991.948,1992.2765,1990.5162,1983.5941,1979.947,1979.991,1990.1655,1993.6097,1990.2003,1990.2078,1988.42,1980.7013,1985.7191
1721.9873,1713.8849,1694.5256,1714.9891,1719.452,1718.0511,1722.5967,1730.0978,1705.2429,1723.2273,1733.6409,1725.1384,1712.2479,1731.3759
1971.034,1968.855,1958.6827,1972.1909,1971.7217,1977.3512,1982.419,1994.9148,1972.2292,1982.3176,1986.0038,1984.7269,1969.7329,1991.0448
1945.4412,1930.7253,1942.4385,1952.6326,1940.9957,1936.3419,1938.6082,1968.8096,1941.5806,1943.8425,1954.0626,1935.6709,1923.8596,1942.3115
1758.9899,1753.2786,1770.8844,1766.1442,1778.3474,1776.9763,1782.7797,1769.6058,1765.9043,1773.2528,1784.6301,1763.4612,1772.6146,1778.7753
2218.3743,2228.8545,2164.2422,2216.7595,2218.0562,2243.2402,2269.9258,2258.4954,2280.486,2278.528,2281.448,2301.198,2300.6445,2352.3877
1992.6309,1977.6003,1989.8596,2000.1772,1988.4636,1983.5002,1986.0372,2017.085,1989.6335,1991.9425,2002.4031,1983.8495,1971.7014,1990.3234
1754.1602,1748.2169,1786.757,1792.6005,1781.4103,1778.083,1788.2557,1794.4486,1785.8965,1773.8635,1811.7964,1787.0809,1780.426,1793.826
1635.4277,1638.453,1647.5646,1660.7651,1665.2682,1669.4731,1680.0333,1681.3196,1679.5454,1673.7834,1676.7229,1671.1416,1676.4943,1678.3806
1343.9158,1325.3318,1338.954,1347.775,1341.915,1343.5485,1356.6648,1364.0424,1368.4332,1361.0972,1355.674,1344.6156,1343.7605,1325.593
1877.0891,1873.6146,1871.593,1881.971,1883.3732,1893.7678,1892.8806,1906.2339,1884.4545,1881.3036,1887.8419,1890.4982,1880.1953,1894.2993
2092.4436,2088.454,2087.1802,2098.9302,2099.1514,2110.7676,2110.019,2125.6494,2101.6565,2097.948,2105.2507,2108.9614,2096.605,2111.9817
2143.1338,2139.0334,2137.9795,2150.0535,2149.95,2161.8481,2161.1577,2177.3372,2152.8281,2148.9797,2156.479,2160.4656,2147.5972,2163.2761
2058.974,2057.5085,2063.923,2072.9978,2065.6648,2069.6387,2076.0515,2090.903,2073.349,2073.5286,2082.4941,2083.6008,2075.333,2095.3035
2010.3176,2008.9131,2014.9792,2023.7386,2016.5999,2020.5142,2026.7443,2041.2335,2023.9064,2024.1155,2032.8455,2033.9073,2025.8486,2045.5859
1523.327,1529.4468,1537.1016,1495.9655,1493.6937,1498.6497,1526.1354,1541.7825,1552.7897,1546.8156,1556.671,1515.1285,1536.8164,1552.0505
7955.1953,7986.3467,7949.9844,7966.7246,8026.9443,8052.879,8012.124,7969.778,7963.172,7999.5576,8030.786,7981.202,7985.4624,7960.915
7844.032,7865.1685,7835.176,7846.545,7912.6436,7921.619,7902.0723,7861.852,7870.135,7892.2207,7897.6846,7876.456,7885.8213,7859.8555
825.34784,825.74023,823.5644,820.56104,824.071,826.7937,822.6757,818.5516,818.3687,822.82745,820.8816,815.60254,819.72345,820.48413
8271.36,8302.62,8273.225,8320.985,8391.888,8409.235,8451.566,8451.752,8426.616,8392.748,8450.119,8397.506,8379.676,8357.348
7443.921,7447.4507,7427.853,7400.8154,7432.459,7457.0527,7419.9297,7382.7134,7380.9785,7421.1675,7403.5776,7355.9863,7393.098,7399.9697
8090.958,8103.603,8075.397,8048.818,8086.6865,8102.171,8107.874,8099.898,8118.0,8131.795,8117.9404,8101.6187,8108.124,8086.7944
7458.574,7486.7383,7460.258,7503.2896,7567.2095,7582.8467,7621.0527,7621.223,7598.563,7567.997,7619.733,7572.28,7556.22,7536.0957
7111.9634,7139.864,7107.331,7122.287,7176.1123,7199.3135,7162.813,7124.9893,7119.083,7151.5757,7179.5205,7135.241,7139.007,7117.0815
7297.4307,7308.809,7283.389,7259.424,7293.56,7307.5366,7312.725,7305.5493,7321.8833,7334.3564,7321.8643,7307.107,7312.965,7293.732
792.34204,791.32825,791.0996,793.0054,799.86237,797.67444,793.69226,788.057,785.0191,788.29205,791.7269,790.1717,792.9544,790.35205
878.6904,877.5692,877.3145,879.42865,887.0326,884.606,880.19073,873.9389,870.5732,874.2044,878.01044,876.2812,879.36926,876.4831
843.0445,842.5036,840.77734,838.95154,844.54663,844.54144,842.89044,839.006,839.01843,843.559,844.5361,841.9898,843.4553,839.5368
7602.0806,7597.19,7581.6006,7565.158,7615.6245,7615.5586,7600.643,7565.632,7565.7407,7606.6836,7615.4927,7592.555,7605.786,7570.406
4820.958,4807.2056,4811.7,4804.7534,4791.105,4785.867,4767.1763,4768.0107,4768.342,4759.937,4754.507,4750.8423,4750.3594,4772.201
1712.6196,1706.1323,1718.7346,1709.6932,1699.9468,1703.4237,1725.3976,1733.8333,1730.1571,1718.8805,1722.748,1743.2444,1751.4902,1744.9474
1403.0944,1407.4207,1409.1064,1411.2325,1415.4028,1426.9248,1435.649,1441.1062,1438.2682,1430.0245,1426.5504,1422.749,1423.3834,1426.0083
10268.17,10236.815,10251.527,10236.279,10203.755,10186.355,10143.09,10150.738,10160.648,10135.62,10129.029,10128.063,10119.965,10170.046
1851.8083,1850.2549,1852.8374,1853.6587,1860.3606,1862.7598,1864.3878,1863.1317,1857.72,1858.201,1855.5238,1854.3773,1858.186,1863.2229
724.6294,725.17596,725.9451,724.8617,727.97076,731.2045,731.68317,729.67737,729.57697,730.13635,727.54596,727.1344,728.42456,729.53485
1990.8219,1991.0741,1990.8594,1989.7871,1993.9711,1997.0242,1998.9745,2001.3303,1997.8824,1998.6583,1998.4688,1998.5845,2003.0056,2006.3889
1364.9661,1369.1761,1370.8134,1372.8795,1376.9348,1388.1428,1396.6284,1401.9362,1399.1743,1391.1569,1387.7748,1384.0796,1384.6974,1387.2532
2372.9312,2427.2236,2411.8096,2468.835,2498.8953,2538.8262,2540.42,2528.042,2516.0784,2513.1826,2501.4512,2467.9722,2494.7397,2481.8762
12214.613,12177.091,12154.796,12121.94,12187.6455,12251.464,12256.721,12226.499,12198.879,12185.581,12119.491,12086.76,12124.844,12163.191
1654.1818,1654.391,1654.2129,1653.3217,1656.7977,1659.3354,1660.9557,1662.9144,1660.0492,1660.694,1660.5345,1660.6306,1664.3062,1667.1163
702.7379,703.26953,704.01575,702.9639,705.98004,709.1164,709.57983,707.6331,707.5362,708.0787,705.5658,705.16614,706.41925,707.49695
10139.542,10108.401,10089.929,10062.675,10117.2,10170.172,10174.554,10149.463,10126.545,10115.515,10060.656,10033.469,10065.054,10096.883
1164.9445,1168.5367,1169.9381,1171.7007,1175.1604,1184.7278,1191.9713,1196.501,1194.1451,1187.3024,1184.4158,1181.2601,1181.7871,1183.9656
11882.27,11845.774,11824.112,11792.167,11856.06,11918.133,11923.257,11893.877,11867.033,11854.097,11789.802,11757.941,11794.971,11832.268
1315.6746,1314.532,1312.004,1309.34,1310.7491,1316.047,1318.5764,1319.1593,1319.2161,1318.4706,1313.344,1312.7446,1313.8881,1314.7777
1279.8932,1278.7832,1276.3223,1273.7324,1275.1022,1280.2578,1282.7184,1283.2849,1283.3374,1282.6129,1277.6244,1277.0416,1278.1526,1279.0194
1257.9786,1256.2501,1253.872,1252.4785,1255.8796,1261.4675,1262.6942,1261.4071,1258.3074,1258.9559,1253.9767,1252.0481,1253.0402,1254.8531
1077.5208,1074.8204,1075.7803,1073.8706,1079.1443,1079.9064,1077.6516,1075.513,1070.7458,1070.8806,1070.1758,1067.9211,1070.614,1070.2269
985.6196,990.7167,982.19696,980.56995,988.32764,999.6781,993.3854,994.0234,990.2264,982.1031,987.404,969.42163,976.66785,990.39795
1105.4517,1107.0204,1108.4695,1107.1075,1110.9436,1116.2579,1117.1938,1115.658,1115.6959,1115.7631,1111.7137,1110.7828,1113.012,1112.9779
1262.9958,1259.8318,1260.9558,1258.717,1264.9009,1265.796,1263.1528,1260.6471,1255.0597,1255.2185,1254.3878,1251.7429,1254.8988,1254.4431
1298.3673,1295.1141,1296.2668,1293.9651,1300.3219,1301.2421,1298.5245,1295.9482,1290.2029,1290.3654,1289.5138,1286.7966,1290.0413,1289.5743
10731.151,10716.424,10696.145,10684.236,10713.217,10760.878,10771.344,10760.384,10733.971,10739.503,10697.02,10680.583,10689.045,10704.498
1293.229,1291.4532,1289.0104,1287.5781,1291.0726,1296.815,1298.0784,1296.7551,1293.5702,1294.2368,1289.118,1287.135,1288.1532,1290.0192
9433.428,9446.827,9459.189,9447.572,9480.315,9525.658,9533.621,9520.525,9520.843,9521.418,9486.856,9478.907,9497.926,9497.662
1136.3611,1137.9733,1139.4635,1138.0642,1142.0078,1147.4692,1148.432,1146.8531,1146.893,1146.9606,1142.7974,1141.841,1144.1321,1144.0992
1010.2624,1006.91205,1005.48834,1002.06494,1007.2839,1012.7613,1013.9121,1011.26587,1009.346,1008.3695,1002.02905,998.35596,1001.7873,1006.02856
1006.2526,1015.34143,1017.0216,961.72766,966.3746,983.1676,978.4912,961.55005,992.0714,966.65326,963.8828,931.24744,940.4901,942.7519
1175.4225,1171.5249,1169.8671,1165.8829,1171.9558,1178.3287,1179.6685,1176.5905,1174.3583,1173.2216,1165.8427,1161.5671,1165.562,1170.4962
1206.907,1202.9032,1201.2014,1197.113,1203.3464,1209.8901,1211.2671,1208.1085,1205.8145,1204.6473,1197.0717,1192.6826,1196.7821,1201.8481
1016.9824,1018.9328,1021.8669,1021.0529,1024.4841,1031.5999,1037.6996,1038.7266,1036.1426,1032.8915,1030.6226,1027.5677,1029.9547,1032.3174
1251.7537,1247.6956,1247.802,1246.2565,1253.7435,1256.985,1254.4545,1251.852,1245.1989,1246.3865,1244.5192,1242.828,1245.0278,1246.9609
1214.7673,1217.096,1220.6011,1219.6316,1223.7311,1232.2286,1239.5153,1240.7395,1237.6519,1233.7703,1231.0615,1227.4108,1230.2609,1233.083
1184.1185,1183.5879,1180.2482,1177.6128,1179.3765,1185.3091,1188.3047,1188.1863,1187.6423,1187.6862,1181.2421,1179.8953,1181.4861,1183.4104
1075.8507,1072.363,1072.4578,1071.1279,1077.5641,1080.3512,1078.1766,1075.9397,1070.223,1071.2437,1069.6364,1068.1815,1070.0703,1071.7277
1285.2877,1281.1218,1281.2339,1279.6454,1287.3347,1290.662,1288.0635,1285.3912,1278.5636,1279.783,1277.8645,1276.1279,1278.3853,1280.3656
1030.415,1028.8926,1026.4344,1024.847,1028.3801,1034.0856,1035.0674,1033.553,1030.5648,1031.528,1026.163,1024.0134,1025.5227,1027.7292
1231.5004,1229.6826,1226.7471,1224.8481,1229.0682,1235.8888,1237.062,1235.2518,1231.6831,1232.8351,1226.423,1223.8539,1225.6576,1228.2924
1199.2931,1197.5233,1194.6652,1192.8173,1196.9275,1203.571,1204.7144,1202.9525,1199.4742,1200.5956,1194.3505,1191.846,1193.602,1196.1716
1183.1056,1185.3767,1188.786,1187.8413,1191.8334,1200.1128,1207.209,1208.401,1205.3933,1201.6115,1198.972,1195.4187,1198.194,1200.9434
1309.5426,1257.1082,1271.4731,1323.6443,1302.7834,1294.5488,1248.0066,1220.9996,1266.1698,1238.2863,1189.2407,1183.0447,1151.7664,1216.0731
991.30597,990.86194,988.0652,985.8579,987.3325,992.2986,994.8048,994.70636,994.2532,994.2914,988.89844,987.773,989.1031,990.7135
9230.641,9210.659,9252.628,9255.985,9255.31,9233.846,9255.376,9215.67,9251.081,9223.295,9241.501,9225.6045,9271.859,9284.925
9713.25,9692.811,9736.3545,9740.49,9739.607,9717.497,9740.055,9698.12,9734.941,9706.252,9725.225,9708.162,9756.742,9770.415
1233.7441,1230.8718,1238.0137,1238.6732,1239.6041,1235.8466,1238.3113,1231.6666,1238.2225,1233.7617,1236.6289,1234.562,1242.334,1244.09
12589.112,12555.304,12603.738,12615.378,12620.417,12591.174,12614.562,12569.846,12618.243,12575.371,12587.905,12560.976,12628.1,12644.531
11457.923,11425.525,11472.023,11480.717,11484.722,11456.225,11478.357,11437.83,11482.229,11443.001,11455.237,11430.992,11492.559,11507.421
12036.033,12003.152,12050.259,12060.713,12065.364,12036.751,12059.438,12016.766,12063.211,12022.132,12034.341,12008.696,12073.019,12088.756
1325.1234,1315.6234,1317.4941,1316.9203,1319.2006,1316.0249,1314.0193,1305.2471,1312.5121,1306.0895,1305.1407,1300.2643,1312.3143,1314.6982
1346.956,1342.9922,1350.0314,1351.4115,1353.3674,1349.0515,1351.2688,1345.039,1352.1471,1346.1711,1347.8333,1345.1758,1354.1356,1355.8776
1289.3978,1285.432,1292.3934,1293.5238,1295.3397,1291.0532,1293.2906,1287.3239,1294.1724,1288.5098,1290.1589,1287.6055,1296.2256,1297.963
1408.8705,1404.8058,1412.0696,1413.6208,1415.6912,1411.2544,1413.5005,1406.9794,1414.3756,1408.1033,1409.8221,1407.0569,1416.4065,1418.1874
1406.4174,1405.649,1411.1848,1410.905,1413.3176,1407.5901,1409.9358,1402.6604,1406.8004,1405.4589,1409.5046,1409.8949,1417.01,1418.6078
1179.5159,1176.695,1183.599,1184.1394,1185.0569,1181.4053,1183.7739,1177.4362,1183.7726,1179.449,1182.2108,1180.2723,1187.7183,1189.4414
1537.3579,1536.503,1542.2596,1542.2042,1545.0206,1538.9397,1541.4067,1533.3881,1538.0143,1536.5054,1540.6859,1541.0756,1548.7123,1550.442
1211.5809,1202.9089,1204.8342,1204.3396,1206.2258,1203.2825,1201.8215,1194.1285,1200.3007,1194.9064,1194.2974,1189.8475,1200.4688,1203.2526
1266.511,1257.4385,1259.2885,1258.7473,1260.8654,1257.8245,1256.0236,1247.7368,1254.5405,1248.5518,1247.7244,1243.0636,1254.4633,1256.9191
1129.1074,1126.2384,1133.027,1133.3672,1134.296,1130.6654,1132.9397,1126.8949,1133.0714,1128.8241,1131.5249,1129.7524,1136.9161,1138.6436
1469.6138,1468.7988,1474.3859,1474.259,1476.899,1471.0342,1473.4211,1465.775,1470.1692,1468.7416,1472.8085,1473.1947,1480.5345,1482.189
1426.8134,1418.9326,1421.2526,1421.8577,1421.2212,1418.4724,1421.6935,1418.0555,1422.1052,1417.8009,1420.5111,1417.5049,1423.1266,1427.2263
1305.1022,1297.7474,1300.0719,1300.4205,1299.689,1297.119,1300.2288,1297.0719,1300.6583,1296.8175,1299.6013,1297.1456,1302.117,1306.1222
11832.898,11975.088,11976.454,11965.9,11946.985,12073.094,12133.388,12049.826,12244.669,12203.755,12213.681,12190.502,12254.413,12491.393
1588.36,1607.4465,1607.6279,1606.2151,1603.6752,1620.5994,1628.6996,1617.4808,1643.6388,1638.1517,1639.4803,1636.3622,1644.9409,1676.7522
1439.1484,1439.6301,1447.3115,1463.7074,1463.6539,1474.88,1480.1676,1464.877,1484.1628,1483.7657,1490.3938,1506.1592,1502.4241,1514.1863
2067.5273,2066.0315,2075.673,2071.5652,2062.7273,2063.9348,2065.187,2062.4788,2072.4758,2065.2505,2052.2668,2046.3032,2051.7263,2061.4895
1402.1323,1393.9661,1395.9728,1396.5375,1398.1459,1393.9485,1394.305,1389.601,1393.8568,1388.42,1390.9478,1386.0975,1392.96,1397.3887
1402.0569,1395.2938,1400.8923,1400.5424,1402.2809,1395.4996,1394.2578,1389.368,1394.3457,1387.796,1391.7026,1389.0609,1395.347,1402.2172
1340.348,1332.4712,1334.4528,1334.9685,1336.4424,1332.3958,1332.7759,1328.3566,1332.3483,1327.2382,1329.7083,1325.105,1331.6003,1335.9396
1283.0568,1276.7012,1281.9489,1281.2814,1282.7372,1276.4585,1275.286,1271.0107,1275.514,1269.4551,1273.1328,1270.5988,1276.5509,1282.9258
10964.406,10886.169,10906.949,10895.114,10903.923,10875.8955,10863.392,10795.294,10845.353,10805.314,10787.507,10748.416,10835.094,10862.017
12056.907,11971.31,11993.472,11979.787,11990.36,11960.178,11944.51,11867.77,11926.934,11878.479,11855.173,11812.31,11910.764,11935.605
1282.7328,1275.0366,1277.0645,1277.4998,1278.7693,1274.822,1275.2493,1271.1829,1274.8525,1270.1473,1272.626,1268.3158,1274.4052,1278.7845
1340.3993,1333.878,1339.2705,1338.8323,1340.4481,1333.9369,1332.7382,1328.1311,1332.8754,1326.5864,1330.3591,1327.7987,1333.8623,1340.4628
11524.295,11442.379,11463.721,11450.817,11460.651,11431.637,11417.244,11344.431,11399.804,11354.769,11333.539,11292.521,11385.773,11410.804
11677.986,11674.785,11709.069,11701.335,11714.541,11681.514,11700.258,11649.897,11673.115,11677.798,11712.862,11715.349,11763.101,11774.166
12215.692,12212.3125,12247.52,12239.92,12253.912,12219.863,12239.318,12186.602,12210.895,12215.892,12252.187,12254.861,12304.324,12315.946
8686.068,8666.04,8706.886,8708.896,8708.581,8687.338,8707.649,8670.474,8704.546,8677.456,8695.022,8680.802,8724.591,8736.935
11114.94,11111.942,11145.996,11137.582,11149.736,11117.183,11135.311,11087.463,11109.604,11113.86,11148.136,11150.345,11196.841,11207.289
11743.058,11672.597,11675.376,11681.311,11682.67,11653.072,11656.156,11637.442,11670.986,11636.689,11649.856,11607.353,11649.559,11687.633
12215.923,12159.619,12190.8,12187.198,12197.979,12152.223,12138.793,12105.959,12138.14,12097.711,12126.621,12096.909,12138.35,12199.315
11300.289,11239.993,11244.719,11245.315,11232.023,11211.901,11234.783,11219.274,11247.781,11219.921,11230.831,11212.628,11244.953,11275.155
10754.152,10696.087,10701.817,10700.974,10687.762,10668.451,10690.822,10676.375,10703.074,10676.487,10687.96,10672.236,10702.759,10731.47
11629.895,11575.638,11605.429,11600.5,11611.658,11567.928,11555.117,11524.099,11553.915,11514.35,11541.918,11512.587,11553.948,11612.881
12758.741,12691.291,12756.11,12809.29,12798.594,12742.134,12706.853,12696.99,12688.46,12709.383,12708.224,12748.558,12733.865,12746.006
12284.308,12211.088,12213.905,12220.189,12221.978,12191.163,12193.923,12173.771,12209.299,12172.921,12186.38,12141.654,12186.08,12225.509
11175.794,11107.747,11110.554,11115.966,11116.425,11087.982,11091.753,11074.993,11106.024,11074.441,11087.622,11047.912,11087.629,11124.742
7519.764,7501.698,7506.8877,7508.689,7513.057,7552.5303,7522.1416,7471.5645,7527.067,7553.443,7521.322,7534.3394,7566.9014,7608.629
16684.357,16646.86,16635.191,16619.951,16615.715,16638.44,16670.904,16701.607,16698.662,16685.197,16675.615,16704.69,16702.027,16705.338
5621.043,5589.6187,5605.782,5589.408,5587.33,5587.2915,5579.0444,5552.678,5547.8003,5543.414,5551.277,5527.3926,5552.4956,5592.401
7521.6543,7461.3545,7434.5137,7424.7554,7385.862,7373.144,7355.4214,7359.173,7381.8726,7376.39,7383.931,7375.8335,7385.827,7435.633
7773.7183,7655.351,7707.34,7653.9834,7661.9336,7668.261,7670.609,7714.1733,7794.246,7747.1997,7726.207,7730.1904,7714.6797,7816.8496
17941.812,17936.06,17995.85,18042.379,18055.57,18048.61,18117.654,18154.285,18185.08,18145.744,18162.793,18177.262,18232.934,18201.326
6159.368,6134.0664,6148.507,6133.5894,6089.447,6095.584,6131.5566,6158.648,6163.281,6179.4688,6168.344,6120.214,6135.005,6093.5645
16774.775,16764.838,16833.977,16871.398,16883.607,16878.545,16985.318,17190.805,17266.938,17081.758,17189.979,17183.94,17176.996,17183.826
5356.8613,5358.6655,5387.4634,5381.504,5389.3706,5372.4146,5399.9536,5374.2524,5390.5127,5377.2944,5389.411,5367.5977,5392.718,5398.5825
16616.852,16490.691,16423.734,16352.972,16326.43,16341.39,16419.74,16476.78,16516.488,16459.852,16359.119,16310.885,16300.567,16334.874
15467.644,15369.029,15380.185,15297.115,15286.035,15333.342,15308.285,15363.354,15420.983,15284.507,15116.556,15075.839,15103.653,15188.869
8007.625,8026.5977,8027.172,8038.316,8056.1245,8017.767,7999.5522,8009.7925,8022.1577,8092.061,8098.6216,8061.4336,8048.3013,8108.031
17802.762,17786.865,17789.459,17765.635,17759.246,17783.572,17868.758,17875.98,17884.16,17850.072,17821.781,17758.777,17732.543,17738.281
18069.81,17950.217,17951.086,17849.033,17834.963,17892.742,17871.27,17950.443,18033.475,17880.395,17677.14,17632.672,17659.572,17769.172
3915.345,3924.2275,3931.8245,3944.26,3899.949,3885.835,3853.1572,3874.6445,3897.208,3892.993,3876.8906,3873.9983,3842.5352,3886.2698
19695.385,19652.037,19643.896,19527.291,19456.3,19473.248,19443.873,19420.309,19447.146,19393.623,19287.611,19268.312,19346.207,19368.086
3923.4814,3920.1792,3998.0203,4037.9072,4049.0217,4056.1892,4018.3635,4004.5278,3934.5742,3893.5796,3892.6975,3924.5818,3942.4424,3990.7278
17259.416,17114.572,17025.637,16960.414,16962.016,16978.143,17025.775,17065.703,17083.225,17087.75,17093.754,17038.346,17020.377,17026.643
5642.573,5700.777,5820.381,5854.203,5859.174,5893.8564,5930.9185,5847.6846,5940.6987,5927.5205,5981.9873,5910.6514,6052.3076,6118.8086
5041.5415,5033.855,5050.7935,5027.06,5023.4355,5029.4756,5032.948,5025.4604,5027.534,5013.0566,5033.2705,5029.5566,5030.022,5031.0137
16981.412,16839.717,16751.78,16687.416,16688.691,16704.71,16751.762,16791.111,16808.408,16813.436,16819.016,16764.441,16747.146,16753.094
15153.624,15120.908,15112.11,15022.891,14973.104,14983.338,14954.646,14933.487,14954.763,14924.139,14849.5,14829.87,14893.464,14903.161
17181.242,17062.047,16999.396,16932.955,16904.947,16939.81,16997.54,17054.22,17064.61,16995.447,16900.89,16842.156,16807.494,16901.658
16164.551,16018.393,16249.883,16317.626,16238.166,16092.402,16078.207,15974.241,16114.817,16170.63,16277.449,16260.542,16305.901,16314.178
14423.087,14391.513,14383.674,14301.195,14253.667,14262.356,14236.544,14216.139,14238.263,14211.998,14142.905,14122.983,14185.633,14193.713
7276.758,7126.196,6978.7456,7114.9233,7052.587,7179.3745,6938.7446,6889.145,6859.1196,7272.563,7392.627,7569.369,7007.3057,7338.6943
4539.123,4514.9507,4520.969,4517.512,4502.8867,4512.5737,4546.9375,4561.652,4598.4023,4648.9697,4679.1333,4657.8867,4646.8857,4661.267
16904.312,16787.846,16726.182,16660.424,16632.613,16666.596,16723.205,16779.059,16789.482,16722.434,16629.33,16571.697,16537.895,16629.96
17675.783,17543.762,17470.885,17401.336,17366.637,17379.89,17457.682,17526.79,17567.092,17494.336,17381.29,17331.855,17311.416,17363.004
5185.7134,5116.9165,5143.7544,5142.985,5085.674,5074.699,5072.6055,5080.0977,5139.2114,5116.443,5082.807,5067.656,5033.808,5067.9883
14909.549,14877.221,14868.771,14781.757,14732.68,14742.415,14714.66,14693.73,14715.242,14685.986,14613.149,14593.493,14656.713,14665.88
18181.477,18160.266,18149.822,18125.344,18109.709,18139.129,18223.977,18234.031,18233.133,18204.65,18171.955,18114.648,18080.832,18099.023
16725.691,16601.074,16529.104,16462.195,16429.867,16441.727,16515.938,16581.094,16620.938,16556.36,16451.973,16404.523,16387.393,16434.258
4627.8037,4625.7056,4668.88,4730.2554,4734.461,4717.9414,4738.725,4690.5024,4697.452,4692.1045,4714.6187,4717.6934,4749.5283,4726.626
18088.848,17956.38,17888.379,17820.518,17786.914,17822.889,17883.262,17949.299,17965.008,17885.834,17787.56,17725.133,17687.785,17793.8
18208.404,18063.459,17974.002,17903.133,17890.416,17903.355,17948.041,17998.863,18019.285,18021.367,18020.008,17963.342,17945.09,17962.068
6264.5977,6239.721,6275.0503,6289.6016,6309.336,6319.959,6323.463,6306.457,6296.628,6293.9717,6302.7305,6287.41,6277.143,6290.191
17361.88,17232.275,17159.715,17091.037,17057.074,17069.92,17146.55,17214.416,17254.562,17184.445,17074.188,17025.371,17005.979,17056.023
18416.982,18281.115,18211.855,18143.078,18109.209,18146.145,18207.957,18275.115,18291.008,18209.357,18109.398,18045.713,18007.512,18116.023
19244.842,19088.791,18996.15,18922.32,18909.783,18922.55,18968.791,19022.355,19043.945,19043.783,19043.709,18984.69,18964.068,18983.328
17423.89,17298.576,17232.95,17166.908,17133.852,17167.732,17225.078,17288.791,17304.148,17230.375,17135.521,17075.715,17040.174,17140.904
6739.7114,6712.8896,6746.3057,6739.3027,6726.713,6753.1265,6803.9995,6830.0864,6865.7886,6871.9194,6852.158,6806.492,6847.0786,6779.4067
19191.824,19182.51,19253.95,19293.752,19313.773,19305.598,19425.795,19649.113,19734.365,19532.049,19643.273,19638.314,19636.186,19643.914
5448.7197,5406.425,5423.5713,5430.701,5400.856,5384.57,5398.648,5414.4136,5394.4126,5376.403,5388.7637,5386.6416,5365.8613,5401.973
8724.466,8704.111,8890.519,8905.797,9035.009,9063.084,9202.265,9221.373,9136.487,9078.267,9143.538,9053.6045,9150.906,9161.705
18439.309,18429.727,18500.486,18539.562,18557.287,18550.096,18666.236,18884.232,18966.748,18769.768,18880.191,18874.877,18871.17,18878.674
17687.604,17660.344,17696.898,17741.734,17761.516,17713.006,17741.195,17812.13,17819.43,17749.963,17771.72,17738.354,17770.475,17747.43
17342.113,17332.084,17331.725,17310.725,17301.227,17287.1,17325.625,17360.97,17388.625,17328.568,17307.459,17314.424,17375.264,17371.518
14910.964,14905.307,14956.198,14993.045,15006.596,14998.857,15057.599,15093.716,15120.258,15086.244,15101.558,15113.599,15162.714,15133.4
16996.887,16970.72,17008.432,17053.71,17073.982,17026.77,17054.672,17124.814,17132.414,17063.006,17085.566,17054.404,17084.746,17061.6
16994.576,16986.002,16981.29,16966.469,16959.139,16963.076,16965.035,16994.252,16989.201,16958.68,16918.883,16939.812,16989.072,17015.523
15468.516,15444.617,15484.73,15530.332,15551.647,15507.301,15534.511,15602.442,15610.825,15541.893,15566.497,15540.07,15566.101,15542.799
1550.3975,1549.2338,1549.8662,1546.896,1546.9059,1544.7723,1549.1715,1553.3954,1556.2772,1552.0005,1550.8533,1547.7504,1553.4281,1551.4587
7914.7676,7915.9766,7906.753,7916.3145,7972.648,7908.044,7903.077,7958.1235,8034.8506,8105.6514,8096.1904,8113.976,8154.8394,8160.151
15518.937,15513.132,15565.526,15604.275,15617.1,15609.991,15670.605,15705.417,15732.383,15697.605,15713.037,15726.363,15776.932,15747.573
6535.667,6490.6904,6500.8765,6478.529,6476.3916,6469.7573,6446.8755,6432.247,6409.929,6408.5137,6405.7705,6375.402,6366.012,6399.7637
13565.605,13560.769,13607.995,13640.525,13654.934,13645.961,13700.188,13738.823,13763.617,13731.908,13747.25,13756.247,13801.984,13773.45
16715.426,16704.48,16701.488,16682.355,16672.941,16661.297,16696.3,16729.95,16755.736,16700.605,16679.604,16686.512,16742.578,16738.1
15329.413,15322.022,15382.659,15416.937,15426.412,15422.842,15518.875,15706.471,15776.6,15609.374,15704.583,15699.787,15692.739,15700.0205
4948.374,4953.942,5039.9785,5003.4624,5044.375,5080.729,5085.6694,5131.5737,5012.3145,5012.5884,5167.283,5017.5986,4990.693,5081.896
17076.178,17069.242,17132.168,17168.355,17182.656,17177.195,17282.824,17484.525,17561.408,17380.84,17479.129,17475.11,17470.74,17478.703
6350.412,6312.938,6320.693,6310.841,6294.785,6283.1567,6300.247,6292.082,6298.007,6299.494,6299.701,6299.2827,6329.6357,6335.2783
4828.739,4839.7036,4819.1235,4806.9585,4783.648,4795.9126,4826.813,4813.643,4808.777,4816.5547,4800.046,4783.607,4782.2095,4783.1045
1560.2863,1559.1249,1559.7075,1556.6718,1556.5952,1554.6272,1558.8195,1562.9116,1565.6475,1561.5137,1560.253,1557.2776,1562.8422,1561.0023
15014.428,15006.452,15009.199,14992.0205,14985.725,14973.238,15006.326,15038.657,15063.727,15009.68,14991.021,14998.013,15050.724,15047.886
17488.47,17476.19,17470.154,17449.805,17439.092,17427.588,17463.521,17498.322,17524.352,17468.637,17446.572,17453.557,17511.2,17506.146
17372.92,17358.26,17359.32,17322.775,17321.643,17297.912,17343.12,17386.664,17415.285,17370.863,17355.375,17324.18,17385.13,17366.123
16200.341,16176.149,16217.156,16262.423,16283.499,16237.507,16264.356,16334.106,16343.045,16273.952,16298.197,16271.938,16300.007,16275.762
7141.652,7171.696,7210.2627,7252.315,7238.258,7271.227,7260.5796,7224.87,7205.742,7199.7866,7180.7344,7161.0493,7134.497,7136.983
841.37854,844.7152,850.26764,855.704,851.697,854.0957,853.2665,850.24207,848.8347,848.7352,847.2869,845.51086,842.15393,841.91486
6977.4053,7006.8364,7044.787,7085.971,7072.1943,7104.371,7094.729,7060.3066,7041.7695,7035.854,7017.6504,6997.947,6972.257,6974.683
754.2932,750.96344,751.6034,749.67017,751.00476,752.3855,752.4504,753.8572,754.9283,754.8817,751.41583,747.99695,748.7867,749.28143
1201.3849,1194.7863,1191.8605,1197.2871,1189.3652,1180.9176,1163.9907,1155.5807,1146.3824,1154.2291,1159.2318,1160.1041,1160.9719,1169.1718
890.32837,890.1268,892.2978,893.19745,889.3294,890.43646,887.00195,879.34796,876.08746,881.5786,879.15076,877.7994,878.94684,881.4009
977.35614,980.8472,985.1895,989.5917,986.06335,986.4038,982.77277,977.7691,974.7412,972.1806,966.2587,965.37897,964.5269,965.5345
1117.7909,1126.042,1124.1338,1136.0374,1134.298,1139.5455,1145.4617,1144.2965,1146.495,1140.7457,1139.2239,1133.7063,1129.133,1130.1598
650.34534,647.68896,643.99786,642.2593,648.1011,650.3829,641.7292,641.25055,638.64496,635.20654,635.23645,642.50574,644.7424,641.13495
1395.1893,1383.2761,1389.614,1387.453,1394.7712,1401.1586,1411.5012,1413.7593,1417.7501,1418.543,1401.5515,1379.9459,1393.7911,1382.2549
919.40704,922.6754,926.82007,931.21643,927.8937,928.27374,925.12317,920.58856,918.1702,915.5649,909.92365,909.2098,908.5543,909.3583
1308.564,1305.0237,1301.2977,1294.9927,1285.3705,1283.6508,1280.4519,1293.6621,1293.373,1285.4225,1267.7728,1271.4825,1267.6962,1268.2932
1021.74445,1030.4982,1030.6122,1043.9667,1040.1433,1044.4087,1049.303,1049.0808,1051.6189,1046.7606,1046.3054,1041.1543,1036.4727,1038.581
963.04944,966.0492,971.514,972.6752,967.63574,964.61145,961.4632,953.8823,950.2531,952.02594,951.88556,948.88885,950.1399,950.30426
946.3016,949.23706,954.664,955.8766,950.95636,948.0243,945.0139,937.58234,934.09216,935.7757,935.6292,932.7191,933.93475,934.04663
1198.3167,1202.468,1208.9523,1208.7654,1216.808,1209.4467,1220.7054,1221.2681,1217.8859,1217.879,1226.7749,1217.5579,1222.6316,1229.923
962.4384,964.55756,968.97424,970.43445,966.55206,965.58154,961.3085,955.68115,951.47986,952.08777,948.84985,946.0227,946.1875,947.57086
1409.3838,1400.9545,1406.5217,1404.8843,1427.5605,1414.3649,1441.1318,1448.791,1453.6821,1445.3849,1454.9689,1440.1769,1462.1637,1473.7454
798.872,797.0138,798.7896,798.7685,793.2617,790.2745,787.7017,789.63104,786.90393,790.8028,794.34467,791.11365,790.69604,793.07745
1118.2145,1130.5935,1131.8151,1134.8243,1133.5654,1132.6868,1130.4712,1126.4624,1123.9756,1115.8788,1115.0765,1106.478,1110.7866,1112.9274
905.7523,907.77386,911.9896,913.5205,909.9224,908.9331,905.0141,899.8166,896.08887,896.4367,893.3464,890.7241,891.0485,892.2134
1078.3228,1082.6581,1079.6678,1076.9254,1079.319,1080.5391,1075.4786,1071.8438,1066.3801,1062.5764,1060.3461,1055.8893,1059.6129,1064.2782
826.0071,800.57007,799.52716,800.88855,788.37634,779.0326,787.6655,795.339,793.13153,786.9119,798.1751,809.45355,812.7035,817.3869
1186.8342,1189.0275,1193.9688,1195.3221,1191.2633,1188.8868,1184.4941,1176.1812,1169.4344,1170.8434,1170.3862,1167.2216,1168.0266,1168.4607
1047.6884,1055.4998,1053.4734,1064.7031,1063.1758,1068.2562,1074.0267,1073.2655,1075.423,1070.0094,1068.9515,1063.6439,1059.2645,1060.3517
846.08386,837.2444,832.0799,830.6099,825.89716,825.3753,823.6045,828.11066,827.7092,831.0079,835.33093,832.2073,825.84607,828.6128
982.80457,972.10547,977.88275,979.62115,972.9513,964.4598,963.4973,960.9966,958.145,954.4087,958.5675,958.77576,957.70496,962.3547
1117.2322,1118.7727,1121.5146,1123.5657,1121.3348,1122.3439,1117.6367,1110.3379,1104.5709,1107.2292,1103.1761,1101.2573,1100.2258,1101.2087
1067.2314,1068.7733,1071.6245,1073.5437,1071.5477,1072.422,1068.0725,1061.1735,1055.7992,1058.0295,1054.067,1051.998,1051.1741,1052.1243
10192.202,10145.418,10132.409,10140.044,10117.234,10127.602,10151.17,10146.337,10140.769,10115.893,10069.616,10012.016,10078.302,10092.301
10672.52,10648.09,10658.242,10656.073,10655.539,10686.382,10767.861,10765.646,10773.915,10802.126,10845.852,10833.353,10857.536,10829.437
4814.892,4809.9673,4844.5967,4838.1753,4862.056,4844.3574,4837.6763,4816.166,4816.6,4803.3955,4860.924,4834.733,4842.342,4805.7305
11460.898,11407.556,11392.544,11401.3,11375.8,11387.261,11414.433,11409.441,11403.106,11374.199,11321.455,11256.321,11331.72,11347.79
11973.0,11965.68,11979.02,11983.8125,11997.891,12007.99,12061.673,12071.802,12084.916,12103.355,12125.884,12116.403,12123.042,12123.833
5227.1455,5183.4614,5186.148,5184.98,5172.312,5150.437,5131.453,5135.982,5175.9214,5173.116,5161.33,5127.832,5139.431,5161.343
10007.902,9986.179,9953.677,9942.358,9914.574,9906.805,9965.734,9986.706,9987.1455,9975.055,9971.882,9963.257,10007.432,10011.376
10240.37,10259.331,10293.426,10325.237,10326.223,10337.715,10410.269,10422.101,10420.925,10415.629,10445.233,10403.027,10402.07,10426.835
8814.469,8690.682,8600.208,8507.448,8488.767,8617.023,8419.462,8507.946,8522.778,8402.564,8335.445,8310.769,8270.446,8526.981
12150.174,12140.505,12152.289,12167.139,12181.766,12161.815,12167.479,12151.542,12140.336,12125.754,12151.577,12146.766,12149.951,12167.296
6771.99,6720.104,6661.785,6723.7407,6717.259,6682.6196,6607.392,6572.0205,6519.1836,6543.1016,6543.6,6512.983,6507.301,6549.5156
10801.202,10792.915,10804.062,10817.287,10830.264,10812.745,10817.605,10802.612,10792.84,10780.559,10803.504,10799.081,10801.607,10817.09
11724.381,11707.116,11653.922,11634.167,11630.916,11593.069,11642.609,11643.198,11630.208,11619.556,11627.228,11596.562,11649.735,11661.183
10424.969,10409.913,10362.587,10345.364,10342.394,10309.352,10353.361,10353.446,10342.329,10333.931,10341.544,10314.439,10360.94,10370.443
7760.333,7706.146,7714.1743,7696.6123,7711.9546,7685.5547,7623.4507,7626.4683,7579.731,7548.503,7596.208,7599.347,7608.6284,7658.813
10558.125,10568.772,10567.695,10634.826,10629.019,10645.063,10684.146,10647.549,10635.3125,10618.19,10599.503,10592.036,10636.7,10659.412
9482.458,9494.478,9501.927,9570.361,9561.11,9593.859,9636.835,9614.352,9608.096,9603.178,9588.919,9594.323,9623.974,9647.696
10245.863,10207.584,10216.147,10268.244,10251.661,10262.449,10268.494,10251.505,10230.6045,10202.109,10111.429,10082.814,10144.41,10192.87
11250.247,11176.466,11094.979,11104.975,11134.798,11127.388,11195.445,11193.668,11118.418,11070.702,11098.048,11101.136,11074.954,11090.734
11685.222,11640.46,11650.454,11708.374,11688.82,11701.355,11708.942,11691.191,11669.162,11636.357,11531.77,11498.698,11567.331,11622.616
1775.6658,1770.2958,1859.3353,1911.0559,1903.9396,1849.1677,1879.8397,1873.7474,1849.7657,1850.5292,1917.2706,1916.6171,1921.5013,1915.188
10945.572,10913.312,10883.255,10913.006,10966.609,10936.21,10740.393,10754.466,10785.643,10802.6875,10734.141,10734.34,10724.037,10711.544
9118.759,9143.953,9198.068,9266.844,9265.057,9214.367,9214.026,9220.854,9243.3,9247.075,9292.487,9267.881,9318.995,9327.738
12344.727,12335.287,12342.778,12373.417,12382.828,12372.442,12353.467,12318.772,12305.126,12286.414,12286.836,12307.441,12329.155,12365.423
6239.797,6189.1313,6197.237,6168.786,6154.675,6141.3906,6154.7397,6158.4263,6198.503,6167.1714,6163.811,6194.3467,6152.1177,6121.1924
11890.47,11862.039,11861.874,11895.341,11868.445,11881.301,11886.669,11893.879,11864.473,11849.376,11797.648,11803.798,11836.147,11887.767
3721.575,3719.2715,3746.961,3745.8447,3715.058,3708.203,3727.0476,3727.24,3718.4014,3704.623,3744.542,3722.9988,3716.3167,3719.7988
11758.001,11776.854,11802.374,11832.268,11815.912,11814.653,11856.809,11849.948,11850.973,11841.122,11826.832,11833.587,11872.963,11901.007
12250.648,12203.3125,12219.653,12176.024,12144.026,12141.725,12188.293,12231.483,12274.405,12262.799,12267.782,12239.372,12241.041,12198.51
3273.3828,3246.215,3229.4458,3183.9524,3127.9473,3140.595,3193.4604,3165.4487,3132.7622,3086.3132,3061.3865,3050.5796,3081.2214,3111.9443
10826.318,10818.038,10825.667,10853.109,10862.331,10852.786,10836.494,10805.129,10792.74,10776.028,10776.643,10795.296,10815.011,10847.023
10428.088,10404.179,10403.7,10434.474,10411.635,10423.323,10427.811,10432.972,10406.36,10392.956,10348.824,10354.394,10383.57,10429.074
11594.416,11564.138,11538.861,11639.842,11681.846,11668.544,11618.063,11565.267,11541.276,11620.022,11643.645,11638.72,11629.999,11594.7
20435.97,20442.84,20351.611,20334.814,20248.572,20292.941,20272.188,20268.92,20321.826,20303.896,20308.22,20358.611,20389.357,20417.746
18119.111,18007.3,17950.326,17882.0,17801.37,17885.68,17847.502,17886.965,17991.363,17957.639,17903.771,17892.852,17891.879,17947.057
16992.592,16916.166,16957.686,16884.701,16807.752,16854.236,16746.865,16719.014,16807.064,16757.395,16624.248,16631.416,16701.467,16798.676
5573.529,5559.8687,5665.695,5629.0117,5608.1226,5586.6704,5519.327,5514.8164,5575.571,5476.62,5513.335,5451.551,5455.149,5565.7905
17298.607,17226.59,17324.02,17243.783,17113.656,17208.424,17129.27,17147.197,17270.834,17187.465,17010.607,17055.207,17102.557,17201.83
17852.352,17774.79,17698.525,17638.393,17586.982,17710.137,17614.883,17621.906,17670.45,17668.188,17623.738,17635.27,17656.447,17735.307
16793.344,16656.553,16644.857,16572.379,16469.09,16558.365,16533.926,16620.38,16747.324,16693.855,16609.95,16592.65,16559.22,16610.764
12083.657,11967.939,12018.422,11950.901,11908.025,11922.136,11857.71,11899.431,11969.923,11868.093,11817.896,11861.502,11881.649,11911.819
15691.848,15611.867,15607.261,15572.38,15514.566,15546.689,15555.486,15504.58,15592.322,15592.615,15554.812,15517.8545,15566.743,15590.786
17822.717,17761.43,17684.88,17629.412,17622.701,17695.225,17579.09,17576.453,17626.52,17610.533,17605.285,17629.662,17609.002,17689.516
5838.6294,5815.3643,5811.02,5789.612,5775.1323,5763.606,5773.5435,5804.1606,5847.977,5847.6816,5872.2705,5835.6104,5842.6523,5837.8047
12823.814,12741.778,12773.908,12744.256,12668.524,12704.931,12716.56,12694.595,12775.995,12763.695,12701.986,12659.792,12680.262,12694.135
16701.582,16565.39,16553.76,16481.459,16378.746,16467.47,16443.22,16529.19,16655.523,16602.396,16519.084,16501.914,16468.648,16519.77
17184.252,17103.285,17059.762,16988.732,16948.086,17013.957,16918.51,16970.182,17065.277,17034.467,17008.305,17019.035,16984.936,17025.088
16310.607,16266.343,16179.991,16163.505,16084.644,16151.864,16146.898,16160.86,16211.074,16246.096,16251.017,16269.219,16281.453,16281.731
17260.99,17213.643,17120.598,17103.814,17020.803,17094.82,17087.707,17102.588,17155.738,17193.25,17197.072,17216.396,17225.266,17227.977
2849.7053,2825.677,2805.0068,2790.4573,2799.9663,2767.9753,2752.8748,2772.9827,2827.0325,2788.6106,2769.6914,2775.0938,2791.2134,2773.964
17167.055,17119.912,17027.377,17010.63,16928.02,17001.6,16994.562,17009.307,17062.172,17099.486,17103.361,17122.604,17131.605,17134.229
18195.635,18113.143,18065.078,17993.402,17951.172,18023.127,17921.162,17975.451,18073.186,18039.4,18012.701,18030.096,17992.523,18038.19
16574.908,16477.164,16459.02,16402.34,16318.1455,16420.38,16352.182,16417.496,16499.191,16460.443,16388.568,16397.455,16399.73,16465.342
17457.303,17357.246,17338.291,17279.6,17190.246,17300.322,17227.863,17297.496,17382.227,17340.219,17264.291,17276.684,17279.688,17353.365
10499.363,10540.035,10423.19,10444.591,10420.184,10367.394,10312.135,10387.034,10433.032,10434.833,10420.602,10472.984,10516.976,10453.068
4236.343,4207.05,4198.745,4138.6885,4125.4756,4170.0747,4152.1045,4107.734,4137.94,4143.262,4095.1812,4088.6958,4097.623,4094.701
11446.13,11393.271,11405.489,11453.478,11423.518,11433.08,11445.447,11433.04,11431.391,11388.5,11264.119,11232.657,11294.315,11349.906
12970.174,12989.215,13004.93,13040.914,13021.864,13024.258,13058.135,13045.29,13049.401,13037.625,13013.802,13019.498,13055.328,13085.22
10038.762,10075.286,10012.245,9978.822,9962.049,10000.982,9996.95,10017.147,10007.315,10034.688,10093.861,10055.334,9938.329,10042.023
3019.0303,2990.227,2987.7678,2986.6492,2990.2495,3039.57,3005.5713,2972.7197,2962.822,3003.022,2962.9883,2924.6401,2938.8232,2958.2124
12267.835,12233.025,12222.641,12254.256,12202.006,12211.186,12246.133,12254.658,12251.84,12223.9795,12164.419,12170.789,12207.787,12260.299
1089.7623,1086.708,1085.7528,1088.6641,1084.0443,1084.9038,1087.9952,1088.6735,1088.4135,1085.9877,1080.7329,1081.2673,1084.6807,1089.3374
11883.644,11871.951,11875.039,11900.66,11901.374,11885.418,11861.18,11836.555,11829.142,11809.579,11802.583,11814.067,11832.688,11866.998
11928.186,11890.699,11899.69,11921.768,11890.559,11895.047,11902.3125,11918.595,11895.883,11867.079,11786.189,11788.041,11815.008,11862.783
2595.9,2556.3115,2556.4424,2545.1206,2525.1982,2525.65,2536.7197,2548.0308,2576.5227,2562.685,2557.5315,2551.2703,2560.1936,2550.0505
12069.268,12031.383,12040.4,12062.233,12030.768,12035.354,12042.78,12059.4795,12036.723,12007.362,11925.1045,11926.986,11953.833,12002.342
10681.069,10671.118,10674.078,10697.768,10698.641,10684.51,10662.774,10639.943,10632.832,10615.054,10608.997,10619.612,10636.513,10667.1875
12610.795,12635.925,12687.565,12604.31,12612.434,12650.542,12690.678,12655.287,12665.028,12653.919,12628.097,12652.359,12714.186,12771.297
19463.791,19471.064,19386.361,19369.242,19286.713,19327.438,19308.68,19304.47,19355.965,19338.998,19342.172,19392.09,19423.473,19449.602
2911.9597,2936.2146,2951.2324,2942.4194,2954.3125,2951.1865,2968.6543,3044.9238,3102.8135,3124.2302,3157.0847,2998.0085,3021.4053,3006.9106
17942.533,17866.617,17908.123,17831.738,17746.225,17800.56,17685.99,17659.229,17751.88,17698.986,17559.008,17570.611,17645.412,17744.957
19026.832,18911.027,18849.852,18778.91,18694.385,18785.457,18743.393,18785.102,18892.508,18856.818,18800.582,18788.914,18785.566,18846.996
19129.848,19013.535,18951.96,18880.646,18795.756,18887.363,18845.084,18887.045,18994.992,18959.05,18902.453,18890.645,18887.223,18949.139
13691.726,13604.9795,13639.724,13608.021,13526.87,13565.253,13574.944,13553.01,13639.766,13626.041,13557.913,13512.683,13533.073,13550.076
7973.5977,8047.2437,8209.296,8285.636,8274.447,8305.284,8348.409,8359.745,8442.106,8475.505,8487.592,8404.54,8421.319,8411.677
8325.486,8387.248,8535.432,8602.274,8573.6045,8589.181,8585.916,8608.57,8676.698,8665.396,8701.036,8637.109,8652.182,8647.932
2561.496,2506.3743,2509.534,2475.758,2454.4165,2444.4856,2465.581,2475.757,2485.8215,2470.71,2462.915,2452.437,2445.8967,2456.0532
1188.8347,1189.3917,1223.7014,1228.1372,1221.347,1223.3253,1234.7753,1247.2526,1236.4485,1217.0729,1239.8813,1214.9867,1219.9702,1237.8937
1349.6213,1347.2251,1349.5885,1351.7332,1344.9227,1326.5403,1320.3334,1319.8137,1315.165,1318.9741,1321.4918,1310.7147,1309.3613,1312.7585
1304.2789,1305.7433,1343.2239,1348.9559,1343.3818,1345.4691,1349.9941,1364.0237,1361.9193,1342.8984,1365.6683,1345.7437,1346.5725,1358.5275
841.9082,728.44183,907.1459,866.0278,901.6139,944.82086,1083.8376,1152.9429,1236.3884,1183.4146,1168.3523,1142.9293,1283.4464,1151.4222
1285.9553,1287.3982,1324.3502,1330.0015,1324.5074,1326.5653,1331.0312,1344.8647,1342.7919,1324.0314,1346.4857,1326.8411,1327.6559,1339.4377
1367.5403,1374.0858,1403.6161,1405.812,1405.5387,1404.1077,1412.5226,1407.7031,1392.0121,1378.3346,1390.9224,1371.6305,1386.8145,1415.0132
1205.6859,1206.2493,1241.0444,1245.5432,1238.654,1240.6622,1252.2693,1264.9271,1253.9683,1234.3208,1257.4489,1232.205,1237.2584,1255.4324
1031.2737,1044.0999,1073.8242,1065.646,1057.7565,1052.5002,1050.3125,1035.7681,1034.3491,1051.1213,1057.8003,1030.3029,1044.6075,1056.013
1458.9259,1465.9089,1497.4141,1499.7522,1499.4641,1497.9365,1506.9144,1501.7694,1485.0314,1470.4375,1483.8704,1463.2863,1479.4863,1509.571
1438.5623,1445.4496,1476.5142,1478.8208,1478.5364,1477.0321,1485.881,1480.8087,1464.3043,1449.9146,1463.1577,1442.8624,1458.8341,1488.4999
1335.3907,1338.4169,1367.0217,1369.0104,1361.4044,1360.7789,1373.1311,1390.1715,1380.8517,1358.9491,1380.4102,1356.0599,1361.0275,1385.1195
1404.6763,1407.8572,1437.955,1440.0464,1432.0485,1431.3873,1444.3809,1462.3041,1452.5062,1429.4601,1452.0382,1426.4277,1431.6548,1456.992
1329.5358,1321.1135,1323.0472,1299.5358,1292.6661,1292.3152,1292.637,1289.0137,1303.0646,1303.6626,1298.3738,1286.9667,1289.6775,1290.1407
1130.0754,1130.6078,1163.217,1167.4344,1160.9803,1162.8658,1173.7448,1185.607,1175.3363,1156.9205,1178.5966,1154.9374,1159.6743,1176.7129
1436.9409,1449.6774,1490.9681,1501.9875,1498.802,1498.4967,1510.0657,1516.4664,1509.4518,1489.1241,1523.7565,1495.477,1492.5505,1518.154
1424.532,1427.7637,1458.2744,1460.3921,1452.2786,1451.6128,1464.7876,1482.9667,1473.0255,1449.659,1472.551,1446.5753,1451.8759,1477.5787
1511.7041,1525.1038,1568.5447,1580.1393,1576.7883,1576.462,1588.6373,1595.3713,1587.9856,1566.6028,1603.0417,1573.2838,1570.2068,1597.1406
1285.0024,1293.0269,1317.295,1329.4445,1330.651,1309.6434,1320.8695,1290.7644,1318.3574,1316.1641,1349.9718,1326.2026,1325.7622,1323.7887
1387.1772,1390.8715,1425.6252,1428.0809,1425.0219,1424.2693,1438.0286,1449.1083,1439.6802,1421.3705,1449.1414,1421.2341,1426.394,1447.46
1481.0345,1484.9785,1522.0872,1524.7076,1521.4413,1520.6381,1535.3292,1547.1598,1537.0958,1517.5446,1547.1947,1517.4006,1522.909,1545.397
4504.6123,4437.909,4406.923,4384.0796,4352.646,4360.8394,4388.6577,4440.1304,4480.996,4456.052,4436.751,4418.537,4430.8433,4419.7065
6372.736,6430.0005,6555.9956,6612.059,6607.107,6623.7285,6658.019,6666.2563,6733.118,6759.3247,6760.6484,6697.1426,6713.665,6705.9287
10030.427,10091.293,10248.434,10260.651,10260.849,10258.656,10256.786,10253.241,10391.642,10400.792,10350.472,10259.031,10360.189,10362.259
9003.511,9058.142,9199.249,9210.226,9210.397,9208.437,9206.731,9203.526,9327.787,9336.017,9290.875,9208.77,9299.591,9301.419
2860.3337,2860.687,2869.1807,2862.6873,2844.341,2807.2698,2767.0886,2801.172,2824.986,2800.037,2795.2383,2767.2236,2741.3516,2770.9019
10656.903,10733.391,10903.103,10991.421,10956.545,10964.182,10963.398,10997.264,11077.886,11070.485,11099.289,11023.853,11037.875,11032.263
15337.683,15105.614,15141.381,15074.411,15116.252,15087.398,15065.303,15121.567,15167.746,15019.726,14966.401,14855.637,14880.478,15008.777
13778.604,13852.494,13890.568,13902.386,13845.1045,13740.938,13757.959,13721.063,13803.86,13864.026,13928.23,13784.455,13797.272,13839.4
1083.5765,1080.3275,1077.6538,1104.4869,1097.8676,1115.7277,1129.8868,1157.5115,1129.8147,1127.0442,1137.1997,1122.4711,1101.0645,1115.5684
9833.269,9897.896,10022.268,10093.255,10094.502,10132.887,10183.008,10209.216,10321.763,10321.073,10278.114,10198.745,10234.47,10217.759
956.46375,963.3312,978.56287,986.48865,983.3591,984.04663,983.9741,987.0144,994.24994,993.58417,996.1695,989.3996,990.6581,990.15643
10231.274,10280.304,10438.761,10488.294,10485.027,10503.227,10532.529,10564.424,10675.27,10659.832,10634.3545,10541.101,10579.61,10553.303
918.2543,922.6543,936.87506,941.3181,941.02484,942.66095,945.2893,948.1529,958.10156,956.7129,954.4232,946.05536,949.51105,947.1487
10246.437,10295.511,10454.18,10503.773,10500.496,10518.7295,10548.088,10580.047,10691.053,10675.559,10650.006,10556.619,10595.225,10568.854
7964.0547,8037.6084,8199.471,8275.692,8264.524,8295.3125,8338.384,8349.696,8431.98,8465.351,8477.402,8394.445,8411.217,8401.567
8609.124,8659.378,8804.624,8809.87,8804.08,8810.915,8810.645,8820.1,8936.484,8936.011,8903.609,8819.243,8898.559,8899.027
9860.221,9958.255,10178.755,10308.695,10265.353,10346.266,10432.35,10530.189,10648.646,10600.565,10649.743,10487.615,10479.744,10492.182
2098.2888,2094.336,2102.52,2110.1047,2118.948,2110.9182,2121.0132,2100.0093,2088.9106,2086.9644,2101.8037,2102.8035,2108.1023,2107.4302
9133.166,9200.928,9363.43,9436.785,9405.322,9422.422,9418.838,9443.7,9518.421,9506.036,9545.114,9475.004,9491.541,9486.886
8619.445,8669.745,8815.156,8820.441,8814.619,8821.4375,8821.197,8830.7,8947.21,8946.76,8914.324,8829.839,8909.247,8909.724
4077.9517,4067.9,4141.6396,4088.66,4207.8726,4243.688,4279.452,4262.4956,4199.925,4176.057,4194.167,4177.567,4220.6475,4225.8037
9269.127,9333.344,9442.727,9521.379,9528.058,9574.383,9615.931,9632.606,9742.087,9741.57,9699.38,9629.318,9676.04,9649.421
9848.329,9946.25,10166.511,10296.306,10252.998,10333.8545,10419.842,10517.54,10635.861,10587.826,10636.929,10474.988,10467.131,10479.543
8988.741,9078.121,9279.146,9397.619,9358.095,9431.882,9510.387,9599.572,9707.55,9663.703,9708.554,9560.724,9553.544,9564.886
20208.91,20096.809,20013.658,19928.943,19813.348,19721.408,19610.254,19725.914,19817.47,19821.682,19707.521,19739.021,19617.031,19545.229
9280.278,9344.574,9454.076,9532.812,9539.48,9585.87,9627.473,9644.185,9753.752,9753.232,9711.021,9640.882,9687.677,9661.034
9108.61,9155.879,9303.816,9354.525,9349.947,9374.535,9395.422,9428.475,9525.7295,9510.222,9498.782,9414.551,9448.227,9426.138
1685.1785,1671.5775,1672.9556,1669.2084,1655.2947,1652.4766,1649.5295,1653.1145,1643.5051,1644.9092,1655.853,1663.2537,1665.1407,1675.467
1616.7358,1629.6617,1644.3794,1632.6133,1645.4869,1648.7953,1650.8922,1642.0393,1636.1877,1638.6403,1651.1914,1628.0928,1635.6567,1659.4287
1091.5583,1090.8105,1101.2823,1100.1962,1103.4285,1103.4113,1103.7881,1102.4884,1099.7087,1099.2811,1100.3738,1102.1978,1104.4319,1109.5026
1235.6779,1228.729,1245.8003,1244.6542,1246.777,1246.3975,1257.053,1267.902,1251.345,1247.4688,1261.2676,1254.3622,1249.7001,1262.7242
1419.5476,1413.3679,1426.9108,1427.1813,1420.768,1416.6111,1416.7522,1411.3271,1407.4928,1408.2246,1417.3474,1417.6068,1418.137,1423.0553
1321.399,1321.32,1330.9137,1338.2448,1345.1025,1341.1703,1344.2456,1341.9249,1338.9844,1341.5938,1344.2389,1334.2921,1337.8815,1337.2567
1080.6871,1080.0369,1090.658,1089.4941,1092.8284,1093.0662,1093.644,1092.472,1089.5531,1089.2269,1090.266,1092.0386,1094.3372,1099.4369
1171.3708,1169.7975,1179.31,1174.1062,1177.334,1179.2223,1186.874,1191.0084,1185.8096,1182.4852,1183.9899,1182.3928,1183.6028,1190.3279
1137.5492,1135.9366,1148.877,1151.6138,1155.1692,1156.2178,1159.6119,1162.868,1153.5687,1152.3562,1158.5216,1159.463,1158.41,1164.2202
1164.2355,1157.5474,1170.5886,1167.8424,1170.346,1171.1628,1180.4095,1192.2908,1171.1389,1168.7416,1181.5123,1169.6296,1164.6025,1180.5238
2168.3462,2183.4124,2180.4453,2186.7085,2199.6135,2203.8984,2219.305,2208.4802,2202.8914,2202.1042,2196.4497,2185.5159,2191.0842,2207.784
1223.003,1215.9861,1232.5714,1231.1675,1233.2723,1233.1305,1243.5208,1254.4861,1237.1272,1233.4492,1247.0785,1239.2924,1234.595,1248.1831
1159.7666,1158.2749,1167.6326,1161.7893,1165.2177,1167.3086,1175.1544,1179.8016,1174.3689,1171.0038,1172.3622,1170.3838,1171.6372,1178.4622
1084.7366,1083.3619,1096.324,1098.5178,1102.4116,1103.6813,1108.3834,1112.613,1101.9937,1102.5492,1108.4218,1109.0631,1108.3203,1114.2246
1153.1886,1151.814,1162.6111,1163.2617,1165.7667,1165.9384,1169.7717,1170.2295,1164.2583,1163.8175,1167.6687,1168.2856,1169.772,1176.5564
962.6999,961.50006,969.0684,964.40845,966.7452,968.62506,975.34906,978.55865,974.1258,971.4376,972.7116,970.86633,971.9127,977.7002
984.42505,983.6932,993.2315,992.2452,995.02,995.147,995.77136,994.35535,991.8009,991.3491,992.1966,993.3219,995.4589,1000.137
938.8059,943.1144,935.8653,957.191,969.7951,976.7422,984.0345,984.51825,968.6488,962.14825,960.3151,948.43097,950.74084,957.99567
1088.4098,1087.0399,1098.3171,1097.0708,1100.2773,1101.1704,1106.8232,1109.0745,1102.143,1103.4076,1106.9475,1106.6334,1107.7056,1114.3823
1090.2803,1088.9299,1095.2947,1090.9905,1096.8462,1099.8468,1106.9935,1110.7689,1098.9985,1102.8248,1109.3015,1100.8995,1096.9419,1106.6682
15849.612,15837.101,15929.834,15941.304,15929.201,15923.438,15960.214,15932.506,15936.658,15930.554,15969.526,15985.561,15966.892,15963.765
15626.34,15615.223,15706.085,15717.237,15704.529,15699.88,15735.525,15709.326,15710.785,15705.759,15744.809,15762.398,15745.281,15744.457
9477.047,9506.103,9525.469,9499.86,9492.956,9480.726,9449.174,9443.842,9405.645,9410.454,9395.987,9333.071,9368.884,9428.827
11626.778,11566.207,11592.991,11581.017,11577.06,11579.105,11577.0205,11552.694,11540.819,11511.82,11509.968,11491.182,11500.963,11551.047
5963.119,5778.4307,5607.8574,5669.71,5917.652,6089.369,6041.691,5856.8115,5600.8203,5861.9116,5900.212,5709.456,5761.6807,5921.9277
11100.378,11045.62,11065.093,11047.389,11046.552,11053.824,11057.307,11027.604,11024.309,11013.392,11019.478,11004.843,11021.352,11071.33
5825.5547,5814.55,5915.685,5969.839,5921.6685,5883.7485,5898.6865,5931.544,5994.346,5995.3076,6009.901,5965.705,5995.8745,5920.8306
10308.272,10277.286,10259.037,10249.287,10192.624,10228.871,10275.318,10224.027,10173.242,10200.1875,10175.16,10210.913,10170.376,10242.584
8485.275,8453.307,8468.586,8467.636,8451.005,8428.619,8404.91,8407.04,8417.646,8390.644,8391.777,8401.043,8389.889,8420.435
12451.9,12442.918,12440.113,12439.511,12444.192,12417.278,12423.823,12422.7295,12431.959,12420.608,12452.592,12426.955,12419.357,12437.806
11744.312,11682.992,11710.73,11699.263,11694.809,11696.139,11693.202,11670.078,11656.473,11624.467,11621.126,11601.033,11609.631,11660.335
13449.979,13447.51,13518.62,13551.047,13535.021,13520.632,13623.138,13668.711,13672.3125,13653.135,13740.093,13730.837,13682.221,13726.392
12287.737,12251.29,12256.047,12255.756,12259.554,12276.173,12309.479,12312.723,12297.224,12282.275,12291.699,12266.089,12245.48,12267.489
12717.655,12715.719,12781.817,12819.304,12813.056,12791.926,12883.965,12923.168,12930.404,12914.268,12997.269,12985.815,12951.725,12992.811
12560.817,12660.691,12737.619,12661.958,12756.467,12815.148,12864.155,12821.803,12821.725,12828.237,12848.407,12732.682,12737.177,12741.5205
6396.772,6389.925,6403.968,6408.553,6392.329,6394.213,6427.427,6425.6157,6423.698,6414.4995,6436.358,6443.2446,6438.0156,6485.836
12327.48,12319.014,12314.422,12315.205,12319.56,12292.929,12300.024,12298.722,12309.385,12298.192,12330.128,12305.577,12298.116,12316.872
13934.354,13945.988,14015.582,14022.871,14005.264,14011.836,14121.046,14182.087,14223.14,14171.745,14275.904,14273.13,14189.752,14223.611
13001.636,12941.25,12966.139,12940.032,12934.907,12941.682,12940.482,12902.958,12896.756,12889.5625,12897.615,12885.063,12898.592,12960.615
10875.816,10674.278,10577.069,10627.248,10590.789,10575.119,10462.149,10295.751,10147.418,10246.562,10301.864,10213.529,10279.088,10414.835
13900.096,13826.092,13857.964,13827.439,13824.276,13834.547,13827.435,13787.2705,13782.219,13756.276,13749.844,13730.917,13735.85,13804.998
13616.019,13580.588,13571.182,13550.277,13539.367,13570.069,13635.936,13659.6875,13662.766,13637.155,13635.697,13620.342,13592.886,13588.336
13767.849,13778.24,13846.813,13854.426,13838.391,13843.891,13953.17,14013.459,14054.637,14004.505,14107.939,14103.842,14024.165,14057.802
14671.442,14666.372,14756.876,14766.766,14750.164,14749.646,14784.093,14762.043,14749.137,14745.861,14786.881,14809.276,14796.103,14806.65
12766.585,12743.914,12739.842,12701.587,12685.403,12700.855,12763.641,12786.555,12798.168,12770.068,12772.781,12751.827,12745.098,12744.43
6383.12,6371.524,6380.824,6376.1323,6418.792,6415.3857,6399.294,6395.4336,6408.5366,6416.652,6418.903,6418.3594,6410.5464,6423.6553
13259.759,13218.606,13210.594,13185.511,13179.277,13192.723,13242.917,13259.094,13257.89,13245.435,13264.762,13226.767,13208.538,13217.933
13830.345,13829.78,13805.385,13799.553,13795.042,13760.14,13765.154,13771.845,13797.92,13780.242,13828.876,13808.978,13802.607,13813.77
14605.172,14600.706,14583.577,14573.504,14563.662,14526.91,14526.354,14537.106,14552.762,14537.592,14586.088,14559.062,14547.854,14555.686
9644.61,9585.097,9562.953,9594.925,9636.131,9667.771,9701.052,9637.708,9660.103,9660.973,9693.669,9666.004,9665.613,9587.594
914.224,909.07355,919.5003,917.3292,918.7492,920.0208,927.8621,936.742,920.11694,918.0128,928.4255,919.12445,915.39307,927.9277
1028.749,1027.5841,1038.9697,1040.949,1044.0281,1044.8563,1048.146,1050.6929,1042.4095,1040.8658,1046.6681,1047.1628,1046.3883,1052.0516
718.832,714.3461,714.81525,714.18976,712.9911,711.4741,710.75287,711.82367,714.74365,713.4863,711.8033,710.7365,707.8555,710.2267
952.10693,951.0053,958.38025,953.21045,955.6946,957.72235,964.5811,968.1989,963.57135,960.8738,962.04663,959.91876,960.9743,966.85425
964.7393,959.36487,972.4366,971.08,972.46796,972.87604,981.7712,990.3114,976.71515,973.30176,984.5995,978.67285,974.95276,985.65796
1003.1111,1001.79,1011.33234,1011.58356,1013.85547,1014.2069,1017.6922,1017.76514,1012.44385,1011.977,1015.4991,1015.5158,1016.8819,1022.82086
1312.3845,1320.7711,1337.5758,1322.1217,1323.1481,1319.425,1323.6334,1328.2134,1332.5105,1334.2507,1338.7709,1319.0115,1329.2413,1333.9816
941.4995,940.3953,949.99304,948.699,951.1852,952.0725,957.18365,958.8912,952.9163,953.9305,957.0858,956.481,957.4834,963.32446
1369.5496,1373.5095,1387.7234,1390.2933,1385.0188,1381.7876,1387.3002,1383.5609,1388.0833,1394.0898,1400.1461,1399.0116,1391.2727,1389.1376
11455.559,11459.791,11547.563,11573.206,11481.842,11438.799,11294.386,11294.241,11307.305,11440.974,11349.659,11346.063,11314.162,11278.797
9531.281,9554.814,9581.003,9566.208,9533.304,9543.652,9521.581,9436.903,9489.851,9572.924,9565.755,9560.6,9548.263,9557.926
8681.465,8720.067,8835.16,8861.261,8833.588,8813.133,8849.077,8828.252,8875.576,8931.914,8983.1875,8981.846,8915.072,8897.511
518.29376,515.6918,519.90356,519.2036,516.46,516.2318,518.49457,520.21216,523.26917,518.6329,520.54407,521.8298,526.8461,527.56537
10934.112,10998.832,11158.367,11220.934,11155.984,11155.371,11244.629,11251.396,11304.327,11319.555,11406.0,11352.48,11262.1455,11255.548
8799.789,8833.408,8948.164,8973.875,8946.495,8924.261,8959.79,8935.493,8986.99,9041.405,9091.79,9091.445,9026.875,9005.616
5333.54,5606.409,5835.951,4879.2036,5309.259,6373.5454,7522.785,7965.3853,6614.673,6842.2617,6564.2227,5940.001,6622.969,7658.977
1022.6234,1023.8922,1029.5059,1030.3594,1027.2816,1027.6786,1031.3015,1030.5648,1034.6821,1037.2769,1038.0521,1038.5243,1034.6464,1032.3796
883.98926,889.9291,892.9499,891.5288,888.203,890.73883,890.00446,881.8952,884.2378,894.156,893.9252,895.08545,894.7319,897.7711
1009.9011,1011.63727,1017.6118,1018.50385,1015.30383,1015.3837,1019.34204,1018.5915,1022.6682,1025.4159,1026.2961,1026.6091,1022.85095,1020.8427
10788.069,10851.983,11012.86,11076.732,11013.137,11013.07,11102.767,11115.232,11160.016,11175.812,11266.486,11211.629,11118.471,11117.654
816.4124,821.8096,833.1195,835.221,830.6575,830.08527,835.724,835.29895,837.465,845.5215,850.95886,849.8924,842.11914,841.8858
541.4305,538.22614,541.84076,534.10144,533.6259,535.4652,536.51855,537.8609,538.7233,539.07043,543.245,540.56824,543.0803,549.109
9961.501,9969.975,10054.215,10064.355,10053.494,10015.647,10028.49,9995.402,10017.654,10036.158,10069.617,10058.052,10017.145,9992.323
10090.347,10094.846,10176.5,10183.969,10172.108,10134.089,10148.611,10114.426,10140.672,10159.971,10191.479,10177.476,10137.169,10110.67
1005.04456,1005.3589,1014.1598,1014.3766,1011.4693,1010.6118,1012.3617,1008.9137,1011.9125,1016.54175,1019.09717,1018.3865,1012.57306,1010.523
938.80505,941.93365,951.14,953.38007,951.785,948.7759,950.7001,948.3263,948.33215,950.5846,955.3773,956.0393,951.01685,949.55707
992.5292,993.1233,1002.04816,1002.3446,999.55133,998.5405,1000.49664,997.0964,999.9435,1004.63605,1007.27875,1006.478,1000.98236,998.98804
737.3603,738.1729,742.8719,740.2842,736.4814,731.341,725.8966,727.04626,737.1634,735.6631,734.1845,730.3566,725.0557,726.5688
936.84503,939.1994,948.976,948.9722,947.29663,945.5839,948.41473,946.0591,948.31274,953.21094,956.5298,955.20355,950.5654,949.42584
675.1607,670.2174,672.9741,680.6732,680.3403,684.3917,692.9429,690.06757,697.5965,699.20337,701.35846,708.8287,707.47815,702.7556
12064.231,12141.859,12252.07,12324.504,12245.864,12234.382,12333.422,12363.65,12402.923,12382.951,12483.706,12424.357,12337.7295,12334.542
1200.8241,1200.4614,1203.7999,1199.537,1196.3591,1199.0575,1200.2866,1190.0706,1196.4196,1206.5499,1206.4818,1204.8243,1204.6532,1206.2633
11749.168,11740.522,11773.393,11767.837,11750.082,11761.471,11805.201,11795.668,11808.368,11818.79,11816.496,11805.898,11780.018,11766.856
11885.534,11961.059,12071.828,12146.868,12066.68,12056.08,12157.373,12193.94,12225.281,12205.074,12311.627,12251.877,12162.615,12161.228
11096.921,11159.155,11280.7705,11369.301,11291.826,11283.2705,11386.317,11454.175,11432.405,11410.179,11539.658,11475.592,11365.749,11383.472
1158.9509,1158.4292,1161.8224,1161.15,1159.5145,1160.614,1164.9637,1164.0442,1165.3029,1166.2385,1166.0251,1164.9149,1162.6876,1161.5718
1087.8313,1090.2203,1094.608,1095.4263,1092.2639,1092.4363,1097.1758,1096.7749,1097.7782,1099.6292,1099.9208,1098.998,1096.8071,1096.9136
767.82764,758.4515,756.7081,759.0879,748.66394,749.14514,752.18024,754.96436,753.0136,753.97845,756.4162,757.5,761.89526,760.45056
1275.3339,1275.1488,1281.8516,1281.687,1279.8615,1274.7946,1277.1462,1272.891,1274.3292,1276.4154,1280.309,1277.9038,1275.6298,1273.0365
1167.6028,1158.45,1157.4802,1159.8188,1162.9402,1158.873,1155.4393,1153.2069,1154.9952,1152.6124,1152.5437,1152.0023,1156.1788,1158.1084
864.0293,861.5874,860.43036,866.90576,870.5215,871.782,872.53687,872.0907,865.7564,867.57263,866.9457,866.0113,861.0691,872.8123
1179.3633,1181.5599,1189.1604,1190.6743,1188.8638,1186.1405,1188.7861,1185.1793,1184.4265,1186.2573,1189.3956,1189.0223,1186.49,1185.4512
1220.906,1219.589,1226.5742,1226.73,1223.2681,1222.0381,1225.1155,1222.8065,1222.6888,1226.6346,1228.848,1227.0397,1221.0239,1219.5197
2020.3309,2025.6333,2032.5336,2037.187,2040.7206,2042.658,2047.4349,2041.253,2045.8295,2047.8774,2051.5886,2051.6428,2052.3105,2054.3662
1090.3613,1085.2874,1089.8193,1081.445,1077.2234,1083.5656,1084.881,1090.1145,1103.9694,1106.2352,1105.2142,1102.4368,1096.6995,1088.4094
1928.8007,1933.8579,1940.4451,1944.8907,1948.2628,1950.1096,1954.6713,1948.7712,1953.1415,1955.093,1958.6359,1958.6893,1959.3286,1961.2872
1404.2377,1408.0377,1412.8488,1415.7911,1418.7181,1419.5779,1422.8561,1418.2784,1421.3887,1422.6841,1425.0254,1424.9249,1426.1465,1427.3503
1454.5217,1458.4598,1463.4454,1466.493,1469.5278,1470.4191,1473.8145,1469.0702,1472.2914,1473.6332,1476.059,1475.9552,1477.2212,1478.4668
1688.3513,1688.4872,1684.518,1685.1407,1687.2504,1688.6017,1691.7485,1689.2612,1693.4393,1694.8176,1695.328,1696.7102,1698.8457,1700.3994
1568.9846,1570.0079,1569.1517,1566.8293,1567.8694,1565.0121,1565.2766,1561.7238,1568.8466,1562.3185,1559.6912,1556.5994,1564.5349,1565.3835
1514.629,1515.6205,1514.7941,1512.5498,1513.5557,1510.798,1511.0518,1507.6248,1514.4983,1508.1947,1505.6615,1502.6792,1510.3376,1511.1569
1527.7886,1513.7911,1545.5222,1536.4801,1547.0828,1541.1738,1552.2446,1552.7843,1564.6328,1555.319,1564.3076,1554.2108,1563.5428,1562.9982
1546.5353,1551.1783,1555.1324,1563.4977,1563.1805,1565.0625,1576.627,1581.3285,1581.452,1581.4332,1585.5012,1577.7837,1576.8629,1579.2972
1740.3623,1745.5867,1750.0394,1759.4515,1759.0986,1761.2173,1774.2324,1779.5228,1779.6641,1779.6416,1784.2245,1775.5353,1774.497,1777.2372
1602.1621,1600.5195,1599.3098,1597.4021,1600.9539,1601.5586,1602.9337,1599.3085,1601.5485,1602.2407,1604.1022,1603.4867,1604.6417,1607.5962
1346.4661,1347.3469,1346.6125,1344.6176,1345.5116,1343.0608,1343.2855,1340.2365,1346.3477,1340.7435,1338.4902,1335.8397,1342.6498,1343.3776
1248.526,1251.9058,1256.1847,1258.8004,1261.4031,1262.172,1265.0879,1261.019,1263.7822,1264.9321,1267.0139,1266.9246,1268.0092,1269.0808
1660.7689,1659.7307,1662.4135,1662.9471,1668.0886,1665.5995,1664.7395,1660.5461,1661.4685,1659.4897,1660.0466,1660.1211,1662.1663,1663.6447
1448.6519,1448.7692,1445.361,1445.8943,1447.7062,1448.8652,1451.5624,1449.4325,1453.0166,1454.1987,1454.6351,1455.8236,1457.6526,1458.989
1133.4487,1128.4552,1134.1763,1133.8291,1130.9978,1130.8394,1133.7896,1135.8025,1136.2354,1140.6902,1143.1768,1141.204,1143.1041,1138.0931
1603.2478,1602.2466,1604.8354,1605.351,1610.3141,1607.9114,1607.0812,1603.033,1603.923,1602.0131,1602.5488,1602.6207,1604.5955,1606.023
2199.6448,2201.1482,2199.424,2196.476,2197.55,2193.5408,2193.9363,2188.8755,2199.568,2190.279,2186.3792,2181.4314,2192.395,2193.9233
1425.2351,1424.3433,1426.6478,1427.105,1431.5183,1429.3827,1428.6451,1425.0449,1425.8367,1424.1381,1424.6154,1424.6802,1426.436,1427.7051
1659.7115,1658.0105,1656.7565,1654.7811,1658.4595,1659.0862,1660.5116,1656.7557,1659.0756,1659.7927,1661.7218,1661.0845,1662.2802,1665.3396
2282.407,2283.9646,2282.1743,2279.1187,2280.2356,2276.0723,2276.4807,2271.2341,2282.3264,2272.6868,2268.6406,2263.506,2274.88,2276.4656
1285.2542,1281.7014,1289.2307,1285.8887,1289.1953,1284.149,1281.8488,1274.1238,1283.1803,1284.3359,1291.5188,1289.9434,1298.071,1291.487
2336.092,2334.039,2337.274,2337.8677,2345.4211,2342.2395,2341.179,2335.37,2336.7075,2334.2031,2334.8882,2335.0103,2337.5208,2339.4788
2213.2295,2219.9497,2225.0442,2237.1902,2237.0806,2239.897,2256.4446,2263.2493,2263.9265,2263.639,2269.0017,2257.814,2256.3154,2259.4087
2238.1086,2238.1633,2231.9514,2233.1409,2235.882,2237.8657,2242.0532,2239.108,2244.887,2246.7275,2247.2393,2249.1282,2251.4626,2253.5378
1294.9865,1292.3351,1294.7661,1288.7251,1286.2997,1285.8947,1283.5533,1284.3823,1283.1632,1281.9514,1286.0931,1288.0123,1289.1061,1291.9897
1773.6646,1766.6307,1770.5569,1771.1576,1766.9358,1766.3514,1774.5997,1782.2924,1790.1036,1790.5916,1790.4603,1792.1968,1794.7823,1783.0128
2296.8289,2303.8008,2309.0876,2321.694,2321.5798,2324.5034,2341.6758,2348.742,2349.4434,2349.1418,2354.7085,2343.1,2341.541,2344.7515
2328.0508,2325.3987,2322.7646,2320.2239,2325.3655,2326.4343,2328.4624,2323.403,2326.7288,2327.7083,2330.591,2329.3372,2331.1409,2335.1665
2243.5369,2240.9812,2238.4468,2235.997,2240.9524,2241.9802,2243.9348,2239.0588,2242.2646,2243.2073,2245.9858,2244.7783,2246.5176,2250.3962
2535.3171,2496.5847,2488.9514,2463.3323,2447.163,2416.2014,2395.4124,2407.123,2411.0212,2405.0515,2404.6194,2395.2256,2426.11,2426.1628
2156.8733,2156.9246,2150.9387,2152.085,2154.7263,2156.637,2160.6711,2157.833,2163.4033,2165.1775,2165.67,2167.4895,2169.7402,2171.7397
1841.2578,1853.3434,1857.9274,1858.3585,1845.8076,1841.0272,1829.1008,1825.511,1809.1599,1817.17,1815.031,1808.1741,1816.5604,1836.075
699.0623,695.1657,698.3866,691.79974,675.8539,671.49524,664.80383,675.6108,680.996,685.1965,688.9584,680.61584,681.9667,685.54755
2844.6775,2846.5554,2850.317,2851.3892,2844.0432,2851.7341,2856.6208,2854.3296,2866.8635,2864.6084,2848.6963,2847.129,2851.0842,2863.1584
5709.775,5701.86,5745.8555,5743.5645,5736.976,5725.049,5731.1597,5715.4536,5729.617,5721.767,5744.6157,5721.4487,5747.9688,5743.922
8805.728,8730.764,8713.619,8702.414,8655.929,8647.222,8586.167,8635.537,8633.578,8604.619,8565.7,8573.713,8576.504,8680.935
11166.534,11183.983,11259.702,11323.945,11371.85,11251.849,11233.515,11279.755,11343.375,11501.172,11481.04,11333.57,11333.131,11409.175
634.6519,622.79596,626.0111,632.48846,635.67316,636.55743,638.14075,638.54926,639.3676,631.4985,624.7186,616.2388,615.4063,621.5779
1543.013,1555.3821,1568.1992,1572.7063,1582.1814,1582.1732,1586.2136,1579.639,1577.5902,1573.1067,1568.2567,1567.9775,1584.468,1598.1046
1514.4957,1526.6821,1534.7881,1532.9495,1540.3518,1541.7672,1543.0594,1534.076,1520.5255,1513.8673,1507.6039,1508.6487,1530.634,1551.024
1666.7274,1678.8267,1686.5837,1686.329,1692.7708,1696.4454,1696.4094,1686.6621,1673.0746,1667.518,1659.362,1663.1973,1685.4666,1709.8918
1260.052,1250.0582,1263.4,1278.5349,1304.8624,1310.0042,1333.183,1364.009,1390.5029,1348.5785,1359.0535,1345.3037,1355.5574,1337.5096
1396.0217,1407.7894,1418.9154,1422.5837,1427.7549,1430.8163,1434.9617,1430.6724,1424.5042,1423.4309,1421.6246,1420.7672,1433.3369,1447.8596
1472.4116,1483.8479,1490.9009,1490.3435,1496.9734,1496.5474,1499.4524,1492.818,1489.5879,1486.8186,1482.4965,1482.7976,1496.7711,1509.0784
1114.5209,1080.7919,1068.0752,1073.5405,1104.1208,1101.3693,1105.278,1110.9784,1092.8661,1097.0568,1109.1451,1099.5164,1113.3169,1106.8877
1606.2623,1618.3638,1626.1694,1623.7526,1629.2435,1624.6125,1621.1582,1611.3094,1601.6068,1594.8951,1591.3362,1591.6326,1612.7164,1635.2803
1599.0442,1609.5143,1627.3937,1635.6246,1636.3635,1628.4315,1621.6725,1609.0132,1596.3516,1589.5375,1590.0442,1594.8153,1604.0278,1626.058
1633.1483,1647.1498,1651.9504,1651.7701,1653.1663,1650.2189,1648.1724,1642.2853,1636.9432,1630.5026,1625.1254,1627.93,1649.2213,1668.7472
1804.1401,1817.6066,1824.662,1823.2008,1827.7305,1824.5934,1823.4586,1814.7144,1806.8556,1797.5071,1790.6654,1792.2617,1817.057,1840.354
1110.5048,1107.2892,1108.2996,1108.2919,1109.2365,1114.9104,1132.6455,1144.8542,1153.642,1145.0669,1138.0922,1137.8706,1164.6597,1172.5352
1290.0253,1282.1167,1279.6858,1293.4409,1296.2576,1306.009,1309.7778,1294.4718,1288.1448,1299.5645,1300.7296,1307.0111,1308.2084,1327.9204
1639.469,1651.4658,1654.2325,1658.8623,1661.7009,1666.4498,1672.2316,1664.8962,1660.5962,1664.3875,1660.2949,1661.7258,1674.5573,1688.8812
1552.8076,1565.0985,1571.676,1576.0891,1580.0444,1582.5466,1583.3007,1574.8716,1561.2288,1559.2494,1552.6368,1557.2588,1575.2225,1594.1202
1490.1743,1502.1157,1506.3628,1509.3287,1513.4281,1514.501,1520.6505,1515.21,1512.5928,1514.2069,1511.6819,1513.9362,1524.7958,1535.5109
1319.5194,1306.0077,1302.3579,1282.2567,1282.0623,1283.8351,1281.4292,1286.6449,1296.5643,1300.0039,1302.6707,1301.234,1308.8771,1308.4218
779.4019,784.946,786.00586,786.1249,779.1514,783.01135,779.7887,778.44745,777.65283,781.00806,784.7478,787.91144,784.19147,796.5442
1068.2618,1078.2983,1084.5029,1087.7124,1094.7026,1095.2139,1098.7219,1095.6058,1093.6924,1093.8987,1091.8394,1091.5815,1101.1632,1110.2426
1721.8431,1733.5538,1737.3862,1744.4377,1742.1951,1742.7795,1745.5966,1753.8032,1745.8121,1744.2078,1743.0149,1741.4506,1742.7417,1767.7944
1592.4469,1604.4512,1611.3201,1610.786,1616.6511,1613.712,1612.8584,1604.6144,1594.5294,1590.098,1588.0507,1589.3921,1608.395,1626.8854
641.2023,737.7792,852.7279,807.1078,845.6256,941.08997,795.87585,841.8972,973.35706,1044.5292,1005.3041,944.1326,968.7133,983.64514
1420.1392,1410.2212,1403.0554,1394.9988,1391.9845,1408.8448,1421.4628,1424.639,1432.667,1421.6824,1413.0114,1425.027,1424.2109,1405.3711
1652.4121,1662.913,1679.5382,1686.3986,1688.3557,1677.8015,1671.6511,1659.8993,1650.926,1646.1029,1644.5623,1649.6825,1660.3376,1678.2871
1820.3201,1831.4775,1848.8356,1854.63,1856.3815,1845.1404,1839.6913,1828.7557,1817.4631,1811.276,1807.4906,1814.2728,1828.546,1846.4447
1424.6115,1430.6666,1420.2325,1387.5725,1416.8667,1442.739,1476.858,1482.0406,1474.9277,1461.5612,1464.7045,1444.9889,1475.0629,1481.5077
1439.26,1438.9918,1439.463,1441.2068,1445.4442,1445.101,1446.971,1449.0839,1452.3074,1449.5032,1447.4445,1444.8646,1449.3912,1447.9747
12967.073,12966.703,12970.771,12984.726,13013.664,13007.942,13009.542,13023.934,13049.672,13020.492,13000.399,12989.409,13023.369,13016.112
1397.3229,1387.2646,1397.3718,1419.8721,1403.7422,1388.2573,1389.3046,1384.7567,1408.1758,1411.0051,1377.641,1392.065,1390.5132,1377.6227
1767.7959,1771.1877,1770.7676,1774.8618,1777.5613,1779.1003,1789.7876,1804.1786,1810.5911,1795.9492,1799.2732,1796.223,1793.1615,1798.7148
1571.132,1566.8505,1559.8513,1556.5067,1561.0782,1564.3069,1562.3616,1563.3573,1563.0634,1561.8284,1552.9099,1552.1189,1562.5082,1569.1523
1670.9781,1670.0846,1662.8649,1659.081,1662.2725,1663.5931,1666.0151,1671.3911,1671.9944,1667.3191,1660.5492,1660.438,1665.0237,1666.9742
1413.7139,1411.3741,1411.6519,1411.2391,1412.1392,1407.397,1403.8698,1404.6979,1403.0568,1402.2692,1403.3783,1400.7516,1404.8413,1403.9639
1274.7198,1275.1023,1275.7028,1277.8654,1281.0403,1282.1823,1283.8663,1286.9894,1288.6364,1285.7162,1284.6238,1282.5677,1285.9794,1285.2031
1566.1735,1569.3643,1570.0658,1572.3622,1575.3049,1576.8452,1587.1089,1600.4833,1607.0608,1593.6091,1598.3429,1596.5059,1593.4458,1597.322
1483.6301,1484.0653,1479.2743,1474.481,1478.498,1478.9896,1480.3383,1484.3241,1485.8356,1479.6871,1473.0308,1472.4504,1478.6632,1479.5078
1429.6351,1429.2778,1430.3965,1432.7914,1436.3757,1435.5553,1437.3513,1439.1713,1441.8341,1439.5953,1438.0531,1435.708,1439.2723,1438.1127
1595.1815,1592.7062,1591.3989,1590.6914,1591.887,1585.4432,1581.0867,1581.5443,1578.8774,1578.154,1579.3186,1575.6443,1579.9459,1579.724
1651.7207,1648.6593,1644.7074,1643.0573,1644.922,1643.5615,1643.6234,1645.9396,1642.8352,1642.625,1639.318,1636.3848,1639.0908,1641.6743
14322.807,14279.245,14222.53,14183.639,14216.927,14244.123,14219.235,14241.196,14242.225,14224.715,14141.329,14132.955,14224.095,14295.45
1266.2727,1266.6191,1268.0074,1270.664,1273.2512,1273.6313,1275.2968,1277.8853,1278.8298,1276.6472,1276.1228,1274.3168,1276.8396,1276.6288
1467.0839,1466.0771,1464.3416,1460.9813,1463.1262,1460.759,1460.5547,1461.191,1459.6523,1458.1328,1455.6239,1451.734,1455.8818,1457.5359
11128.558,11133.658,11144.199,11159.058,11184.431,11187.19,11191.436,11209.302,11222.278,11194.334,11184.253,11174.615,11199.398,11194.979
12527.876,12494.032,12445.162,12409.975,12437.807,12459.557,12432.571,12442.93,12437.182,12427.034,12370.031,12369.095,12446.942,12497.991
14344.485,14371.39,14370.619,14399.253,14422.205,14431.944,14511.515,14620.625,14664.349,14545.723,14566.187,14543.685,14521.95,14566.918
13991.193,13978.649,13909.035,13880.498,13906.653,13924.85,13947.25,13992.433,13991.864,13956.41,13904.065,13908.691,13940.157,13963.458
5396.254,5382.4253,5412.699,5418.2256,5436.646,5434.306,5440.9473,5431.9424,5429.5156,5411.41,5411.3076,5420.6777,5442.3433,5442.066
12542.066,12566.495,12574.534,12588.845,12612.809,12622.46,12700.604,12800.59,12846.02,12740.148,12772.237,12758.395,12739.172,12769.235
9589.07,9571.271,9529.564,9531.484,9507.818,9501.959,9477.526,9521.929,9536.654,9515.212,9517.225,9529.054,9462.667,9521.26
12761.91,12746.935,12724.083,12698.367,12713.046,12696.371,12685.221,12698.524,12673.402,12666.76,12647.243,12620.395,12646.962,12667.504
14154.711,14012.275,13934.488,13915.272,13863.75,13845.713,13844.379,13830.895,13843.608,13829.353,13942.526,13952.371,13848.04,13887.907
13313.297,13288.89,13286.849,13279.313,13286.935,13234.519,13185.1455,13189.026,13159.725,13153.724,13165.543,13137.337,13178.02,13175.706
1586.2262,1582.5292,1583.1083,1579.787,1576.8975,1577.7207,1582.8407,1576.742,1582.4664,1582.3556,1582.1068,1577.6497,1583.0923,1585.0123
1398.4983,1400.07,1406.9198,1407.6033,1406.8372,1406.94,1413.1453,1404.8289,1408.6593,1411.5437,1414.8036,1413.7565,1416.8538,1415.6364
1522.916,1519.6049,1535.6016,1538.7961,1541.3185,1538.3251,1547.0553,1562.2438,1570.4923,1567.4749,1559.6123,1555.5844,1554.8202,1537.411
2042.1104,2015.3264,2021.2429,2014.283,2011.7413,2006.5084,1998.4956,2000.3086,1993.3937,1981.2474,1974.3175,1969.4728,1969.4329,1980.109
1490.2418,1496.3892,1500.9518,1507.4218,1504.4294,1505.0375,1516.5947,1513.5665,1515.313,1518.8463,1525.498,1520.0966,1520.993,1521.6965
1057.0956,1058.2833,1063.4623,1063.9788,1063.3995,1063.4769,1068.1664,1061.8816,1064.7762,1066.956,1069.4209,1068.63,1070.9708,1070.0514
1255.9042,1252.976,1253.4352,1250.8042,1248.5165,1249.1693,1253.2244,1248.3959,1252.928,1252.8412,1252.645,1249.1149,1253.4224,1254.9417
1264.8829,1270.0999,1273.9722,1279.4636,1276.9226,1277.4397,1287.248,1284.6786,1286.1615,1289.1598,1294.804,1290.2207,1290.9819,1291.5792
1452.0212,1449.4353,1448.6855,1447.4545,1444.8193,1448.7499,1453.2815,1450.0094,1453.6221,1455.8168,1457.6388,1459.151,1459.9977,1459.5612
1684.3954,1685.0363,1686.7161,1685.9719,1686.6888,1684.6136,1687.3401,1681.4337,1683.7124,1686.0111,1689.6549,1687.5518,1688.0112,1688.5468
2535.0005,2533.093,2531.8113,2527.6604,2528.7979,2520.3865,2509.5012,2509.0815,2518.1348,2511.9148,2514.4304,2514.5093,2513.4329,2520.3228
1571.1691,1571.7653,1573.334,1572.6384,1573.3088,1571.3727,1573.9165,1568.4067,1570.5333,1572.6768,1576.0774,1574.1128,1574.5421,1575.04
1616.9199,1612.6326,1612.3696,1608.6785,1607.7235,1612.2382,1616.4606,1610.9331,1612.7543,1617.2078,1620.8171,1621.6144,1621.4127,1623.4769
1333.5492,1334.0573,1335.3878,1334.7982,1335.3668,1333.7233,1335.8827,1331.206,1333.0103,1334.8292,1337.7156,1336.0488,1336.4128,1336.8383
1556.933,1554.1592,1553.3577,1552.0388,1549.2147,1553.4259,1558.2844,1554.7756,1558.6511,1561.0028,1562.9552,1564.5741,1565.484,1565.0137
1280.1273,1276.7334,1276.5234,1273.6023,1272.8461,1276.4211,1279.7622,1275.3857,1276.8274,1280.3544,1283.2106,1283.8433,1283.684,1285.3169
1508.2324,1504.232,1503.9863,1500.5436,1499.6531,1503.8634,1507.8011,1502.645,1504.3436,1508.4988,1511.8655,1512.6095,1512.4227,1514.3469
15431.336,15375.914,15473.456,15489.862,15468.119,15432.034,15453.782,15402.143,15410.045,15375.399,15446.82,15456.149,15485.968,15486.9795
10912.08,10811.116,10846.644,10795.548,10796.062,10800.979,10785.63,10689.495,10681.219,10714.064,10810.3,10832.977,10859.538,10919.689
5728.5205,5676.645,5658.4087,5622.021,5599.196,5607.168,5651.3125,5669.1646,5697.616,5709.378,5709.687,5687.747,5663.905,5647.4263
11275.247,11227.146,11311.41,11329.106,11315.366,11289.739,11307.687,11266.583,11269.555,11247.251,11309.22,11318.874,11339.662,11342.398
5074.7466,5037.5977,4995.4883,5014.213,5015.2524,4982.8315,4974.714,5001.172,5037.541,4977.5024,4953.279,4935.5454,4923.0186,4986.7886
11803.225,11722.4,11756.818,11730.5625,11713.862,11697.196,11704.166,11655.928,11662.56,11628.843,11710.533,11712.458,11742.659,11772.208
4712.1123,4715.6987,4675.988,4626.003,4583.918,4618.7437,4658.1294,4664.0327,4674.047,4657.463,4615.1978,4610.422,4645.2695,4669.5317
10167.659,10121.02,10199.831,10216.569,10205.69,10182.202,10199.137,10162.349,10164.488,10146.278,10203.922,10213.318,10230.579,10233.214
9848.887,9862.495,9840.223,9825.452,9811.809,9816.717,9846.71,9881.539,9863.854,9846.956,9843.943,9840.765,9833.898,9871.392
12611.863,12602.383,12653.438,12685.783,12674.721,12658.785,12713.493,12675.858,12727.046,12650.851,12793.92,12769.818,12773.927,12779.617
11809.844,11699.666,11739.911,11683.613,11685.463,11689.829,11672.066,11566.861,11557.42,11588.052,11693.395,11714.544,11743.796,11810.251
13094.051,13005.357,13043.46,13012.773,12993.791,12973.221,12978.407,12922.272,12926.1,12885.872,12975.225,12980.08,13014.922,13052.138
7289.977,7255.0435,7265.533,7189.3486,7209.0947,7209.531,7207.717,7261.438,7278.1694,7219.688,7205.895,7204.089,7242.6514,7233.551
15238.132,15110.942,15151.47,15082.38,15083.863,15093.277,15049.63,14914.655,14912.944,14941.633,15056.914,15079.619,15120.108,15202.521
8297.9375,8294.304,8408.412,8416.119,8372.004,8362.715,8375.842,8403.607,8402.028,8416.197,8436.11,8436.31,8430.831,8439.524
14997.342,14992.725,15046.572,15081.053,15074.193,15062.695,15109.886,15056.387,15108.201,15021.118,15178.298,15158.858,15155.256,15172.064
1355.991,1351.0404,1359.7914,1361.3733,1359.5516,1356.4546,1358.3994,1353.8125,1354.5164,1351.6953,1358.0454,1358.9606,1361.5287,1361.655
6713.828,6681.7207,6676.6875,6703.842,6697.253,6712.7563,6646.3984,6663.7456,6689.6616,6720.0215,6632.088,6664.1094,6620.584,6647.384
11234.495,11187.448,11236.103,11225.411,11165.889,11145.523,11125.015,11102.456,11131.731,11163.718,11184.859,11134.298,11048.52,11070.043
14846.561,14722.578,14761.813,14694.474,14696.244,14705.854,14663.795,14532.043,14530.673,14560.917,14672.859,14696.176,14735.717,14815.801
10437.589,9950.062,9657.178,9164.901,8646.619,8335.8955,8563.231,8757.802,9066.252,8856.115,8738.989,8364.585,8280.3,8589.563
7137.414,7184.878,7174.8257,7170.5527,7170.226,7229.88,7245.9053,7255.25,7284.673,7273.8423,7322.258,7273.2954,7286.604,7364.942
15391.63,15386.985,15442.671,15477.627,15470.657,15459.727,15507.435,15451.09,15503.691,15414.159,15575.262,15555.823,15551.806,15570.014
13831.581,13826.961,13876.009,13908.792,13902.369,13889.874,13935.023,13888.644,13937.686,13857.689,14003.156,13984.175,13981.507,13995.031
13484.747,13401.843,13429.511,13391.982,13369.538,13349.156,13344.03,13288.775,13285.351,13257.334,13342.993,13355.646,13389.114,13433.803
15596.643,15498.372,15527.219,15492.049,15478.696,15441.998,15391.092,15314.98,15287.561,15268.682,15397.365,15407.175,15438.831,15486.822
1462.2173,1456.0422,1461.8975,1463.1848,1462.1995,1451.612,1444.5968,1438.4591,1431.16,1421.8561,1433.8505,1436.6213,1439.9647,1448.7455
8791.979,8796.406,8870.811,8904.31,8932.348,8940.885,8974.193,8944.679,8968.743,8984.465,9041.88,9022.39,9021.283,8998.167
5702.5684,5690.052,5666.8423,5624.808,5603.874,5589.0874,5599.1675,5597.9497,5613.7837,5630.3276,5618.2485,5606.705,5603.8345,5621.916
8506.824,8497.43,8517.43,8481.75,8490.474,8465.075,8439.996,8439.528,8456.899,8449.015,8453.828,8424.37,8427.776,8451.741
15198.021,15102.076,15130.28,15096.07,15083.622,15047.607,14998.755,14924.827,14898.981,14880.525,15005.6045,15014.799,15045.933,15092.314
867.60455,866.5892,870.8387,877.6829,871.6013,869.8541,870.4467,865.49347,868.41986,875.34283,872.30194,868.4999,867.2755,861.5352
1399.4084,1406.4539,1414.7,1424.5037,1417.7272,1421.088,1432.8944,1435.9608,1434.982,1437.1796,1446.3677,1440.3097,1439.1456,1442.7573
1398.0945,1403.9956,1413.1685,1417.0844,1417.7894,1419.095,1423.833,1418.6823,1420.282,1423.8544,1428.4397,1427.549,1428.694,1429.8191
1317.839,1319.4799,1322.1257,1324.0708,1323.4691,1323.3594,1327.1182,1324.9714,1327.8325,1327.6932,1328.2966,1327.213,1329.4662,1329.1045
1347.3713,1349.0519,1354.3596,1355.6356,1357.0995,1354.1395,1356.4097,1352.9015,1353.1371,1354.1238,1358.7405,1358.2112,1359.7202,1360.0367
1080.9388,1081.3202,1083.3042,1082.7938,1084.3998,1083.8118,1085.003,1081.4264,1082.9304,1081.7886,1081.8898,1082.3033,1084.7485,1087.4095
1222.5559,1222.8793,1224.9364,1224.2275,1225.9998,1225.3889,1226.788,1222.7432,1224.5015,1223.2845,1223.3802,1223.7067,1226.5664,1229.4626
11581.782,11610.461,11620.059,11593.005,11652.529,11625.615,11641.966,11660.55,11711.366,11653.136,11591.113,11528.252,11539.013,11534.938
1001.40155,1005.71124,1012.41516,1015.2905,1015.7668,1016.8008,1020.28033,1016.5789,1017.55444,1020.214,1023.58655,1022.99146,1023.7742,1024.6791
683.4173,680.34424,697.51465,700.87604,698.12897,695.1313,698.3994,704.3976,725.99164,723.8622,714.74634,719.05176,721.2177,706.5793
1237.2412,1243.4335,1250.9108,1259.5962,1253.563,1256.5874,1266.9886,1269.7769,1268.8407,1270.8063,1279.0219,1273.6696,1272.6024,1275.8392
1293.8326,1295.457,1300.5979,1301.8125,1303.2261,1300.3779,1302.5535,1299.1749,1299.4034,1300.3527,1304.7994,1304.2974,1305.7537,1306.0751
1165.0914,1166.5872,1169.1349,1170.8796,1170.3352,1170.259,1173.6012,1171.649,1174.1306,1174.0223,1174.6149,1173.7184,1175.723,1175.4905
1691.5946,1691.856,1694.3438,1693.0745,1695.5042,1694.7162,1696.6938,1691.151,1693.7021,1692.1211,1692.2261,1692.2986,1696.5717,1700.2867
1144.6257,1145.5244,1148.518,1148.8949,1149.7175,1148.8535,1150.9634,1148.2748,1149.8224,1150.433,1152.8276,1150.8132,1152.0981,1152.7915
1623.7126,1631.898,1641.1937,1652.5,1644.8735,1648.7859,1662.3763,1666.0076,1665.0817,1667.616,1678.0194,1671.0051,1669.6692,1673.7771
873.9609,869.9247,868.86365,866.0136,862.7956,862.0617,861.0852,861.0248,857.97003,859.2569,863.9609,865.7353,864.6043,870.01733
1324.4205,1323.1443,1324.1975,1326.997,1325.6393,1328.4559,1331.1212,1332.1129,1330.4221,1332.4224,1331.4924,1328.8927,1327.1235,1325.2852
13502.832,13359.595,13533.899,13450.101,13478.235,13524.313,13454.166,13437.113,13591.316,13480.369,13462.712,13462.541,13418.586,13568.711
1421.6952,1422.0604,1424.3975,1423.5048,1425.5798,1424.8547,1426.4856,1421.835,1423.9098,1422.4934,1422.6079,1422.849,1426.3174,1429.5719
861.69324,858.7834,863.77216,860.27435,867.113,861.98285,864.168,871.70276,876.3087,863.4666,881.5705,874.68896,872.9231,875.9922
1695.5787,1704.1356,1713.7861,1725.5852,1717.6378,1721.7056,1735.9088,1739.6755,1738.7305,1741.3677,1752.2021,1744.8756,1743.4941,1747.7711
1210.2498,1196.3516,1214.1207,1213.5555,1210.64,1204.9004,1213.2429,1213.3271,1210.8158,1202.9972,1213.5725,1217.4653,1218.384,1223.2538
1510.2351,1512.0774,1518.0034,1519.3145,1521.0045,1517.6814,1520.1434,1516.241,1516.5702,1517.7036,1522.8019,1522.2848,1524.04,1524.4409
1591.7804,1593.6287,1596.6392,1598.8505,1598.2034,1597.9813,1602.4211,1599.9045,1603.5652,1603.3241,1603.9572,1602.6207,1605.4176,1604.8036
1189.2798,1189.5549,1188.3221,1186.5654,1190.8735,1191.1759,1193.0364,1196.4457,1198.0889,1200.1992,1206.2318,1205.8033,1203.0903,1208.8225
1424.8613,1432.0073,1440.3716,1450.3146,1443.578,1447.0709,1458.9594,1462.2333,1461.3477,1463.5994,1472.8304,1466.6731,1465.4607,1469.1135
906.7203,894.632,901.4206,899.24854,900.9956,897.07666,904.94244,897.5003,908.0424,903.26385,904.64307,897.9208,909.6013,910.5268
1645.9744,1651.8934,1653.7714,1655.9823,1657.2216,1659.179,1659.0919,1657.8115,1661.9344,1668.2559,1670.6207,1670.6277,1668.7218,1665.2584
1393.0029,1382.7485,1408.9218,1390.002,1401.2885,1403.6216,1424.8154,1420.077,1433.6562,1436.277,1439.6185,1415.1636,1438.3108,1422.8901
1192.5685,1186.7968,1183.9277,1183.7914,1181.1791,1183.0306,1182.4789,1178.9835,1180.8124,1179.2698,1172.2023,1170.0131,1176.1583,1188.4178
1076.781,1075.1605,1073.6704,1075.1754,1072.7358,1074.7715,1076.9363,1073.9962,1076.5148,1077.6212,1076.1277,1074.5303,1078.4098,1082.7452
1071.5643,1066.3813,1063.799,1063.676,1061.328,1062.9935,1062.4941,1059.3511,1060.9962,1059.6097,1053.2567,1051.292,1056.8174,1067.8362
1438.7499,1436.0948,1432.349,1434.1571,1430.8344,1433.7678,1435.838,1432.0804,1435.5093,1436.6515,1434.5686,1431.1875,1436.1666,1442.2878
1106.5948,1104.9302,1103.4003,1104.9481,1102.4413,1104.532,1106.7583,1103.7361,1106.3247,1107.4617,1105.9282,1104.2855,1108.272,1112.7273
1160.4524,1154.8384,1152.0441,1151.9108,1149.3695,1151.1722,1150.6354,1147.2318,1149.0093,1147.5078,1140.6302,1138.5007,1144.4824,1156.415
1250.6055,1255.4354,1265.8601,1261.1166,1264.8517,1269.9259,1261.2812,1249.9136,1243.651,1244.49,1249.7064,1247.4849,1254.1938,1257.6432
1363.2589,1357.862,1392.1117,1397.0352,1416.5273,1410.3383,1419.5536,1409.2192,1408.9095,1402.3568,1410.2855,1405.1459,1408.1985,1414.669
858.22107,858.22687,865.17883,857.9122,855.864,853.3016,862.91016,867.7202,870.68604,864.1457,865.67285,856.60046,863.4547,866.18744
1264.0237,1254.2195,1255.1705,1256.1573,1244.2262,1239.2485,1233.8099,1239.5383,1232.7329,1234.8733,1238.3064,1237.1415,1237.3582,1247.352
1336.3796,1339.5166,1337.364,1340.7992,1338.7993,1339.0898,1338.8065,1337.2369,1337.056,1335.7578,1334.3845,1336.697,1336.9363,1347.3206
1680.8019,1674.9224,1670.8152,1669.048,1664.9751,1668.8931,1664.3063,1657.5415,1662.5057,1661.3528,1647.7861,1644.77,1654.5144,1674.4688
1247.1356,1242.109,1235.23,1234.4749,1231.0692,1234.9253,1235.3036,1232.8049,1236.6235,1236.4427,1232.8225,1232.2521,1237.6504,1243.8823
1259.8479,1254.8575,1246.2842,1248.5093,1249.5974,1253.4801,1249.3346,1243.83,1240.3661,1242.849,1244.3788,1246.7916,1246.5823,1260.3545
1225.7869,1220.9315,1212.5859,1214.7532,1215.8093,1219.5864,1215.5497,1210.2012,1206.8314,1209.2479,1210.7362,1213.0858,1212.8776,1226.2781
1131.5962,1127.1149,1119.4135,1121.4135,1122.3921,1125.881,1122.1532,1117.21,1114.0979,1116.3303,1117.7037,1119.8741,1119.6819,1132.0547
994.2618,992.7652,991.39056,992.78094,990.5287,992.40686,994.40674,991.6916,994.0177,995.0383,993.66077,992.18585,995.76776,999.77124
1724.213,1718.1747,1713.9662,1712.1537,1707.9729,1711.9884,1707.2883,1700.3633,1705.467,1704.276,1690.3501,1687.2562,1697.2466,1717.7085
1260.1833,1254.7493,1245.9791,1245.4406,1243.6787,1248.944,1247.1908,1244.0836,1244.7338,1245.5916,1242.6088,1241.6849,1246.2588,1256.9185
1561.2977,1555.8615,1552.0342,1550.3871,1546.616,1550.2751,1546.0045,1539.6609,1544.2262,1543.1942,1530.6262,1527.8333,1536.909,1555.4686
1132.1378,1127.2567,1119.3799,1118.8954,1117.3126,1122.0433,1120.4703,1117.6798,1118.2645,1119.0344,1116.3556,1115.5244,1119.633,1129.2078
1734.0088,1738.048,1732.4648,1737.9081,1736.2675,1736.9502,1734.2712,1731.0385,1730.2944,1729.3168,1729.1144,1732.1372,1729.9714,1744.7443
1642.952,1636.0118,1626.5016,1624.5538,1620.6859,1626.1378,1624.7665,1622.0297,1627.2831,1625.5137,1619.4874,1617.9258,1624.034,1635.3522
1268.1421,1265.8146,1262.5249,1264.1097,1261.196,1263.7815,1265.5853,1262.2683,1265.2682,1266.2865,1264.4604,1261.507,1265.8873,1271.2997
1690.2588,1694.1954,1688.7482,1694.0681,1692.4735,1693.1471,1690.5299,1687.3748,1686.6469,1685.6921,1685.4917,1688.4436,1686.3195,1700.7385
1526.0573,1519.6537,1510.7839,1508.9792,1505.3855,1510.4868,1509.1981,1506.6329,1511.4745,1509.8383,1504.2456,1502.8187,1508.5109,1519.0339
1287.3676,1271.2814,1269.8396,1260.2246,1250.9287,1244.8528,1248.2106,1252.8358,1262.1145,1261.9689,1267.601,1270.854,1264.0869,1270.3313
1652.878,1646.2076,1634.9629,1638.0762,1639.3418,1645.4106,1638.0325,1628.5667,1621.7898,1626.5833,1628.444,1632.6208,1631.4435,1653.2982
1779.7498,1772.5581,1760.444,1763.8032,1765.1556,1771.6581,1763.7162,1753.601,1746.3636,1751.5219,1753.4883,1757.9546,1756.6749,1780.1729
1710.9327,1704.9406,1692.9563,1691.049,1688.4126,1697.5095,1691.8524,1686.5275,1684.9913,1687.8119,1682.3674,1682.1858,1687.1246,1707.4305
1589.1239,1583.5754,1572.4364,1570.6516,1568.2245,1576.6882,1571.4303,1566.4316,1564.962,1567.5912,1562.5521,1562.3911,1567.0013,1585.8961
1258.6378,1255.061,1249.7505,1239.461,1234.2797,1238.3083,1240.9758,1249.3259,1250.3477,1247.132,1243.3376,1245.5712,1252.1385,1260.5652
1134.886,1132.1528,1128.6487,1119.4237,1115.4426,1117.5326,1119.8794,1127.0441,1127.1063,1123.8052,1120.2793,1121.7537,1128.1195,1135.7217
13457.048,13464.393,13520.88,13539.144,13526.625,13546.721,13598.83,13671.688,13632.216,13582.908,13599.773,13595.317,13584.408,13638.419
10257.437,10329.404,10328.442,10264.361,10255.207,10304.215,10189.451,10251.693,10463.902,10484.767,10468.538,10424.951,10488.588,10481.021
12663.31,12653.129,12654.273,12648.003,12651.378,12667.17,12646.939,12631.077,12598.005,12591.2705,12580.002,12589.89,12618.425,12683.746
11420.827,11394.702,11430.149,11357.722,11351.117,11394.482,11472.801,11431.295,11471.235,11504.942,11538.726,11430.9,11430.262,11435.979
11718.119,11716.183,11745.003,11753.789,11781.842,11763.679,11734.638,11688.249,11636.0,11609.254,11616.57,11645.204,11673.334,11736.8125
10823.724,10823.198,10811.276,10810.907,10804.175,10818.201,10821.457,10812.064,10799.264,10790.5625,10771.263,10786.196,10825.918,10880.829
1478.2213,1483.0004,1479.4553,1478.7524,1480.87,1468.6,1466.505,1481.3118,1499.3782,1495.1024,1484.0134,1482.8286,1489.669,1489.4294
8148.332,8124.5728,8111.0596,8103.6084,8100.506,8064.77,8020.6284,8058.227,8082.78,8070.039,8041.378,8026.4126,8051.3403,8008.8296
16206.057,16233.057,16226.516,16272.359,16222.955,16280.731,16266.503,16314.654,16297.774,16242.42,16245.999,16292.559,16239.969,16308.955
2510.5083,2572.0845,2854.3608,3028.0044,2943.9531,2837.5195,2787.3008,2792.829,2701.0403,2693.2612,3128.022,2642.7234,2618.6108,2537.0923
7959.8726,7935.339,8055.8853,8117.297,8125.5083,8095.152,8208.104,8223.205,8207.852,8288.866,8302.421,8216.157,8273.732,8300.203
1245.1954,1229.0035,1222.1555,1227.0745,1230.1687,1241.1333,1235.8702,1229.2128,1218.2587,1225.6707,1227.6617,1239.7664,1229.3005,1231.7106
12252.033,12234.857,12240.052,12240.7295,12193.288,12227.034,12239.141,12217.182,12244.595,12239.517,12197.233,12171.056,12197.922,12210.237
15116.234,15079.959,15045.208,15022.57,14973.658,15061.994,15051.867,15075.763,15109.117,15073.421,15030.859,15038.98,15034.12,15104.144
13120.847,13094.561,13109.277,13056.374,13020.1455,13089.654,13059.056,13054.817,13100.563,13080.802,13033.17,13040.728,13088.046,13197.642
14040.917,14010.728,13970.169,13942.346,13900.559,13980.987,13972.767,13998.695,14029.931,13994.077,13958.745,13969.378,13967.365,14031.987
9715.247,9739.137,9831.682,9824.765,9841.132,9895.475,9951.733,9919.199,9943.022,9972.097,9976.638,9983.519,9978.339,9941.369
16038.952,16066.288,16060.075,16107.499,16058.147,16117.053,16102.129,16151.491,16134.683,16078.378,16081.568,16129.299,16075.679,16145.168
11557.256,11472.785,11458.298,11320.944,11285.095,11304.111,11403.349,11453.955,11504.459,11500.414,11470.423,11388.388,11408.789,11372.029
14731.681,14712.208,14654.934,14648.081,14670.181,14722.888,14634.666,14599.028,14553.3955,14552.754,14596.265,14647.93,14630.063,14718.074
13882.279,13884.934,13821.437,13784.51,13781.508,13895.248,13862.103,13843.583,13834.414,13816.909,13812.9375,13840.807,13890.021,13987.096
2278.6824,2270.1848,2269.5037,2278.5808,2283.352,2291.9883,2288.0938,2280.4075,2277.7922,2281.144,2266.303,2265.6794,2270.5,2284.269
14942.158,14947.534,14887.915,14852.3545,14844.629,14967.08,14933.909,14916.272,14908.335,14887.953,14881.011,14908.908,14958.223,15063.347
14885.918,14866.801,14809.746,14802.438,14824.871,14878.305,14789.117,14753.478,14707.776,14707.049,14750.73,14803.036,14785.165,14873.501
15062.97,15088.973,15085.633,15136.57,15089.309,15149.414,15134.173,15188.184,15171.93,15113.141,15115.745,15165.304,15111.58,15179.421
2878.3857,2876.696,2900.1252,2901.7012,2893.342,2884.6323,2876.3342,2868.3044,2862.4316,2861.3264,2874.7705,2867.824,2870.6472,2873.7197
2850.79,2828.2373,2818.4348,2806.7292,2807.9248,2821.876,2828.451,2838.6028,2855.9092,2853.7422,2843.435,2824.5237,2819.1965,2823.695
13122.464,13088.487,13118.357,13070.462,13016.386,13081.712,13063.874,13084.73,13145.923,13112.255,13057.574,13062.497,13103.985,13216.779
14159.095,14177.049,14163.976,14182.723,14135.914,14180.94,14178.833,14206.367,14206.492,14194.062,14191.25,14196.259,14173.633,14204.292
11299.556,11283.048,11285.949,11288.768,11246.843,11277.285,11288.696,11272.207,11296.012,11292.666,11262.333,11238.183,11260.65,11274.721
14551.723,14552.834,14520.444,14481.1875,14454.889,14564.242,14546.394,14567.29,14582.984,14545.621,14528.39,14562.134,14601.948,14701.772
1605.609,1587.9149,1591.736,1588.661,1582.5419,1569.8043,1573.3425,1583.145,1596.6865,1580.7406,1566.7122,1558.7504,1556.7274,1566.5947
14316.719,14334.141,14319.517,14337.127,14290.218,14335.374,14333.487,14360.888,14361.405,14349.458,14346.436,14351.445,14329.212,14359.789
13192.623,13211.273,13206.566,13228.655,13182.62,13225.681,13223.877,13251.583,13249.623,13235.871,13234.815,13240.146,13217.859,13247.303
13967.178,13875.426,13774.223,13794.602,13789.585,13843.556,13832.144,13914.949,13942.885,13869.454,13838.333,13938.21,13880.251,13954.498
2348.446,2339.2312,2347.4143,2341.1929,2333.274,2328.0293,2330.4753,2331.146,2338.6187,2338.5322,2356.112,2341.3591,2340.8564,2350.709
1644.396,1646.1078,1658.0936,1666.6326,1667.753,1657.5105,1653.8561,1672.0515,1665.0719,1662.3195,1667.0255,1661.3491,1661.1068,1665.4347
12823.424,12782.596,12760.749,12750.399,12697.7,12767.773,12761.374,12801.282,12844.4795,12808.446,12765.525,12769.551,12761.8955,12815.518
6013.809,5993.348,6020.8325,5987.632,5979.216,5993.599,5982.9673,5956.9814,5960.7593,5930.2505,5887.0894,5887.177,5933.798,5972.5513
14391.368,14392.598,14358.982,14319.922,14295.147,14403.687,14385.335,14404.882,14419.995,14382.821,14366.476,14400.315,14440.5,14539.148
14929.012,14911.686,14856.514,14843.791,14864.666,14915.874,14840.544,14821.777,14799.267,14789.972,14822.088,14875.455,14868.977,14933.046
12603.086,12601.447,12578.66,12567.062,12561.948,12584.44,12589.968,12579.53,12566.669,12548.88,12520.174,12537.797,12589.56,12661.178
4938.778,4898.8896,4901.6836,4869.353,4815.359,4795.1377,4761.2617,4785.847,4777.7974,4764.681,4758.6436,4757.8726,4778.6978,4779.1064
7768.723,7715.394,7708.2217,7692.7476,7745.325,7745.374,7708.6963,7711.598,7674.653,7652.3037,7662.658,7604.0967,7638.596,7717.093
6448.512,6394.061,6413.5386,6407.124,6384.452,6361.82,6336.5454,6344.548,6381.1553,6336.0474,6329.533,6358.334,6356.17,6402.067
12378.637,12375.853,12401.312,12405.382,12431.706,12418.336,12389.345,12340.304,12286.434,12257.826,12269.523,12305.134,12332.308,12401.731
11744.818,11736.888,11745.0205,11746.354,11736.731,11754.837,11724.146,11691.964,11681.759,11658.869,11582.268,11589.877,11665.931,11745.124
9017.634,9045.401,9069.563,9106.832,9121.425,9128.121,9147.642,9132.814,9136.652,9136.616,9134.69,9134.279,9158.6045,9182.252
10369.975,10367.483,10371.593,10373.447,10366.863,10384.109,10361.019,10329.938,10313.97,10297.879,10232.972,10244.343,10312.67,10382.578
12441.335,12439.638,12417.388,12406.177,12401.184,12423.184,12428.659,12418.188,12405.425,12387.993,12359.8955,12377.343,12428.332,12498.895
11134.331,11176.618,11237.61,11113.742,11121.91,11033.048,10976.697,11086.232,11169.232,11163.198,11189.643,11016.497,11098.719,11066.506
10207.985,10103.925,9957.388,10000.098,9965.832,10058.712,10102.159,10055.494,10052.472,10114.001,10210.404,10371.706,10244.252,10519.978
12220.39,12217.509,12242.941,12247.029,12273.105,12259.572,12231.048,12182.536,12129.25,12100.706,12112.078,12147.063,12174.21,12242.495
3313.7083,3296.7434,3304.729,3313.9492,3344.891,3330.4395,3323.4592,3319.4287,3325.951,3308.0083,3345.1726,3344.8235,3343.5645,3311.1062
4773.678,4786.3896,4837.7827,4819.307,4817.2466,4814.3403,4834.8325,4841.9717,4872.949,4827.38,4871.975,4848.8887,4813.845,4824.642
3260.1519,3243.5884,3250.9033,3262.4878,3269.2124,3276.1794,3273.3296,3260.063,3274.0098,3281.6602,3282.6614,3284.9158,3267.866,3295.19
12957.6,13006.898,13038.924,13066.746,12904.3125,12833.48,12897.98,13083.735,13209.33,13215.183,13362.3125,13315.089,13274.388,13267.41
1093.6763,1092.9802,1092.2369,1091.101,1091.8391,1094.4735,1092.925,1091.2622,1087.9442,1087.4879,1086.8524,1088.5212,1091.5094,1097.4132
12623.422,12613.732,12624.176,12629.488,12619.23,12628.82,12587.801,12553.93,12543.048,12520.195,12436.788,12445.256,12525.534,12598.948
10944.163,10942.843,10967.415,10973.73,10998.642,10982.049,10956.501,10912.188,10863.8545,10835.182,10844.277,10871.062,10896.8955,10955.976
10578.537,10546.471,10757.437,10632.309,10520.914,10539.015,10588.375,10663.954,10580.664,10516.415,10620.308,10518.006,10569.659,10667.835
12184.815,12182.444,12167.753,12165.419,12157.628,12173.361,12175.084,12164.215,12151.876,12139.897,12113.633,12128.561,12175.338,12241.015
12348.697,12346.409,12331.17,12328.602,12320.684,12336.824,12338.43,12327.6455,12315.187,12302.919,12275.993,12291.128,12338.632,12405.329
12833.657,12823.306,12824.329,12817.921,12821.008,12837.045,12816.519,12800.75,12767.275,12760.459,12748.765,12758.882,12787.787,12853.997
12664.816,12674.591,12731.805,12750.943,12743.048,12758.747,12806.572,12879.889,12847.68,12801.322,12817.589,12806.346,12795.42,12848.147
12455.85,12446.342,12456.725,12462.112,12452.154,12461.398,12421.104,12387.265,12376.236,12353.849,12271.662,12280.193,12359.62,12431.963
4414.952,4380.5566,4363.628,4327.9434,4310.035,4297.924,4305.0396,4328.3047,4376.2544,4371.0117,4331.2427,4313.617,4306.4336,4285.3535
12452.566,12496.041,12508.587,12570.337,12537.275,12477.128,12409.102,12334.262,12278.576,12325.226,12326.829,12287.977,12272.256,12285.127
7314.1646,7346.316,7417.8174,7451.9194,7497.8667,7505.3486,7499.0254,7497.1377,7536.037,7549.3413,7557.5986,7516.095,7536.823,7532.851
12659.348,12702.302,12788.209,12927.412,12950.19,12961.244,12995.603,13129.813,13170.42,13056.607,13132.991,13036.878,13011.745,13005.077
12666.849,12703.7295,12667.533,12724.335,12799.422,12838.165,12724.899,12650.538,12657.2,12704.79,12667.414,12696.146,12789.164,12872.384
8543.412,8581.421,8662.228,8703.095,8755.964,8765.365,8757.376,8752.571,8798.577,8814.53,8823.391,8775.724,8800.433,8796.411
1122.5176,1125.6921,1123.0118,1127.9379,1134.8131,1138.2754,1128.4515,1121.8289,1122.3564,1126.2994,1123.2386,1125.7504,1133.9797,1141.4172
8402.734,8440.012,8519.836,8559.889,8612.074,8621.227,8613.5205,8609.158,8654.271,8669.896,8678.698,8631.688,8655.956,8651.963
11217.814,11255.973,11334.466,11458.572,11477.965,11488.997,11519.581,11641.068,11676.564,11574.83,11644.911,11558.399,11535.771,11530.035
1145.6267,1148.6404,1152.0588,1157.1682,1164.0375,1163.9161,1156.7488,1153.2606,1158.0466,1155.6864,1153.326,1150.0369,1156.3243,1156.6058
12855.707,12893.287,12855.643,12913.451,12989.07,13028.303,12912.948,12837.534,12844.393,12893.181,12854.781,12884.018,12978.377,13062.713
1311.8834,1315.1847,1318.5686,1324.3964,1332.2013,1332.1688,1324.0099,1319.7815,1325.103,1322.7181,1319.9769,1316.327,1323.2318,1323.7412
12847.99,12891.584,12978.348,13119.484,13142.635,13153.639,13188.488,13324.141,13365.456,13250.106,13327.241,13229.912,13204.49,13197.614
1097.2263,1102.3492,1103.9224,1109.1149,1114.4241,1115.5697,1116.027,1115.9353,1122.8318,1119.7483,1114.06,1110.5702,1117.4148,1118.2053
1346.7396,1350.1781,1361.3774,1369.9767,1373.6674,1371.8875,1359.417,1354.8505,1354.891,1352.5522,1353.9335,1353.2039,1353.6277,1353.5781
1193.5219,1196.7333,1206.7483,1214.495,1217.6201,1216.2007,1205.2051,1201.2638,1201.3657,1199.2545,1200.6674,1200.0001,1200.4764,1200.3856
12382.01,12438.773,12453.949,12513.174,12572.171,12585.806,12591.151,12587.333,12663.665,12631.072,12566.834,12528.65,12604.585,12614.737
1366.7728,1370.2329,1381.5758,1390.2882,1394.0491,1392.2157,1379.5421,1374.8835,1374.9069,1372.5537,1373.9227,1373.1888,1373.5916,1373.5498
1292.6575,1295.9313,1299.3434,1305.0914,1312.792,1312.7479,1304.7097,1300.5758,1305.8418,1303.45,1300.7534,1297.138,1303.9861,1304.4596
8641.127,8685.591,8744.465,8569.129,8458.83,8603.039,8556.769,8545.604,8419.66,8412.328,8478.476,8191.999,8288.64,8413.05
10388.287,10416.72,10515.049,10298.17,10254.538,10413.678,10440.312,10402.948,10295.706,10305.244,10321.35,10023.396,10243.484,10360.156
10426.192,10500.275,10586.977,10348.271,10171.187,10346.323,10269.214,10251.936,10088.647,10081.842,10168.683,9796.769,9915.685,10100.965
12305.227,12335.259,12451.691,12308.421,12247.201,12400.196,12355.523,12277.261,12160.386,12156.581,12325.444,12000.214,12154.418,12200.795
11727.828,11766.699,11878.361,11658.779,11642.1045,11809.519,11860.745,11806.188,11705.9795,11749.503,11764.369,11471.321,11691.472,11792.566
13142.995,13198.58,13250.852,13022.824,12777.929,13010.803,13005.832,13133.704,12978.407,12825.128,13037.949,12563.739,12627.458,12843.469
10621.266,10696.396,10787.457,10539.358,10364.886,10546.413,10474.505,10458.265,10291.383,10292.0625,10381.619,10004.292,10125.942,10308.776
11507.137,11543.641,11653.92,11430.723,11407.754,11575.984,11624.226,11572.875,11469.396,11505.3955,11520.588,11223.719,11446.359,11551.01
8437.976,8480.651,8538.236,8370.384,8258.501,8398.153,8348.411,8335.408,8213.902,8202.219,8269.076,7986.9277,8082.1357,8204.953
9437.213,9497.097,9571.297,9383.861,9208.586,9351.657,9263.365,9236.651,9097.726,9069.508,9151.825,8815.078,8926.291,9094.762
12904.581,12959.008,13007.013,12793.921,12554.222,12781.564,12775.925,12901.452,12757.803,12608.853,12818.452,12351.105,12416.346,12624.555
11678.453,11727.922,11762.383,11602.648,11390.427,11591.304,11585.686,11699.783,11602.885,11472.222,11665.575,11236.849,11303.825,11479.355
10936.233,10953.468,11051.167,10827.988,10760.976,10894.875,10871.622,10873.198,10782.242,10750.733,10844.339,10512.13,10708.879,10787.018
11140.538,11205.541,11266.09,10997.835,10867.389,11024.467,11038.784,11095.759,11000.39,10881.494,10888.64,10591.373,10795.761,10947.892
12324.161,12404.342,12484.451,12177.052,12054.482,12240.287,12263.102,12299.049,12187.627,12089.699,12100.884,11794.878,12022.661,12183.074
12223.451,12257.774,12393.943,12236.561,12153.37,12300.693,12245.24,12170.599,12046.988,12048.641,12229.192,11881.115,12027.821,12089.656
12321.979,12345.213,12480.553,12181.708,12121.893,12276.928,12267.893,12261.604,12144.494,12116.48,12213.957,11853.17,12071.4795,12169.854
10850.176,10893.26,11005.405,10872.601,10786.892,10925.686,10872.117,10801.358,10718.441,10702.567,10868.294,10539.675,10683.572,10745.714
12553.878,12637.523,12724.201,12413.201,12293.504,12486.49,12510.885,12538.524,12423.173,12337.883,12354.187,12046.398,12279.604,12435.953
12096.507,12117.247,12246.903,11960.268,11899.11,12049.362,12035.773,12031.474,11918.1455,11887.242,11984.276,11627.474,11842.782,11937.874
11999.623,12034.857,12167.059,12015.066,11931.538,12077.597,12020.692,11945.279,11829.758,11828.288,12006.538,11661.708,11808.691,11869.32
11758.098,11786.7705,11888.5625,11679.293,11677.989,11849.35,11907.4375,11847.622,11744.314,11780.877,11787.313,11515.656,11736.61,11824.75
10272.514,10288.705,10368.903,10178.641,10159.299,10315.192,10348.609,10304.824,10201.806,10208.287,10214.647,9945.648,10161.051,10262.805
11513.029,11539.199,11637.352,11427.534,11421.411,11592.422,11647.015,11590.604,11485.301,11515.32,11522.311,11247.529,11470.459,11562.254
7414.2583,7447.5654,7493.0576,7366.3325,7255.3374,7371.17,7312.4263,7289.916,7186.958,7165.257,7230.8423,6979.396,7069.59,7178.4805
11555.46,11588.321,11628.051,11451.354,11272.485,11474.514,11484.447,11589.792,11465.158,11337.645,11521.439,11131.746,11198.874,11356.232
11320.569,11352.98,11388.982,11223.94,11049.012,11245.406,11254.376,11357.385,11242.817,11118.69,11299.559,10916.545,10984.064,11135.745
11476.845,11534.534,11591.678,11343.875,11266.208,11438.383,11481.817,11521.114,11426.15,11345.139,11341.056,11087.519,11290.566,11411.044
11918.998,11929.026,12039.878,11793.838,11765.85,11912.8125,11920.906,11919.668,11814.813,11791.007,11873.4795,11558.854,11762.33,11833.118
12050.868,12084.139,12194.099,12056.428,11992.741,12145.047,12100.479,12024.548,11915.865,11908.006,12074.461,11750.4,11903.781,11951.808
11239.424,11295.755,11348.533,11103.403,11019.695,11186.992,11227.66,11272.615,11178.696,11089.342,11085.157,10830.083,11029.819,11153.175
10115.604,10145.648,10170.99,10047.007,9894.373,10063.816,10072.457,10165.873,10091.046,9981.1455,10146.487,9800.399,9866.287,9992.944
10028.357,10077.786,10118.373,9903.425,9800.959,9946.128,9978.78,10043.894,9958.312,9854.552,9857.241,9602.624,9781.029,9901.451
10421.561,10432.384,10505.589,10325.047,10278.628,10404.623,10404.614,10420.08,10338.118,10308.894,10387.447,10099.653,10277.514,10337.14
10758.294,10802.357,10887.73,10768.435,10696.424,10839.641,10804.64,10744.448,10666.278,10641.636,10794.816,10485.824,10632.388,10687.647
11674.15,11683.829,11788.244,11553.9,11522.055,11664.846,11670.58,11674.023,11572.089,11545.943,11627.932,11317.027,11516.483,11585.987
5131.3677,5136.1104,5129.2305,5217.2163,5211.0605,5260.768,5286.5825,5316.944,5318.111,5334.845,5429.822,5348.6855,5338.0986,5250.417
5181.7954,5186.279,5180.1157,5268.515,5262.918,5312.614,5338.216,5367.8843,5369.219,5386.06,5481.1,5399.9873,5389.394,5300.7515
786.515,787.54565,786.40344,799.27844,799.55133,806.86786,811.42505,815.81586,815.6596,818.2741,832.95825,820.35046,819.0138,805.9303
852.87024,849.84155,853.96826,861.21375,868.64795,871.80176,873.5657,870.7084,872.8845,873.8947,877.88965,872.75714,877.0433,867.6411
972.16345,976.221,972.3181,997.891,1005.33813,1014.8515,1026.7843,1040.15,1039.3635,1029.583,1046.6603,1029.9122,1022.16376,1011.66425
821.9304,819.31305,822.6167,830.23315,837.15356,840.629,842.69684,840.5947,842.63525,843.4354,847.6522,842.2325,846.2544,837.2956
858.74664,855.6224,859.9414,867.09015,874.63336,877.69867,879.39844,876.3613,878.55865,879.61646,883.54614,878.48535,882.8151,873.32654
781.20905,782.3004,781.0916,794.0047,794.22546,801.55066,806.1152,810.5751,810.46454,812.98553,827.6482,815.022,813.68024,800.68317
965.6032,969.6799,965.8313,991.32,998.73596,1008.23785,1020.1397,1033.5897,1032.9039,1023.0351,1040.0616,1023.328,1015.6469,1005.18524
904.88916,904.8329,905.53735,922.3318,930.4186,933.94446,939.16156,941.237,939.0939,937.3036,947.7126,938.8382,940.25964,929.0008
912.67053,914.2212,915.15936,928.5391,934.26855,940.8156,948.7529,955.4859,957.8016,951.57574,956.4445,947.60205,949.3222,938.5663
905.5582,904.8647,908.22327,919.70966,926.86566,931.57825,937.3407,941.67645,943.9902,940.46155,946.75195,940.66095,942.0715,930.64343
930.9871,935.1004,931.5472,956.4151,963.6629,973.05316,984.75745,998.34406,998.10956,987.9678,1004.586,988.1245,980.80066,970.573
898.7659,898.7924,899.4216,916.2573,924.29474,927.8534,933.0922,935.256,933.17694,931.31287,941.72394,932.78986,934.2082,923.0049
922.3481,919.2104,923.27246,932.1946,940.01086,943.2092,943.6701,939.91656,942.87354,944.3305,948.10455,942.7147,946.9502,936.1627
879.8324,881.6508,882.19495,895.7082,901.203,907.7785,915.61896,922.6368,924.9274,918.5662,923.57025,914.4296,916.14886,905.792
851.74097,853.95013,853.41956,866.74963,871.2251,877.9318,884.89716,891.79956,894.362,888.8983,893.3497,884.3096,885.90497,875.3813
914.43756,911.47363,915.2069,924.1834,931.8375,935.1425,935.688,932.08734,934.9308,936.495,940.388,934.84314,939.12067,928.4514
4865.6816,4871.147,4862.303,4947.103,4939.314,4988.2266,5014.6074,5047.4414,5047.8643,5063.8276,5156.8413,5076.8945,5066.563,4983.822
866.3833,866.7214,867.0845,883.8612,891.61993,895.2693,900.5416,903.0333,901.2396,899.098,909.44354,900.35693,901.7582,890.8597
867.0999,866.91876,869.6977,881.6753,888.6065,893.5927,899.52625,904.08307,906.25745,902.41974,908.82574,902.168,903.6536,892.8323
872.82513,870.57886,872.8619,882.0119,888.83575,892.62067,893.7002,890.90515,893.15283,895.1112,899.3672,893.1451,897.4187,887.41846
914.749,918.83417,915.13965,939.29156,945.1901,954.0811,964.6555,977.1952,977.0927,968.0204,984.0946,968.55817,961.33563,950.66113
899.4352,898.84515,902.08746,913.70013,920.82007,925.60065,931.41205,935.80206,938.09393,934.49176,940.82117,934.6064,936.0347,924.7091
906.9808,911.06824,907.4112,931.44086,937.27985,946.17664,956.721,969.3916,969.27997,960.1776,976.2084,960.67773,953.4961,942.8973
899.9485,901.6264,902.3483,915.5738,920.6357,927.1559,934.2456,940.6956,943.74854,937.7864,941.87683,933.40594,934.9837,923.6994
865.92426,869.95325,866.479,889.7481,895.27795,904.06964,914.3468,927.359,927.20526,918.1446,933.80597,918.4695,911.53766,901.3404
892.2501,894.05804,894.5222,907.8199,912.781,919.3674,926.45233,933.0053,935.9593,930.0945,934.2607,925.64386,927.23114,916.0832
975.76965,975.9995,976.0507,994.83435,1002.60876,1006.45685,1011.1398,1013.3419,1011.42645,1009.5465,1021.0859,1011.90137,1012.9607,1000.18335
967.4459,967.7856,967.6395,986.42474,994.07874,998.00836,1002.7801,1005.0919,1003.15326,1001.27423,1012.891,1003.6067,1004.6984,992.0198
923.5845,924.3302,923.434,941.9239,949.0231,953.1804,958.21704,960.939,958.9305,957.1011,968.8448,959.3137,960.495,948.3516
888.18665,888.27966,890.42737,903.42163,910.02905,915.382,921.01843,925.37714,927.5894,923.9749,930.5563,923.5301,925.0978,913.4105
938.3829,937.7448,940.83154,953.19794,960.18317,965.0646,970.36945,974.42456,977.33307,973.663,979.9794,973.7736,975.2266,962.5529
930.3533,929.85974,932.7716,945.2938,952.2123,957.208,962.59766,966.73096,969.51056,965.8335,972.24054,965.87115,967.34186,954.84
16787.822,16869.193,16729.994,16820.342,16853.244,17026.69,16954.842,16869.66,16814.848,16914.717,16868.857,16771.23,16757.291,16787.912
16566.492,16645.908,16509.104,16598.928,16633.678,16803.592,16733.469,16648.975,16593.555,16690.684,16645.566,16548.043,16534.342,16565.59
12196.532,12156.76,12093.341,12136.637,12193.799,12265.682,12241.384,12093.067,12108.265,12179.184,12103.964,12009.737,12079.351,12158.977
13094.018,13180.821,13117.208,13194.607,13221.209,13314.857,13341.174,13308.878,13253.6455,13178.3545,13117.864,13002.275,12969.505,13014.978
11433.045,11394.659,11336.356,11376.94,11431.104,11496.498,11473.092,11336.666,11343.871,11407.754,11337.8955,11246.772,11310.231,11380.349
12075.446,12035.743,11973.279,12015.996,12072.963,12143.503,12119.294,11972.806,11986.526,12056.088,11981.859,11888.001,11956.826,12034.902
13822.77,13915.425,13845.217,13925.2295,13951.286,14058.08,14081.685,14043.917,13980.524,13904.813,13840.823,13723.099,13684.301,13736.377
12895.053,12861.458,12814.57,12874.761,12918.208,12961.823,12877.248,12730.091,12657.192,12735.539,12736.777,12667.325,12684.802,12700.017
12765.958,12733.241,12685.75,12745.872,12788.866,12830.662,12746.703,12602.198,12528.769,12606.008,12607.963,12539.331,12558.057,12572.747
13492.633,13450.934,13371.178,13407.198,13468.132,13543.681,13493.874,13346.899,13346.223,13403.158,13310.465,13217.799,13283.103,13360.363
12242.416,12244.726,12166.086,12193.147,12181.327,12253.313,12254.621,12240.897,12248.06,12252.973,12153.668,12112.168,12103.455,12141.255
1292.9998,1293.1943,1284.8185,1287.5066,1285.6022,1293.3616,1293.8027,1292.6068,1293.8632,1294.7998,1283.715,1279.6885,1278.4226,1282.522
13959.94,14053.748,13981.991,14062.501,14088.388,14198.099,14221.209,14182.36,14117.453,14041.88,13977.292,13859.277,13819.101,13872.542
1305.9727,1306.1584,1297.6624,1300.3527,1298.3018,1306.1633,1306.6844,1305.5165,1306.8796,1307.9226,1296.6143,1292.6273,1291.2789,1295.446
12918.562,12914.6875,12840.323,12853.226,12838.529,12910.051,12858.791,12771.242,12763.173,12839.164,12768.487,12693.477,12708.61,12740.683
12082.347,12053.29,12003.156,12063.53,12104.922,12138.597,12058.224,11926.325,11850.628,11922.624,11927.941,11864.164,11888.653,11899.884
12790.718,12785.914,12712.486,12724.395,12711.278,12781.056,12729.793,12642.278,12633.38,12708.494,12639.508,12564.636,12581.061,12612.37
12111.608,12102.89,12033.722,12043.667,12037.103,12099.614,12049.633,11963.542,11950.87,12021.673,11960.034,11886.559,11907.468,11935.543
10520.804,10573.636,10505.358,10570.903,10580.486,10695.248,10662.623,10606.918,10566.959,10619.254,10585.719,10520.739,10509.578,10533.643
11223.868,11282.155,11205.685,11274.502,11275.482,11399.557,11359.097,11301.394,11266.921,11328.943,11289.728,11225.915,11215.886,11239.046
13712.162,13797.468,13730.754,13793.345,13847.11,13956.389,13977.707,13934.163,13876.526,13794.956,13724.694,13603.943,13565.823,13613.408
12679.1045,12757.232,12698.775,12759.5205,12810.4375,12904.019,12926.703,12889.725,12839.793,12760.093,12695.259,12579.766,12548.725,12588.546
12624.929,12585.034,12509.425,12544.438,12602.563,12673.278,12626.042,12489.909,12485.093,12537.792,12451.027,12363.624,12424.086,12493.34
12342.874,12350.116,12246.894,12260.716,12260.736,12334.178,12316.41,12297.297,12291.871,12305.525,12207.447,12177.691,12176.298,12217.23
13403.528,13362.708,13302.783,13363.201,13434.77,13487.465,13383.67,13230.407,13135.217,13211.242,13204.047,13150.965,13176.13,13174.562
13354.8,13362.137,13248.829,13261.028,13253.605,13333.871,13317.877,13301.187,13301.576,13320.003,13207.705,13178.144,13173.899,13217.322
14508.562,14460.211,14398.487,14456.798,14534.072,14593.365,14481.237,14313.938,14219.089,14302.657,14291.994,14235.09,14256.328,14255.402
13794.023,13774.028,13683.236,13674.91,13685.311,13756.637,13684.254,13588.227,13563.398,13640.559,13567.512,13506.438,13531.558,13554.364
14329.693,14282.691,14221.276,14279.851,14356.228,14414.309,14303.428,14138.482,14043.575,14125.872,14115.853,14059.449,14081.563,14080.505
13191.278,13198.622,13087.033,13099.484,13093.403,13172.454,13155.955,13138.802,13138.143,13155.654,13045.696,13016.087,13012.441,13055.483
13964.809,13945.275,13853.351,13844.32,13853.64,13926.414,13853.233,13756.423,13732.182,13810.599,13736.1,13674.943,13699.647,13722.734
12907.907,12886.525,12800.758,12796.893,12811.555,12876.151,12807.9795,12716.92,12689.469,12760.512,12694.8,12635.165,12661.138,12682.567
9823.918,9870.475,9989.801,10032.236,10078.578,10084.884,10070.953,10073.525,10121.341,10131.103,10151.386,10093.861,10122.146,10103.605
10815.743,10834.659,10848.132,10878.719,10944.619,10977.585,10887.997,10804.483,10805.498,10835.444,10812.07,10831.782,10914.233,10974.606
10669.639,10688.454,10702.294,10732.499,10797.852,10830.15,10741.8,10659.444,10660.613,10689.706,10666.723,10685.935,10767.58,10827.026
12339.6,12404.036,12506.955,12650.72,12653.43,12680.735,12719.287,12831.418,12876.207,12765.316,12859.192,12758.028,12740.231,12729.556
9958.686,10005.882,10126.453,10169.36,10216.377,10222.879,10208.7,10210.924,10259.417,10269.461,10289.867,10231.622,10260.433,10241.707
878.54865,882.7125,893.5861,897.43915,901.5295,902.0674,900.84674,901.2819,905.53143,906.3261,908.2387,903.0395,905.49866,903.7902
9543.995,9561.365,9577.166,9604.203,9663.969,9691.391,9612.744,9539.15,9540.792,9564.449,9544.542,9560.285,9634.931,9687.292
11598.697,11655.312,11688.761,11740.093,11784.735,11790.59,11780.906,11785.987,11868.958,11820.193,11760.662,11719.1045,11804.123,11794.299
12172.87,12236.582,12338.586,12480.473,12483.082,12510.224,12548.361,12659.195,12703.425,12593.909,12686.821,12586.85,12569.302,12558.848
11441.98,11498.009,11531.137,11581.824,11625.853,11631.63,11621.973,11627.472,11709.643,11661.347,11602.808,11561.666,11645.436,11635.683
1088.7595,1094.4833,1103.8446,1116.6082,1116.7828,1119.2958,1122.7275,1132.8154,1136.7794,1126.9039,1135.4133,1126.3611,1124.7893,1123.8418
11456.024,11499.718,11602.588,11682.126,11687.101,11686.346,11578.825,11533.488,11533.345,11521.592,11537.52,11526.879,11534.307,11525.01
11301.021,11344.435,11445.98,11524.718,11529.418,11529.053,11423.01,11378.527,11378.494,11366.917,11382.845,11372.471,11379.749,11370.632
1023.3231,1028.4128,1031.4382,1035.9912,1039.8694,1040.4087,1039.4823,1040.2122,1047.7097,1043.3292,1038.2095,1034.4559,1041.8779,1040.9706
11449.604,11484.914,11543.607,11597.496,11648.459,11637.825,11546.133,11512.2705,11563.522,11538.433,11513.734,11472.023,11540.924,11529.697
1010.667,1014.6935,1023.81854,1031.0175,1031.2959,1031.4506,1022.0112,1018.15265,1018.18365,1017.1867,1018.74194,1017.89185,1018.5144,1017.7162
11295.039,11329.991,11388.267,11441.608,11491.896,11481.334,11390.8545,11357.69,11408.507,11383.447,11359.2705,11318.014,11386.1045,11374.84
1010.341,1013.51917,1018.95135,1023.8207,1028.2635,1027.3048,1019.2131,1016.39825,1021.0328,1018.6488,1016.6155,1012.88196,1018.99713,1017.89136
671.4761,673.7464,680.4685,681.45526,679.87,680.11017,679.1117,681.4836,680.0829,682.47504,683.28766,679.9885,682.31464,683.4198
703.75073,706.10504,713.156,714.126,712.48914,712.76,711.7651,714.22894,712.74133,715.2408,716.11884,712.671,715.11664,716.26996
953.7513,956.62103,958.6756,954.05023,951.0233,951.218,943.6051,942.8125,944.40533,948.1699,946.32965,945.68536,952.2844,954.76416
778.7942,781.13855,782.817,779.0419,776.5769,776.7332,770.51416,769.86475,771.1647,774.24054,772.7374,772.207,777.59595,779.62256
886.1422,890.9796,902.2047,904.5238,901.00916,903.86835,906.58655,911.25806,912.62006,911.64124,921.98334,917.21875,915.9856,916.2385
1039.438,1045.1162,1058.2787,1060.998,1056.8728,1060.2279,1063.4138,1068.8937,1070.4856,1069.3406,1081.4714,1075.8829,1074.437,1074.7423
913.5031,916.2538,918.22614,913.79346,910.89984,911.0848,903.7906,903.02563,904.55237,908.1606,906.3984,905.77515,912.0995,914.4729
965.6344,964.2594,968.3169,965.8925,964.4548,964.7826,963.1023,966.56256,967.85913,970.0142,969.10333,964.26306,966.39935,964.44385
1024.6476,1025.1888,1027.9816,1025.4065,1024.409,1025.7058,1025.717,1031.8307,1033.4633,1031.9519,1030.4321,1027.3987,1029.6082,1028.88
1008.33685,1006.8086,1013.68536,1013.0204,1010.8492,1008.7714,1004.22046,1008.1147,1009.2373,1012.13367,1015.03644,1011.85925,1014.49927,1011.9106
965.6556,964.1896,970.7761,970.13745,968.0577,966.06793,961.7115,965.4418,966.51636,969.2908,972.0719,969.0265,971.5534,969.07477
822.98706,821.81683,825.2694,823.2021,821.9761,822.2552,820.8196,823.7688,824.8728,826.71027,825.9333,821.8099,823.6331,821.968
822.8191,821.5708,827.1828,826.6424,824.87317,823.17725,819.4653,822.6453,823.55914,825.92236,828.2901,825.6956,827.8475,825.73627
836.3786,836.821,839.10425,836.9993,836.18506,837.2446,837.2521,842.2411,843.572,842.3401,841.10065,838.623,840.4263,839.8356
981.35126,981.86975,984.54706,982.08014,981.1228,982.365,982.3725,988.22675,989.791,988.3457,986.8911,983.9858,986.1021,985.4048
863.29596,865.95844,870.99133,869.0103,866.4779,865.0372,860.46466,860.09906,860.0626,863.01495,860.4516,859.5322,865.1606,867.99854
1008.2435,1006.8061,1011.0414,1008.5098,1007.00995,1007.3512,1005.59644,1009.2097,1010.56366,1012.8126,1011.8625,1006.8077,1009.03937,1006.99805
845.999,848.5306,856.6828,856.5681,855.5205,855.84265,854.66425,856.0056,855.3747,855.91235,857.23914,855.3817,858.0353,857.77936
721.22424,723.38007,730.3312,730.227,729.3354,729.60785,728.60657,729.7516,729.21655,729.6751,730.80945,729.2211,731.4854,731.2657
1057.0037,1060.1768,1065.9486,1063.5009,1060.4448,1058.8994,1053.3684,1052.949,1052.8701,1056.47,1053.3984,1052.2747,1058.944,1062.5648
553.2386,555.17175,560.70966,561.729,560.37067,560.5057,559.552,561.56415,560.4631,562.43756,563.028,560.28546,562.1939,563.11835
1014.45447,1017.5144,1023.12665,1020.7835,1017.8387,1016.31586,1010.9989,1010.59186,1010.5222,1013.9796,1011.0181,1009.93976,1016.3811,1019.8283
1050.3466,1057.4344,1070.4806,1075.3516,1069.0293,1073.8983,1076.4592,1085.5786,1086.8408,1083.2474,1094.2185,1088.5327,1084.3896,1087.7201
1008.03906,1014.8667,1027.3849,1032.1232,1026.0336,1030.6703,1033.0679,1041.8658,1043.1168,1039.6183,1050.1403,1044.6945,1040.672,1043.9261
883.251,885.89276,894.4027,894.2833,893.1946,893.5279,892.29865,893.7002,893.0423,893.60095,894.9879,893.04785,895.81885,895.55194
857.6089,863.49426,874.1424,878.4003,873.16815,876.9496,878.7839,886.4275,887.65204,884.481,893.42,888.8118,885.23175,888.1943
1118.4908,1118.9724,1127.624,1130.9832,1128.9769,1126.1622,1121.9878,1127.0352,1126.9891,1127.4014,1133.0968,1130.499,1132.6555,1132.1344
1032.7155,1033.1705,1038.1677,1035.6841,1034.827,1035.2786,1035.916,1043.8855,1044.6313,1042.7246,1041.9578,1038.5857,1040.8623,1041.0594
912.6789,913.5715,920.8839,924.0104,922.35315,920.0385,916.23425,920.1527,919.8827,919.94916,924.74786,922.852,924.4677,924.4643
1074.4797,1073.5961,1079.4521,1078.0662,1075.8726,1076.6569,1076.5624,1083.953,1084.551,1086.0403,1086.1855,1082.2871,1084.0712,1081.8707
843.06976,843.5523,847.7036,845.6738,844.9569,845.263,845.73047,852.2971,852.9771,851.398,850.75757,847.94543,849.9253,850.1619
1073.2722,1073.8503,1082.2112,1085.5249,1083.5925,1080.8892,1076.7848,1081.5769,1081.4777,1081.8142,1087.3209,1084.8804,1086.9183,1086.5193
876.79663,876.2829,881.2536,880.38434,878.68225,879.302,879.12024,885.108,885.45667,886.50806,886.7255,883.7006,885.1466,883.4819
991.0678,991.5283,996.34064,993.9545,993.12885,993.54895,994.1511,1001.81396,1002.54486,1000.709,999.9722,996.72125,998.9347,999.13776
12595.251,12635.763,12665.056,12700.208,12721.743,12726.358,12740.602,12709.807,12710.839,12708.641,12726.365,12733.068,12762.343,12801.484
12457.767,12497.727,12526.844,12561.462,12582.856,12587.155,12601.228,12570.797,12571.918,12569.786,12587.174,12593.583,12622.612,12661.395
12520.766,12537.598,12516.142,12503.097,12509.856,12532.541,12498.971,12455.938,12427.242,12419.582,12364.572,12401.755,12483.027,12590.367
12413.438,12430.02,12409.222,12396.341,12403.318,12425.628,12392.648,12349.473,12320.805,12313.114,12258.774,12295.457,12375.959,12482.406
14253.047,14266.727,14331.661,14342.026,14366.79,14363.895,14411.419,14529.445,14492.837,14388.821,14463.114,14450.512,14382.852,14476.917
14376.31,14390.195,14455.489,14466.006,14491.208,14488.336,14536.112,14655.311,14618.598,14513.722,14588.472,14575.577,14507.422,14602.122
11184.057,11207.432,11180.649,11170.346,11185.799,11208.234,11185.325,11142.475,11101.098,11095.83,11061.521,11098.141,11172.322,11265.618
13469.023,13479.916,13426.744,13381.516,13398.938,13431.245,13449.545,13442.81,13424.212,13387.661,13376.094,13411.669,13474.09,13562.837
12049.915,12064.888,12021.896,11979.884,11996.605,12020.172,12037.38,12038.986,12018.348,11984.244,11975.99,12002.61,12059.558,12129.47
13353.908,13364.443,13312.205,13267.589,13284.741,13316.346,13334.31,13327.645,13309.213,13273.149,13261.827,13296.858,13358.59,13446.113
12847.315,12854.177,12925.552,12934.5,12957.127,12956.905,13005.889,13126.96,13085.162,12978.923,13062.034,13047.08,12978.523,13062.546
11830.759,11843.926,11876.945,11881.23,11918.506,11879.786,11839.467,11787.818,11736.886,11704.874,11759.776,11782.871,11776.358,11859.16
13121.005,13128.152,13163.42,13160.241,13202.991,13162.627,13119.483,13057.005,13000.485,12966.868,13020.902,13044.693,13049.2295,13143.313
13238.932,13231.509,13195.848,13158.826,13200.016,13221.279,13218.006,13187.706,13138.864,13111.695,13140.949,13166.873,13210.3955,13300.795
13125.176,13117.67,13082.682,13046.195,13086.873,13107.779,13104.525,13074.467,13026.273,12999.415,13028.548,13054.209,13097.228,13186.47
11840.612,11835.777,11809.874,11775.028,11811.93,11820.955,11821.72,11799.31,11754.35,11727.135,11761.234,11775.529,11814.051,11885.24
10360.285,10402.212,10438.058,10458.088,10482.278,10487.72,10503.991,10482.739,10472.195,10474.43,10486.72,10489.341,10515.307,10557.778
11487.47,11533.271,11567.688,11595.319,11621.608,11623.893,11638.664,11612.579,11609.685,11607.18,11619.703,11625.206,11656.234,11704.571
13786.283,13788.2,13765.906,13749.305,13744.165,13765.718,13716.35,13687.333,13677.172,13672.222,13603.553,13638.054,13724.474,13833.658
11586.174,11632.5205,11667.167,11695.161,11721.554,11724.05,11739.05,11712.877,11709.981,11707.489,11720.295,11725.915,11757.0205,11805.927
13656.707,13658.54,13637.03,13620.678,13615.795,13636.977,13588.527,13559.038,13548.896,13543.932,13476.022,13510.028,13595.639,13703.9375
13844.044,13866.158,13924.418,13947.053,13964.033,13959.082,13998.792,14093.174,14066.785,13994.947,14048.251,14033.417,13974.533,14053.382
11012.674,11053.885,11086.328,11114.853,11135.53,11136.424,11151.668,11128.394,11128.78,11131.45,11145.439,11146.852,11171.355,11209.943
12255.412,12267.54,12238.213,12224.999,12227.947,12250.491,12217.152,12181.324,12156.456,12157.585,12104.223,12141.168,12223.39,12321.718
13714.101,13735.942,13793.628,13815.86,13832.766,13827.703,13867.221,13960.667,13934.654,13863.385,13916.167,13901.534,13843.309,13921.474
13497.45,13498.479,13440.31,13405.53,13417.347,13449.961,13462.377,13456.435,13449.607,13427.001,13403.895,13434.302,13491.934,13569.975
12316.92,12330.626,12392.0205,12408.721,12429.163,12425.95,12466.978,12565.119,12535.333,12458.133,12517.768,12500.41,12444.971,12514.359
12003.995,12008.755,11955.162,11921.378,11936.565,11964.625,11981.732,11980.178,11970.049,11946.711,11935.875,11963.275,12010.673,12078.148
14584.55,14584.577,14610.845,14604.89,14652.252,14614.957,14568.031,14498.884,14433.8545,14419.969,14480.798,14509.267,14509.631,14615.369
13916.156,13900.374,13868.913,13834.2,13865.164,13880.795,13861.823,13837.263,13798.962,13783.674,13796.126,13821.881,13865.473,13951.748
12990.236,12993.475,13022.517,13018.509,13054.279,13014.243,12972.18,12918.843,12863.903,12842.991,12899.025,12923.102,12924.532,13005.842
12485.308,12474.469,12438.986,12409.341,12444.149,12461.046,12456.812,12431.989,12393.462,12381.383,12406.128,12426.425,12460.691,12535.058
14448.356,14448.122,14474.566,14468.65,14515.645,14478.423,14432.078,14363.447,14298.94,14284.687,14344.544,14372.458,14373.339,14477.921
13367.243,13318.85,13362.58,13506.286,13630.18,13650.695,13776.0625,13676.307,13901.334,13894.23,13877.637,13828.557,13996.902,14191.797
12280.79,12247.662,12220.115,12388.531,12423.035,12432.725,12553.393,12483.847,12630.873,12605.3545,12647.725,12687.829,12782.437,12905.338
12163.0205,12128.435,12136.91,12258.726,12258.603,12247.508,12310.332,12285.742,12364.994,12331.934,12339.131,12374.316,12415.438,12530.039
12324.596,12289.564,12298.464,12421.666,12421.379,12409.896,12473.328,12448.774,12528.901,12495.083,12501.816,12537.46,12578.844,12694.9375
12371.31,12325.924,12367.477,12499.468,12612.813,12630.736,12744.45,12653.389,12861.607,12855.446,12839.518,12793.702,12946.974,13125.885
14924.658,14859.517,14759.457,14818.573,14792.726,14800.807,14775.915,14809.901,14805.873,14720.044,14746.863,14761.498,14729.72,14860.917
11364.948,11333.729,11309.085,11463.346,11495.627,11505.232,11615.282,11548.667,11684.448,11662.328,11703.636,11739.022,11827.16,11938.861
14740.247,14675.948,14577.163,14635.444,14609.784,14617.756,14593.0625,14626.402,14622.457,14537.927,14564.424,14578.657,14547.253,14676.564
13814.644,13754.776,13662.48,13716.249,13690.968,13697.854,13673.771,13703.191,13699.276,13622.346,13647.299,13658.461,13629.105,13748.04
13774.495,13655.203,13633.028,13727.165,13762.674,13697.37,13622.117,13566.006,13550.876,13501.648,13572.149,13591.93,13668.32,13795.799
14401.418,14414.042,14373.315,14533.993,14576.804,14606.868,14789.655,14758.857,14997.791,14873.301,14901.123,14912.788,15058.487,15254.17
13330.722,13341.793,13305.979,13453.49,13492.064,13519.655,13688.195,13658.457,13878.737,13764.855,13791.604,13800.545,13934.025,14113.486
13946.782,13825.903,13803.488,13899.06,13935.382,13869.292,13793.404,13736.674,13721.592,13671.758,13743.097,13763.186,13840.628,13969.72
12906.686,12795.877,12774.836,12860.039,12889.192,12827.959,12754.218,12701.254,12683.815,12637.557,12703.621,12721.641,12792.035,12911.605
13485.188,13433.048,13485.21,13608.751,13711.771,13740.596,13823.862,13745.498,13915.307,13906.385,13886.823,13856.45,13993.641,14187.775
14223.818,14236.211,14196.158,14354.738,14396.937,14426.603,14607.131,14576.604,14812.501,14689.583,14717.237,14728.671,14872.421,15065.504
14192.721,14164.822,14148.368,14322.581,14451.555,14452.279,14592.195,14485.274,14729.461,14693.03,14781.705,14726.412,14906.995,15057.244
11185.882,11154.874,11159.903,11271.645,11271.896,11263.888,11321.811,11295.589,11367.6455,11340.683,11351.727,11382.308,11422.759,11528.634
14017.385,13989.792,13973.55,14145.512,14272.615,14273.353,14411.217,14305.621,14546.508,14510.64,14598.107,14543.496,14721.666,14870.008
13055.7705,13010.727,12929.152,12951.58,12919.202,12942.354,12919.533,12958.501,12955.98,12895.445,12895.806,12909.132,12869.813,12989.679
13213.746,13168.14,13085.563,13108.281,13075.556,13099.064,13076.001,13115.5625,13112.909,13051.532,13051.905,13065.526,13025.673,13147.287
13136.593,13108.85,13095.594,13255.383,13372.088,13371.461,13498.182,13399.041,13622.467,13589.329,13671.224,13618.574,13783.971,13921.747
13323.771,13272.305,13323.801,13445.685,13547.429,13575.959,13658.164,13580.722,13748.556,13739.839,13720.498,13690.415,13825.9795,14017.738
12117.0625,12075.719,12000.032,12020.013,11988.581,12009.356,11987.353,12022.362,12021.633,11966.974,11966.394,11976.807,11941.245,12049.123
13245.69,13258.7,13218.195,13355.714,13382.103,13413.84,13531.112,13541.063,13701.446,13600.998,13612.712,13639.737,13740.858,13922.93
13087.629,13100.479,13060.47,13196.324,13222.284,13253.691,13369.627,13379.314,13537.852,13438.558,13450.281,13476.944,13576.846,13756.657
12146.449,12158.817,12122.241,12247.23,12269.634,12298.967,12404.9375,12413.266,12558.162,12467.451,12478.536,12501.289,12593.542,12759.049
13815.21,13803.268,13772.964,13925.928,14051.595,14066.993,14170.203,14086.65,14282.544,14267.346,14351.004,14318.682,14478.029,14627.254
12986.239,12893.986,12861.195,12937.3545,12973.18,12920.232,12845.951,12799.26,12762.713,12733.541,12802.323,12824.981,12895.458,13016.751
14161.402,14057.584,14022.43,14107.991,14151.266,14093.278,14015.147,13964.82,13927.874,13896.089,13972.5,13998.859,14076.875,14208.475
13992.258,13889.754,13854.984,13939.357,13981.81,13924.543,13847.179,13797.328,13760.606,13729.173,13804.71,13830.704,13907.727,14037.753
13650.083,13638.193,13608.349,13759.454,13883.438,13898.616,14000.426,13917.799,14111.303,14096.387,14178.987,14147.037,14304.371,14451.676
12668.293,12656.775,12630.441,12769.582,12881.678,12894.812,12986.514,12909.803,13086.639,13073.792,13150.006,13118.516,13263.464,13398.843
11706.847,11702.166,11691.907,11728.187,11772.195,11888.957,11825.492,11720.796,11683.708,11662.548,11608.469,11624.455,11630.59,11582.847
11096.735,11092.75,11083.784,11118.833,11160.786,11271.378,11210.922,11112.284,11077.991,11057.317,11005.66,11021.236,11026.827,10981.744
14147.117,14018.362,13935.759,13873.443,14006.454,14138.206,14036.164,13840.506,13786.54,13829.098,13766.4795,13775.556,13892.758,13890.949
14767.406,14632.845,14547.374,14480.992,14619.735,14757.599,14652.0,14447.271,14391.53,14435.6045,14370.184,14377.728,14501.126,14499.617
1366.4364,1365.3334,1363.692,1366.9921,1372.0936,1386.0098,1376.7708,1362.8379,1356.3984,1354.427,1349.0054,1351.839,1352.4348,1347.2548
1702.8198,1709.0825,1711.0901,1719.1151,1722.8683,1734.4259,1729.4618,1718.8086,1710.1257,1686.7391,1678.1628,1670.3568,1669.2728,1666.4177
1308.8733,1307.917,1306.404,1309.6442,1314.5568,1327.9109,1318.9879,1305.7198,1299.6206,1297.6927,1292.4523,1295.2242,1295.7402,1290.842
1631.1201,1637.1683,1639.1141,1646.9547,1650.5674,1661.6548,1656.7925,1646.7339,1638.5952,1616.0927,1607.8601,1600.4655,1599.3811,1596.6604
1279.6039,1284.5527,1286.1675,1293.0063,1295.9036,1304.6738,1300.356,1293.1111,1287.496,1269.4138,1262.8969,1257.5054,1256.4321,1254.3618
11104.065,11004.151,10936.272,10892.942,10997.457,11099.024,11015.186,10864.732,10819.951,10855.129,10805.864,10820.304,10907.615,10904.565
1518.647,1514.2174,1504.2411,1503.9817,1507.6528,1521.4757,1515.0173,1503.2881,1495.5853,1489.2195,1478.2094,1482.6455,1484.7344,1483.4973
1191.7207,1188.4102,1180.9343,1180.765,1184.0114,1195.0707,1189.7264,1180.7795,1174.7896,1169.5117,1160.9845,1164.6134,1165.9099,1164.736
1585.3339,1580.671,1570.1729,1569.869,1573.6449,1588.0084,1581.314,1569.0037,1560.9728,1554.4036,1542.8856,1547.4648,1549.7438,1548.5027
1556.9572,1548.3425,1542.2325,1548.9846,1558.467,1564.1653,1547.8917,1527.4086,1510.6715,1515.633,1515.8728,1520.0228,1521.0413,1515.4332
15658.649,15522.925,15427.746,15386.898,15516.979,15660.749,15557.306,15355.0625,15279.752,15332.807,15250.947,15265.477,15378.891,15365.078
1491.464,1483.4283,1477.6376,1484.0476,1492.9657,1498.4133,1482.878,1463.4844,1447.4283,1452.0562,1452.1575,1456.2754,1457.0513,1451.8633
1170.3058,1165.1925,1161.0599,1165.6036,1171.7008,1175.9176,1164.0076,1150.0521,1137.4904,1140.412,1139.839,1143.6094,1143.2114,1139.9814
1496.2395,1485.1852,1477.3599,1479.2574,1487.6195,1498.4437,1487.1052,1467.8998,1457.2354,1459.8606,1455.6693,1455.6682,1461.9363,1456.4543
1223.2368,1212.8022,1205.2592,1202.4707,1212.5878,1223.6648,1215.3229,1199.9294,1193.9238,1198.1838,1191.8048,1193.4747,1201.9667,1200.5876
1561.9924,1550.4297,1542.3057,1544.1445,1552.7623,1563.9761,1552.2438,1532.1945,1521.1401,1523.9045,1519.4897,1519.3525,1526.0023,1520.3013
1026.7,1026.3535,1025.494,1028.3936,1032.3293,1042.8602,1035.583,1025.5424,1021.0928,1019.3506,1015.0451,1017.434,1017.6401,1014.059
16023.108,15991.8,15900.758,15904.33,15929.8545,16082.578,16028.914,15920.766,15839.827,15778.613,15657.626,15698.065,15712.43,15691.088
16376.603,16234.253,16135.182,16091.48,16227.607,16378.329,16270.674,16058.31,15980.013,16035.132,15949.555,15963.354,16082.76,16068.954
1173.9285,1165.3717,1159.043,1160.9781,1168.1079,1176.929,1167.5488,1152.4604,1143.8386,1145.8153,1142.6991,1143.2024,1147.7035,1143.3268
12345.209,12397.656,12410.635,12493.224,12517.6,12601.186,12570.834,12518.231,12480.255,12303.72,12244.112,12184.35,12184.033,12152.363
16535.717,16603.162,16621.582,16723.174,16755.79,16866.51,16832.865,16751.914,16691.363,16459.023,16378.593,16291.046,16295.104,16252.394
15809.372,15874.28,15891.811,15990.25,16021.471,16127.463,16094.327,16018.364,15961.868,15739.094,15662.256,15579.561,15582.895,15542.108
15320.886,15291.444,15204.771,15208.205,15234.111,15380.292,15328.238,15225.019,15148.097,15089.376,14973.735,15012.374,15025.981,15005.206
1735.7527,1729.573,1724.437,1730.986,1737.9259,1743.9758,1729.0488,1710.7303,1691.2487,1693.5896,1691.7338,1695.9299,1695.1741,1690.0066
1596.5405,1586.6385,1578.2391,1581.8483,1589.9509,1602.8318,1591.0791,1571.6967,1558.8145,1561.7816,1557.0514,1558.0077,1563.7446,1557.0587
1247.0367,1239.6285,1233.195,1236.0125,1242.777,1253.1172,1243.5176,1228.5952,1218.5112,1220.6614,1217.0698,1218.1904,1222.1683,1217.0992
1197.0634,1194.9608,1188.3833,1188.6648,1191.3458,1202.8201,1198.4078,1190.4004,1184.6135,1179.9468,1170.9087,1173.9435,1174.9633,1173.2205
1296.5702,1292.6842,1289.6014,1294.3906,1298.8132,1303.2365,1291.8369,1279.6328,1265.3907,1265.7952,1264.1847,1267.591,1265.8147,1262.5209
1669.8036,1659.3761,1650.5768,1654.3131,1662.6917,1676.0808,1663.9131,1643.5934,1630.1562,1633.2969,1628.3099,1629.1998,1635.315,1628.2957
1659.6299,1653.887,1649.1263,1655.3433,1661.8099,1667.5842,1653.2988,1636.0955,1617.5187,1619.4646,1617.6497,1621.7047,1620.7324,1615.917
13087.378,13118.297,13097.009,13154.685,13146.178,13101.184,13067.766,13071.147,13033.326,13023.699,12919.877,13005.314,13092.246,13135.793
12273.213,12347.84,12325.663,12450.279,12494.612,12465.76,12438.1,12425.03,12426.265,12457.712,12456.882,12516.386,12532.345,12588.285
12079.115,12152.539,12130.89,12253.278,12297.06,12268.696,12241.49,12228.709,12229.993,12261.034,12260.297,12318.9,12334.478,12389.469
10834.281,10889.635,10815.314,10948.464,10962.328,10943.054,10918.377,10932.974,10957.128,10989.382,10989.096,11026.704,11025.669,11066.019
11044.926,11101.36,11025.443,11161.342,11175.3125,11155.617,11130.449,11145.262,11169.859,11202.783,11202.401,11240.651,11239.742,11280.848
13298.018,13329.397,13307.777,13366.614,13357.65,13311.753,13277.709,13281.166,13242.919,13233.252,13127.615,13214.181,13302.613,13346.911
11748.275,11775.962,11756.935,11806.863,11802.435,11764.27,11735.349,11738.132,11701.349,11693.387,11602.056,11681.262,11758.301,11797.9795
1084.6329,1091.192,1089.4602,1100.1324,1104.2509,1101.6963,1099.2554,1098.1715,1098.3108,1101.1355,1101.122,1106.3949,1107.7322,1112.6647
15302.177,15313.502,15350.915,15478.715,15556.731,15518.32,15514.757,15642.566,15576.502,15555.063,15599.599,15603.495,15531.895,15630.374
1265.5792,1268.3519,1260.786,1267.5674,1269.245,1270.8464,1270.4684,1273.3545,1271.6515,1271.6132,1266.8555,1275.8956,1280.1008,1290.3467
15060.108,15071.058,15108.113,15233.823,15310.685,15272.866,15269.499,15395.439,15330.334,15308.951,15352.978,15356.767,15286.42,15383.03
14322.655,14352.993,14269.133,14348.978,14362.51,14377.765,14374.157,14405.603,14389.25,14390.114,14335.863,14435.198,14482.285,14593.311
1351.8976,1352.7155,1356.2345,1367.5692,1374.3616,1370.9065,1370.644,1382.3348,1376.3232,1374.1655,1378.3744,1378.632,1372.259,1380.7966
14096.229,14126.116,14043.437,14122.031,14135.636,14150.806,14147.206,14178.339,14162.14,14162.923,14109.61,14207.605,14253.838,14363.335
14075.338,14041.808,13992.425,14064.949,14231.454,14202.427,14106.043,14076.971,13930.492,13955.012,14003.469,14138.247,14137.98,14222.303
14058.674,14074.196,14033.304,14108.899,14138.616,14132.713,14099.3,14110.563,14066.887,14072.077,14039.686,14108.8545,14135.185,14192.79
13852.676,13819.692,13771.292,13842.718,14006.854,13978.158,13883.147,13854.609,13710.499,13734.547,13782.239,13914.87,13914.48,13997.348
1242.1313,1243.516,1239.9152,1246.6554,1249.5471,1249.1968,1246.1573,1247.1177,1243.1311,1243.3906,1240.762,1246.8918,1249.0757,1254.3872
13836.193,13851.513,13811.162,13885.689,13915.136,13909.439,13876.505,13887.6455,13844.672,13849.642,13817.938,13885.976,13911.669,13968.492
1243.9823,1240.8396,1236.6409,1243.1298,1258.2676,1255.4971,1246.8217,1244.2811,1231.1005,1233.1792,1237.5499,1249.5043,1249.4194,1256.7936
13849.152,13855.508,13872.333,13987.788,14077.095,14036.545,14036.549,14142.894,14128.605,14104.535,14124.817,14095.9,14037.174,14117.201
1538.3718,1539.6737,1532.4373,1543.585,1541.368,1534.7683,1530.421,1533.6045,1536.1902,1534.4413,1521.2214,1524.0399,1533.9039,1537.1509
1565.1724,1566.4875,1559.1099,1570.4779,1568.2164,1561.4977,1557.0612,1560.3074,1562.9502,1561.1896,1547.7178,1550.5726,1560.6093,1563.9165
9533.537,9582.167,9518.617,9634.06,9648.516,9631.507,9609.797,9622.959,9644.554,9672.8545,9673.919,9707.594,9705.277,9741.748
1373.2921,1374.5668,1368.2653,1378.1315,1376.2698,1370.4915,1366.6177,1369.3093,1371.3485,1369.8513,1358.2595,1361.0132,1369.8269,1372.7537
15511.786,15520.076,15538.279,15666.702,15766.035,15721.558,15719.94,15837.493,15822.385,15797.205,15818.107,15786.659,15720.776,15810.953
1534.705,1537.9465,1525.5798,1539.0316,1537.2539,1533.8322,1534.1074,1540.2954,1544.9952,1545.5377,1537.122,1540.339,1546.3169,1553.0044
1658.448,1659.0624,1658.997,1671.6387,1679.8046,1674.3083,1663.0967,1662.0142,1654.8373,1656.2386,1657.8165,1669.6602,1663.5842,1672.7235
15781.545,15790.086,15808.516,15939.173,16040.116,15994.952,15993.163,16112.691,16097.35,16071.904,16093.033,16061.088,15993.986,16085.896
1346.744,1349.5621,1339.0258,1350.5308,1349.1454,1346.3086,1346.7837,1352.2272,1356.1683,1356.5635,1349.4097,1352.5767,1357.5347,1363.5481
1452.167,1452.5306,1452.6697,1463.6694,1471.2043,1466.4816,1456.5693,1455.8386,1449.6227,1450.6604,1452.5662,1462.9314,1457.2919,1465.0503
1508.4631,1511.6455,1499.5026,1512.7131,1510.9788,1507.6157,1507.9052,1514.0004,1518.6146,1519.1362,1510.8807,1514.0681,1519.9198,1526.4932
1626.7008,1627.292,1627.2317,1639.6176,1647.6628,1642.2708,1631.2609,1630.2433,1623.2255,1624.5671,1626.1577,1637.7804,1631.786,1640.716
1403.0463,1405.1422,1399.0219,1408.372,1410.3577,1407.865,1404.0518,1407.94,1407.5571,1408.5603,1402.2775,1406.8197,1409.0516,1413.5858
1598.9681,1601.3268,1594.2201,1604.9636,1607.0928,1604.0367,1599.6786,1604.2045,1603.8958,1605.0967,1597.6436,1602.666,1605.397,1610.4423
1571.6265,1573.9454,1566.9664,1577.5283,1579.6338,1576.6368,1572.3505,1576.7961,1576.4932,1577.661,1570.3545,1575.3055,1577.9723,1582.934
1372.7682,1376.9187,1383.1031,1386.2478,1386.6733,1386.7974,1390.8132,1386.0148,1388.2062,1390.8032,1392.6095,1392.3191,1395.2441,1394.6133
11884.792,11884.26,11885.864,11876.302,11888.497,11885.8955,11896.643,11849.825,11872.821,11851.115,11842.429,11823.638,11882.926,11896.863
1178.2068,1183.6829,1188.1787,1195.8387,1190.0214,1193.0923,1202.128,1204.6245,1203.9043,1206.1145,1211.8325,1208.2996,1207.2603,1208.8712
1322.545,1326.5536,1332.5308,1335.5721,1335.9758,1336.1007,1339.9733,1335.3601,1337.4648,1339.9718,1341.7141,1341.4362,1344.253,1343.6512
12211.615,12210.832,12212.368,12202.363,12214.923,12212.281,12223.38,12175.2295,12199.148,12177.047,12167.991,12148.4795,12209.592,12223.836
13986.394,14051.583,14102.821,14193.539,14125.1,14160.758,14268.207,14297.178,14289.499,14315.316,14382.611,14340.524,14328.529,14347.026
13611.616,13675.016,13725.248,13813.602,13746.874,13781.731,13886.269,13914.607,13906.9795,13932.168,13997.74,13956.794,13945.055,13963.138
1028.792,1028.8351,1029.0255,1028.253,1029.3135,1029.0858,1029.9824,1025.9393,1027.8185,1025.8649,1025.1647,1023.6278,1028.682,1029.9261
13159.318,13160.005,13166.403,13169.646,13163.596,13161.6,13186.181,13168.764,13198.581,13201.538,13199.961,13195.378,13223.365,13208.569
12806.94,12807.666,12814.158,12817.5,12811.522,12809.525,12833.549,12816.524,12845.594,12848.413,12846.805,12842.343,12869.69,12855.273
12581.999,12591.626,12620.722,12630.299,12630.737,12612.005,12614.248,12592.753,12590.032,12585.345,12602.43,12603.503,12619.681,12626.481
12927.641,12937.437,12967.146,12976.99,12977.393,12958.189,12960.562,12938.474,12935.688,12930.8955,12948.408,12949.411,12965.923,12972.832
11331.47,11366.585,11418.784,11445.255,11448.484,11450.229,11483.8955,11444.458,11461.657,11483.32,11498.566,11495.263,11519.299,11514.463
1478.9163,1478.7533,1478.9288,1477.6678,1478.9001,1478.3833,1479.8353,1474.353,1477.5343,1474.7081,1473.3754,1470.7585,1478.0443,1479.6619
15268.458,15339.696,15393.682,15491.202,15419.909,15458.043,15574.345,15604.811,15598.095,15627.019,15698.516,15652.87,15640.391,15660.401
12581.827,12575.808,12581.691,12572.045,12585.002,12580.542,12592.017,12565.86,12583.879,12592.331,12599.371,12585.365,12601.093,12605.084
11028.332,11062.592,11113.558,11139.392,11142.523,11144.257,11177.023,11138.708,11155.393,11176.522,11191.42,11188.262,11211.626,11206.963
12927.587,12921.191,12926.961,12916.938,12930.252,12925.756,12937.539,12910.776,12929.198,12938.011,12945.206,12930.885,12946.928,12951.001
1522.4354,1522.2408,1522.4131,1521.0992,1522.3671,1521.8331,1523.3333,1517.6912,1520.9963,1518.1047,1516.7133,1514.0022,1521.5168,1523.174
1089.2877,1090.1575,1092.7485,1093.5819,1093.6442,1092.0035,1092.1761,1090.3138,1090.0754,1089.6608,1091.1533,1091.2814,1092.7227,1093.3413
954.71686,957.71313,962.1811,964.44574,964.7065,964.86993,967.7179,964.42505,965.85406,967.69995,969.00073,968.7404,970.76624,970.3747
1089.3951,1088.9482,1089.5503,1088.7542,1089.8757,1089.4598,1090.4579,1088.1515,1089.7461,1090.4318,1091.056,1089.8228,1091.2244,1091.5817
1090.9141,1094.2667,1099.2845,1101.8368,1102.1481,1102.273,1105.4845,1101.714,1103.4287,1105.5245,1106.9865,1106.7722,1109.0848,1108.6091
1268.4065,1274.3209,1279.0345,1287.1823,1281.1698,1284.4338,1294.0897,1296.6919,1296.0477,1298.4955,1304.5096,1300.7202,1299.6381,1301.3616
1509.704,1508.812,1509.306,1508.0154,1509.5903,1509.1272,1510.5151,1507.4333,1509.55,1510.7235,1511.6317,1510.114,1511.9158,1512.4935
14831.362,14900.522,14953.397,15048.182,14978.791,15015.984,15128.93,15158.685,15152.013,15180.164,15249.744,15205.42,15193.225,15212.775
1264.9202,1264.9042,1265.109,1264.104,1265.1594,1264.7246,1265.9412,1261.2476,1263.8231,1261.3218,1260.26,1258.1238,1264.2838,1265.6975
1495.3462,1495.3105,1495.8398,1496.0267,1495.404,1495.2522,1498.0109,1496.0121,1499.421,1499.8365,1499.7196,1499.2577,1502.3645,1500.7313
1343.9661,1344.9055,1348.002,1349.0186,1349.153,1347.1052,1347.3312,1344.9592,1344.6852,1344.2355,1346.0157,1346.1854,1347.8943,1348.6794
1571.157,1572.1788,1575.6799,1576.855,1576.9839,1574.607,1574.9001,1572.1261,1571.8121,1571.2908,1573.3542,1573.4944,1575.432,1576.3025
1242.3212,1242.3153,1242.9324,1243.1987,1242.6355,1242.4579,1244.8076,1243.1102,1245.9707,1246.2678,1246.1212,1245.7278,1248.3917,1247.0015
1617.3732,1618.4137,1621.9949,1623.2037,1623.3271,1620.8873,1621.198,1618.3412,1618.0198,1617.4874,1619.6047,1619.7355,1621.7153,1622.6012
1554.1147,1553.1721,1553.6456,1552.3063,1553.9272,1553.4673,1554.8977,1551.736,1553.9009,1555.1238,1556.0599,1554.5107,1556.3446,1556.9386
11915.311,11841.317,11867.327,11855.457,11802.958,11835.755,11841.02,11774.896,11796.1455,11775.318,11763.114,11772.129,11832.544,11799.42
12170.373,12094.449,12121.181,12108.777,12055.117,12088.715,12094.4,12026.826,12048.913,12027.182,12014.188,12023.076,12084.734,12050.902
8538.325,8456.435,8531.174,8515.931,8529.98,8549.5625,8525.708,8461.995,8492.757,8461.826,8428.61,8411.469,8457.05,8461.495
9270.196,9182.428,9264.334,9247.751,9262.643,9284.76,9258.387,9188.215,9222.294,9188.536,9152.787,9133.951,9182.968,9187.824
10840.597,10817.089,10839.6045,10846.379,10837.45,10818.04,10829.755,10814.745,10819.193,10789.573,10823.131,10815.876,10831.451,10838.67
9817.75,9796.256,9817.08,9824.141,9816.796,9798.421,9808.703,9796.309,9799.803,9773.571,9803.947,9797.846,9811.481,9818.551
3486.6,3433.787,3431.4226,3444.9062,3442.3354,3423.609,3377.0051,3409.4539,3434.194,3456.5496,3439.5073,3457.5803,3371.8396,3405.9885
1682.5598,1679.2109,1667.4092,1649.948,1637.541,1630.4645,1621.0446,1624.6274,1630.0543,1629.711,1626.6658,1626.9658,1633.0043,1632.3119
11489.492,11445.573,11433.208,11441.696,11413.192,11385.317,11389.344,11401.93,11387.524,11377.022,11381.096,11356.074,11334.846,11367.18
31461.518,31287.268,31442.783,31329.375,31163.52,31212.365,31209.963,31082.41,31195.123,31039.443,30874.525,30932.955,30899.479,31077.188
31461.518,31287.268,31442.783,31329.375,31163.52,31212.365,31209.963,31082.41,31195.123,31039.443,30874.525,30932.955,30899.479,31077.188
3883.414,3852.17,3812.5425,3856.7698,3825.7158,3794.1758,3774.2651,3758.5286,3787.3066,3784.4954,3740.9182,3754.0703,3802.0557,3743.1423
6758.361,6745.241,6751.773,6751.997,6732.872,6738.828,6744.998,6753.166,6753.1113,6771.085,6758.207,6747.691,6736.256,6746.933
665.2526,659.0627,650.5252,644.3457,640.3198,641.86615,641.07166,638.4093,645.85815,649.25665,650.9035,654.35846,648.6931,661.3121
2681.5674,2677.8076,2685.3835,2678.632,2678.234,2679.7583,2690.3503,2691.9832,2699.409,2697.1633,2694.826,2686.507,2688.1392,2689.5566
2983.3088,2979.127,2987.555,2980.0457,2979.601,2981.2974,2993.081,2994.8972,3003.1575,3000.659,2998.0596,2988.8032,2990.62,2992.1987
1102.6127,1094.2546,1123.1575,1117.2981,1131.5608,1125.4209,1148.7046,1205.888,1219.6271,1180.2816,1206.4702,1163.3079,1203.0239,1242.4131
6228.756,6185.8496,6207.495,6213.88,6221.1655,6224.635,6173.594,6179.016,6184.7363,6191.4404,6186.938,6216.387,6221.2056,6275.322
2733.825,2736.0107,2739.0134,2706.6719,2702.9077,2704.4658,2670.4387,2661.4626,2681.6394,2657.417,2651.5994,2645.589,2650.4158,2669.09
3921.3838,3926.3286,3946.6797,3948.7402,3952.976,3954.6548,3955.7822,3958.1775,3976.7935,3977.241,3982.1934,3975.8928,3989.3848,3987.1462
3017.9214,2997.7864,2964.5986,2979.0725,2951.7075,2921.044,2886.2927,2913.4248,2896.3516,2895.9824,2892.295,2908.7336,2918.7197,2922.7876
3742.2266,3709.9263,3739.9822,3700.0317,3668.795,3657.629,3655.6287,3687.491,3742.8748,3712.2756,3698.8293,3683.4353,3680.5222,3713.1343
3688.238,3658.2783,3676.6265,3691.134,3719.2827,3675.493,3672.644,3736.9048,3787.0256,3736.4297,3759.1216,3749.2134,3753.7441,3757.3745
8900.982,8775.622,8787.006,8719.511,8757.464,8716.165,8516.207,8575.984,8608.393,8519.421,8514.415,8530.938,8538.922,8604.332
8907.689,8931.84,8980.516,8989.425,8990.942,8989.565,8994.477,9064.908,9057.3125,9019.083,9038.127,9042.809,9096.034,9139.28
6891.892,6870.113,6887.7217,6880.669,6897.7085,6919.285,6960.1284,6993.0303,7058.186,7028.422,7029.741,7045.32,7095.1904,7089.978
3342.36,3331.9592,3319.9653,3307.2214,3305.7021,3316.7837,3327.9702,3351.5908,3360.1128,3350.029,3335.4187,3341.5251,3346.797,3337.3345
3988.2764,3909.0103,3905.828,3890.903,3858.4731,3814.8894,3820.7888,3896.6396,3948.6252,3912.35,3901.4736,3886.5315,3840.1702,3850.0615
3869.3875,3841.2336,3823.9556,3805.5571,3802.275,3805.3364,3816.1802,3839.0286,3856.2117,3847.5432,3846.107,3842.8452,3838.1113,3839.1768
5394.658,5426.4004,5432.376,5414.287,5392.275,5342.748,5277.2646,5240.7617,5180.0874,5091.3555,5093.9976,5128.935,5267.0693,5395.851
3501.6196,3489.8535,3513.2258,3501.017,3484.5461,3480.389,3495.1458,3497.1936,3507.7678,3502.0247,3518.6033,3503.5544,3501.0608,3505.9177
2351.3628,2368.442,2405.7578,2389.3071,2395.1797,2400.0688,2406.7922,2419.4648,2437.9045,2426.7363,2421.5166,2379.307,2385.948,2396.0686
4982.14,4976.376,4966.898,4960.482,4950.908,4946.6143,4953.1924,4950.865,4971.7344,4961.376,4963.162,4938.6245,4951.5146,4961.7085
3671.9146,3657.451,3640.55,3615.3452,3580.4067,3562.9736,3555.4304,3560.5745,3561.3557,3557.0425,3561.1245,3563.9143,3606.508,3622.4705
975.1393,978.76495,993.39905,989.17957,993.104,988.9412,989.6022,982.8452,994.0351,1004.4905,1011.05457,1003.61945,1002.9717,996.3323
6898.7163,6962.2124,6911.854,6883.2295,6914.4824,6942.922,6899.4634,6901.3926,6822.4146,6821.0,6800.0405,6758.3223,6826.5103,6882.0405
1258.074,1266.5419,1268.4515,1268.5839,1264.8341,1271.0792,1271.8984,1272.0188,1272.6573,1276.3723,1283.2213,1280.4948,1279.7848,1284.5779
26614.842,24458.062,23956.73,22920.37,21760.523,20517.559,18354.559,20103.68,20316.645,19954.895,19959.15,20007.582,20129.36,20661.932
8066.8027,7974.9307,7969.1724,8027.116,8033.9253,8000.4697,7990.514,7992.003,7953.083,7943.9136,7933.583,7889.054,7873.323,7899.519
7923.087,7812.148,7804.9424,7867.554,7874.55,7851.6733,7844.613,7833.6406,7770.037,7759.467,7736.2476,7681.1616,7683.126,7728.191
8798.382,8769.763,8711.014,8692.181,8668.984,8613.707,8671.847,8746.36,8820.162,8808.6875,8764.529,8786.144,8781.835,8768.919
2855.7244,2842.7092,2854.7131,2849.042,2828.0906,2817.404,2770.8835,2781.2952,2776.3557,2772.8545,2779.8633,2798.792,2795.5547,2820.4822
2016.8303,2022.1162,2010.757,2011.9825,2027.3175,2023.6481,2031.695,2035.3513,2046.982,2035.8245,2024.0507,2013.8405,2019.8453,2014.2168
7181.007,7184.1016,7175.675,7203.745,7200.277,7163.6445,7145.612,7135.3535,7079.9834,7097.2695,7117.076,7086.78,7082.793,7051.464
1652.3945,1649.6068,1662.6912,1660.877,1652.9786,1643.1798,1616.97,1623.3718,1624.6844,1627.7203,1623.9523,1611.401,1616.886,1632.1865
1048.9336,1052.4897,1137.322,1128.7788,1127.3204,1158.4243,1151.8507,1114.5872,1108.8413,1084.7798,1121.5485,1129.426,1147.0801,1175.3604
5561.52,5526.529,5661.645,5702.9985,5823.965,5771.3354,5804.889,5848.0337,6070.6885,5910.8516,6057.6816,6029.261,6044.9966,5970.2646
1500.2119,1498.2084,1496.0693,1487.4447,1483.6825,1486.7764,1480.2245,1483.4702,1495.2965,1490.257,1475.2302,1477.8778,1479.6252,1483.6158
2245.869,2226.126,2217.924,2220.7751,2214.8691,2205.281,2195.4797,2210.7434,2226.6836,2214.3127,2209.0461,2210.5054,2206.0503,2218.3967
1679.411,1664.5398,1655.4597,1657.3163,1661.7278,1663.9438,1665.2649,1666.0729,1661.5199,1658.1094,1650.8108,1645.1437,1650.05,1659.6432
4683.2773,4618.661,4654.1475,4576.2363,4518.8984,4487.223,4582.957,4582.333,4609.7383,4542.866,4567.6147,4516.343,4550.3345,4549.5933
4296.7896,4270.8184,4272.042,4220.7524,4207.0093,4227.1216,4291.979,4345.3154,4290.6616,4230.2505,4261.1367,4187.197,4244.8296,4303.2354
6731.9175,6676.445,6816.8237,6824.135,6809.5977,6814.0127,6910.6304,6895.716,6986.625,7048.3345,7079.926,7072.1055,7147.1406,7054.9536
1971.0558,1974.2891,2006.8784,1998.9515,2004.2122,2005.6011,1988.3749,1990.6786,2009.4039,1997.2744,1994.9419,1998.6139,2017.9012,2019.3267
2036.4503,2026.1385,2055.658,2046.8251,2066.1587,2079.9558,2091.096,2108.069,2089.8013,2078.844,2091.3853,2096.2458,2101.3162,2119.116
3649.4988,3667.1724,3694.0386,3682.7683,3668.4414,3666.5005,3681.5928,3662.4868,3688.3784,3690.0918,3738.4592,3728.6567,3756.5798,3778.4885
4998.998,4796.6597,4838.237,4835.59,4826.857,4736.7153,4670.6396,4722.2783,4780.864,4658.1367,4686.357,4673.666,4673.919,4693.387
1425.2418,1403.3229,1396.7336,1414.1858,1417.989,1410.7823,1392.924,1384.5033,1382.639,1385.3131,1389.139,1388.401,1383.6215,1378.4404
1420.3467,1408.7715,1410.1656,1425.5939,1425.1682,1420.8813,1414.6776,1406.1349,1402.4175,1411.9385,1409.8435,1403.9254,1394.2185,1392.335
1923.8806,1899.0234,1948.4463,1920.0458,1904.6934,1905.6106,1936.4365,1931.2279,1922.1489,1904.776,1946.7919,1887.5114,1911.1027,1909.639
2528.1987,2521.662,2526.091,2502.6992,2501.5618,2537.1646,2539.7402,2524.951,2492.9333,2500.7349,2514.8442,2466.5103,2476.635,2502.3503
6244.924,6263.1567,6339.2363,6366.693,6351.632,6366.227,6368.9355,6375.843,6432.3374,6407.13,6380.55,6315.9634,6336.3022,6303.1797
1862.879,1859.7645,1872.916,1868.9569,1865.9313,1863.688,1859.8317,1859.0653,1856.6979,1855.3486,1864.1481,1861.9163,1860.4691,1869.4674
1394.7618,1393.9688,1410.3999,1405.7557,1421.4589,1416.8322,1417.7861,1412.1359,1427.3784,1423.8564,1438.1613,1432.8534,1433.9419,1438.6538
1491.2445,1493.9589,1498.2572,1498.5253,1495.8888,1495.3214,1494.7394,1497.8395,1498.1567,1495.0905,1502.1687,1500.357,1502.1318,1508.3387
3782.7134,3756.526,3838.9421,3779.7383,3815.1392,3844.3806,3894.7485,3878.787,3780.6196,3788.3818,3855.3567,3757.5254,3805.9377,3877.4194
1930.3257,1919.7705,1973.5262,1977.6758,1986.4702,1992.2207,2009.1873,2020.9651,2037.3137,2025.1898,2035.5645,2017.4004,2001.2238,1980.7489
2547.1042,2504.4812,2544.3054,2578.03,2588.8267,2535.5325,2525.1235,2518.4358,2595.7258,2560.9976,2546.24,2542.4478,2527.5405,2568.3618
8203.686,8157.3613,8137.812,8115.496,8086.0767,8087.501,8091.2036,8108.6665,8141.277,8131.0938,8162.572,8147.174,8094.975,8100.169
1257.7566,1265.2151,1262.8378,1271.0232,1268.354,1271.153,1272.2567,1276.5547,1277.1545,1283.2948,1284.1211,1283.7952,1284.8815,1284.8544
1486.0789,1482.6395,1516.8302,1504.1736,1504.9093,1515.6763,1528.7112,1552.9088,1569.1493,1556.3557,1555.0408,1546.9358,1540.608,1531.6289
1994.9302,1995.1703,2007.4382,2010.9827,2014.313,2015.154,2017.3326,2029.5037,2038.021,2032.8396,2033.8516,2027.3146,2030.5051,2024.9976
3131.215,3089.5557,3155.7808,3136.9119,3190.5906,3219.006,3345.1753,3389.816,3500.561,3453.6316,3434.6943,3396.9233,3452.3533,3335.6145
3408.118,3389.264,3410.9568,3428.711,3419.2024,3403.0022,3407.348,3413.4268,3404.5688,3386.577,3395.358,3413.173,3403.5508,3423.909
3694.1487,3657.8792,3659.059,3684.7996,3677.8904,3639.322,3619.466,3604.7715,3586.8938,3603.4504,3632.6433,3604.1917,3578.2698,3590.823
1999.2966,1992.8105,2009.7571,2010.199,2001.2777,1998.2147,2006.8235,2007.1069,2013.5409,2006.0353,2006.1447,2004.1941,2016.8134,2018.1609
2088.1934,2087.2522,2086.782,2086.5674,2087.6968,2086.7712,2098.2466,2103.8213,2111.7798,2107.2766,2099.8804,2089.1467,2090.616,2085.3384
1753.8679,1745.0359,1764.66,1766.8834,1776.9772,1777.6943,1779.2671,1774.5029,1759.5889,1761.7106,1770.1008,1760.6912,1767.7593,1773.0165
2477.8306,2468.3408,2507.117,2477.4817,2482.3447,2498.2378,2518.2615,2522.423,2506.8127,2510.8018,2512.5454,2489.5571,2515.5068,2521.3462
3903.0955,3922.3198,3937.3926,3930.6345,3890.6443,3821.8882,3780.9958,3835.674,3871.2632,3820.3328,3800.3086,3730.9397,3634.062,3770.8225
2755.2292,2758.2974,2753.934,2738.3364,2754.6108,2761.9958,2797.1482,2809.8442,2801.2896,2794.8425,2773.139,2753.983,2777.21,2797.9812
2017.3605,2016.7737,2018.753,2000.5125,1965.4148,1956.8314,1955.6224,1958.3658,1952.1216,1948.2855,1956.7969,1940.4192,1940.3649,1955.001
10737.431,10599.601,10632.253,10610.458,10549.067,10441.802,10437.363,10494.366,10520.339,10519.109,10509.058,10455.18,10429.43,10419.209
1828.6418,1831.231,1934.4294,1923.0422,1898.4264,1860.648,1881.7285,1884.1167,1917.8152,1941.945,1995.0308,1970.711,1986.4569,1989.9781
3869.3635,3850.0176,3851.9248,3858.9702,3914.9622,3909.8867,3943.7527,3918.392,3938.5913,3953.1243,3970.4111,3943.2988,3945.464,3915.733
1629.9397,1614.4551,1626.9222,1612.7064,1608.9799,1600.8961,1612.9296,1610.2349,1616.9712,1607.8239,1618.5784,1595.1418,1611.9299,1612.995
1595.8378,1591.2091,1612.7736,1606.429,1588.1631,1578.9432,1575.1888,1586.27,1583.6383,1585.0792,1587.5614,1558.1973,1555.5538,1571.0356
2780.638,2758.8235,2763.5332,2749.6904,2744.9475,2743.814,2753.8867,2764.8103,2792.1038,2812.116,2813.096,2803.0918,2812.293,2809.9973
9890.076,9893.653,9846.969,9732.548,9726.085,9792.772,9706.651,9686.069,9815.404,9766.131,9724.158,9913.485,9937.9,9942.554
1270.0587,1263.7672,1267.7822,1256.3424,1258.2916,1256.6575,1251.5392,1261.6938,1271.0022,1260.4834,1250.9718,1240.6821,1239.2958,1250.2877
1980.9596,1962.862,1973.6721,1992.1549,1991.2843,1974.3188,1971.4923,1974.431,1980.6797,1978.5704,1984.5938,1973.928,1964.3762,1969.833
1700.9762,1686.5289,1681.3666,1684.19,1676.3298,1669.3322,1648.8752,1660.8156,1670.0912,1668.9242,1659.4489,1645.3766,1643.1587,1660.9248
6307.8286,6287.333,6293.9106,6280.2075,6274.412,6239.4385,6231.6113,6240.126,6258.8203,6254.7666,6254.138,6241.266,6247.3735,6259.7773
1025.1893,1021.3603,1031.7617,1030.6036,1034.6542,1031.235,1034.5433,1031.3368,1031.4718,1025.4065,1029.3802,1031.5195,1036.1957,1040.7858
1757.4724,1764.3892,1802.4244,1797.6906,1779.5464,1773.2439,1768.7084,1771.5648,1806.5289,1804.7086,1813.3562,1805.1715,1772.3589,1811.2429
2167.361,2178.0188,2187.121,2185.2183,2190.149,2198.0923,2199.8333,2179.6692,2173.1323,2172.6274,2170.214,2177.3425,2190.3843,2203.2874
4205.045,4147.948,4125.412,4175.9854,4151.4893,4085.5342,4024.3845,3999.2046,3964.9797,4011.5159,4044.3977,4038.0068,4034.2822,4054.9243
4872.8,4912.55,4901.7056,4920.9565,4861.7563,4899.708,4921.1455,4908.041,4926.732,4948.3813,4916.0728,4943.318,4979.5645,4986.346
9383.961,9239.922,8695.502,8780.377,8782.612,8759.305,9145.293,8995.278,9299.643,9692.384,9614.344,9081.785,9786.858,9640.077
1575.1711,1554.8441,1590.417,1602.9602,1611.6859,1612.4376,1650.3444,1702.7849,1732.5646,1687.8822,1705.3198,1664.2058,1702.0573,1685.8373
2787.021,2779.4785,2803.4512,2804.1787,2794.7075,2793.4119,2798.0425,2807.9468,2831.9292,2837.3333,2835.2397,2835.8513,2832.2817,2819.0017
1455.1483,1447.8342,1465.8557,1464.2667,1446.9032,1444.1886,1436.2325,1440.4674,1442.7501,1441.8375,1441.3606,1447.454,1456.0472,1451.7826
1557.906,1563.3905,1554.3872,1566.9202,1565.2856,1554.5735,1556.9397,1557.5112,1578.8479,1570.483,1565.7205,1565.1088,1562.8575,1570.9132
8794.756,8614.905,8643.478,8528.128,8522.65,8516.42,8548.482,8569.119,8587.097,8443.718,8376.65,8312.322,8278.121,8446.655
1728.9882,1719.1123,1721.6864,1727.287,1734.3005,1731.0394,1729.9679,1722.1523,1716.5892,1713.1432,1708.8727,1699.3533,1704.6023,1715.0985
3313.7178,3330.6467,3277.324,3208.8337,3264.6409,3289.8794,3256.4036,3258.475,3282.318,3313.4766,3344.6692,3257.6477,3259.3872,3321.7979
1387.1179,1386.0992,1385.6896,1383.2996,1384.6454,1376.3575,1379.5886,1372.4487,1376.002,1369.7256,1370.3632,1364.6038,1360.1674,1364.0453
1624.4622,1612.7456,1638.4857,1646.4819,1664.6794,1648.792,1649.1666,1647.1802,1644.3741,1649.0715,1662.4332,1659.2551,1657.6891,1649.5454
1610.4401,1591.3005,1630.5535,1644.9988,1654.4576,1628.9232,1633.3804,1630.1335,1636.4854,1645.4666,1659.8245,1647.3926,1633.9128,1622.6163
17375.713,17254.398,17203.236,17298.115,17501.18,17613.027,17504.809,17243.1,17364.54,17244.004,17392.135,17333.975,17225.195,17291.854
3352.6082,3335.4424,3327.8389,3331.9712,3310.8347,3306.6702,3307.099,3328.808,3353.4946,3355.695,3350.25,3356.4077,3346.9023,3331.644
1808.199,1854.1901,1862.5376,1947.32,1941.9603,1993.5367,1989.6394,2033.1841,2004.6074,2009.6094,1980.5254,1971.121,1937.5939,1980.8716
1309.5829,1336.3652,1343.2566,1348.0878,1356.4434,1356.8754,1357.2812,1357.6758,1364.635,1387.4305,1394.4252,1387.9277,1380.2058,1379.2385
4452.7734,4299.219,4255.991,4269.1953,4284.538,4276.8164,4266.953,4303.0474,4339.0327,4297.228,4310.4937,4287.5605,4241.644,4232.7563
4555.7207,4379.035,4353.772,4376.9194,4404.9297,4391.287,4377.7715,4393.879,4455.4443,4433.5083,4447.247,4426.5664,4356.4717,4320.8794
3648.395,3656.5234,3667.4575,3690.1396,3694.0737,3698.4658,3745.027,3778.0664,3781.9448,3765.4807,3789.9707,3810.5837,3841.8767,3858.6758
11069.128,11060.178,11093.592,11074.612,11072.126,11058.529,11111.183,11104.121,11152.952,11178.52,11199.733,11146.836,11176.378,11164.765
6419.7017,6384.8647,6388.925,6328.6616,6308.448,6322.417,6295.693,6314.287,6362.492,6356.4316,6353.5493,6297.731,6384.415,6371.185
8968.389,9086.896,9136.774,9192.876,9115.046,9277.078,9198.008,9173.407,9225.453,9173.499,9213.405,9369.319,9229.618,9450.323
1192.869,1186.3269,1186.3151,1186.7079,1187.5127,1186.3127,1184.198,1182.0376,1181.2118,1178.4058,1182.0632,1182.5349,1181.9723,1185.5591
2858.0137,2869.1506,2859.0706,2887.689,2966.46,3022.5894,3073.4973,3050.9148,3019.9473,3009.2175,2954.0793,2892.8635,2914.948,2917.7158
8681.381,8623.996,8554.525,8550.363,8514.399,8479.829,8500.499,8545.633,8589.978,8572.292,8538.448,8515.852,8470.809,8531.357
1939.9526,1942.2557,1927.8765,1939.6732,1937.2749,1920.5253,1913.7645,1904.3649,1914.9983,1909.4546,1904.324,1900.5809,1933.4589,1938.3208
2758.6963,2748.2776,2734.0132,2722.6296,2722.0398,2716.1785,2724.112,2726.709,2746.6338,2755.7952,2755.1548,2730.9854,2719.4597,2726.547
1918.5698,1919.4146,1921.2848,1918.0554,1923.0127,1924.011,1923.5508,1943.5459,1957.1824,1948.7152,1940.5837,1943.0798,1949.2609,1940.5454
2825.1975,2796.3018,2793.355,2788.717,2776.7378,2754.93,2725.087,2759.5486,2813.9084,2774.4995,2702.237,2717.5164,2718.802,2768.652
1380.7706,1373.3956,1390.8466,1384.2802,1382.5579,1382.1875,1376.5345,1365.423,1368.6482,1381.2461,1393.9735,1380.011,1370.9958,1354.753
9317.992,9270.929,9214.707,9209.24,9197.795,9227.486,9278.832,9288.147,9265.265,9258.371,9218.203,9214.984,9217.863,9234.8
4246.355,4243.8926,4246.4326,4258.7256,4261.4746,4244.268,4231.588,4239.9097,4259.1484,4271.746,4271.968,4257.936,4254.656,4249.268
3519.569,3524.5647,3544.7305,3603.616,3585.6252,3506.0662,3465.5562,3508.7617,3489.5635,3451.1255,3511.719,3409.9707,3397.4111,3418.0918
3953.2935,3963.224,3928.812,3961.4565,3891.8188,3904.4626,3845.3936,3868.536,3851.846,3886.655,3856.634,3863.7764,3846.8804,3878.9563
1970.1433,1954.3049,1922.2566,1944.2993,1949.428,1943.4695,1923.9733,1934.1058,1971.9073,1963.8523,1933.7386,1951.6105,1948.2576,1942.1981
3248.7515,3182.48,3162.431,3139.1277,3123.1438,3129.3755,3145.6926,3200.7712,3220.406,3208.6765,3207.6025,3236.9597,3245.5068,3233.7554
7177.8984,7150.392,7160.2188,7181.3545,7182.2983,7140.537,7136.895,7194.0776,7211.6914,7180.373,7154.033,7102.7134,7141.2593,7167.9395
9475.862,9474.188,9560.317,9676.371,9641.244,9709.962,9690.441,9674.244,9615.94,9691.598,9724.587,9807.599,9753.629,9693.017
3006.356,3013.0757,3055.7097,3046.2922,3036.0405,3025.09,3043.1016,3039.9321,3063.5234,3061.2188,3080.4922,3069.3088,3074.4968,3073.7664
3631.9314,3577.8457,3607.3137,3583.821,3576.679,3559.4673,3495.07,3482.3208,3518.2598,3491.7231,3490.8813,3493.7505,3460.1323,3481.1895
2270.0012,2271.4023,2305.1055,2281.3088,2283.3562,2307.491,2325.0999,2328.026,2323.0637,2309.982,2314.6086,2284.3496,2324.8145,2325.9026
3639.4006,3580.342,3656.128,3692.854,3770.9187,3708.4978,3694.9497,3733.8823,3774.6045,3694.8557,3721.3203,3677.5435,3702.2996,3632.1372
1588.9762,1602.7925,1625.7944,1636.86,1649.165,1645.5121,1643.0205,1618.8699,1607.248,1600.493,1601.8741,1587.5929,1595.8523,1610.3292
1554.0427,1566.2413,1590.8568,1599.2617,1616.3606,1611.0282,1608.1271,1582.0157,1573.1383,1570.6833,1581.1704,1562.489,1568.4053,1580.5143
2958.9253,2938.9087,2928.6885,2923.2305,2925.7744,2916.916,2931.1914,2932.7769,2958.6743,2940.89,2932.9382,2913.5208,2922.3083,2935.5771
2429.5928,2392.4956,2438.13,2436.5156,2439.8718,2427.5327,2418.7483,2409.559,2407.4253,2412.006,2436.3691,2453.4504,2456.9924,2469.6287
8768.737,8779.865,8894.785,8977.712,8942.783,9034.071,9138.331,9055.064,9066.649,9235.969,9301.306,9062.076,8964.154,8898.462
6053.3545,6003.6167,5976.3325,5951.8813,5950.0654,5949.734,5976.146,5984.9443,6015.094,6004.197,5974.051,5952.347,5968.489,5967.7437
6052.16,5996.1562,5975.5737,5939.0522,5946.3706,5941.6387,5968.9487,5975.0293,6004.2827,5982.9185,5958.779,5939.86,5929.5923,5938.544
3056.734,2954.788,3037.093,2991.4048,2993.9597,2937.2466,2853.2336,2854.3982,2904.0151,2855.7024,2876.6162,2827.969,2821.2034,2893.0405
3003.3389,3010.4363,2992.53,2967.2083,2979.759,2980.2646,2945.3071,2952.7668,2951.2185,2921.7795,2931.3289,2922.0635,2903.5735,2929.0447
3060.8115,3036.9417,3022.87,2997.5703,3019.5776,3001.758,2995.257,2993.9324,3000.085,2954.8235,2967.9492,2946.9785,2947.7263,2953.08
2938.4565,2928.6204,2925.2988,2941.9988,2966.939,2927.8152,2893.2046,2866.199,2891.4521,2865.536,2849.1902,2826.4485,2830.8088,2843.8562
8890.359,8873.977,8808.251,8814.877,8777.007,8746.909,8722.281,8736.488,8759.146,8752.016,8767.838,8768.353,8740.194,8795.255
1286.8339,1289.3922,1305.9263,1309.6259,1307.0897,1300.263,1299.4037,1297.2104,1292.8782,1295.3059,1310.928,1309.4451,1305.8182,1313.615
749.8627,752.9475,759.6277,758.7195,762.17755,764.0138,767.4583,773.2056,773.668,770.3815,782.4008,775.30914,780.46466,780.7804
2255.3772,2250.2126,2245.476,2236.2031,2225.1516,2219.4697,2219.753,2228.693,2220.5686,2209.238,2208.8113,2199.825,2195.446,2208.5952
1848.3623,1831.3484,1820.0739,1836.8557,1879.8795,1887.7576,1927.1266,1890.057,1907.5128,1922.8884,1947.2773,1917.0349,1921.9026,1906.1299
1464.6158,1469.7758,1464.6018,1466.8666,1456.543,1467.0327,1468.0739,1467.0176,1467.9375,1478.1765,1477.7565,1473.7936,1461.6886,1458.0178
1981.9891,1949.0449,2007.0209,2001.1104,2023.0284,2002.8527,2022.1315,2023.2219,2019.7509,2029.1731,2076.599,2080.0503,2069.1758,2062.3542
2322.4553,2327.97,2335.471,2339.1172,2336.685,2335.587,2340.803,2330.151,2331.197,2335.413,2341.5088,2340.1816,2349.3105,2352.741
2313.822,2314.3198,2322.9739,2320.8635,2314.6187,2313.06,2316.0413,2309.578,2314.1829,2316.2312,2322.8604,2321.9111,2330.0662,2334.5312
1465.198,1468.9135,1481.6501,1476.1404,1482.1256,1485.9148,1478.5847,1483.591,1486.5842,1472.0769,1466.6831,1468.1458,1477.6542,1487.4838
6935.3467,6957.4517,6981.934,7006.0435,7031.911,7037.065,7097.7266,7122.43,7258.6543,7228.4434,7306.0415,7267.0815,7290.1934,7303.9126
4981.864,4925.314,4898.0874,4876.2285,4843.1294,4833.859,4807.271,4866.1226,4925.407,4921.63,4890.001,4864.307,4807.168,4867.151
1391.3483,1397.4191,1441.6296,1439.6831,1446.4222,1427.8901,1422.9524,1406.9307,1408.414,1413.7313,1442.744,1422.3208,1426.9417,1441.0637
1600.9445,1602.4054,1613.9738,1615.9496,1621.8871,1615.6664,1614.7787,1606.4954,1606.8909,1604.2164,1612.9946,1619.6633,1623.9253,1626.7584
1876.155,1876.7494,1906.7472,1904.5454,1909.8461,1903.533,1896.0055,1893.1743,1896.0507,1914.3237,1936.9286,1908.1409,1900.162,1895.1758
855.59393,851.8338,859.6837,876.1104,879.40405,875.24805,879.3697,875.10626,892.1159,871.8415,888.1848,891.1538,893.8076,884.12823
1832.4756,1822.2314,1830.1818,1829.5565,1832.4696,1828.3921,1830.2255,1825.1932,1827.3188,1827.5385,1835.1682,1832.331,1832.2648,1827.0938
3423.2925,3366.0994,3472.7358,3490.0247,3483.0818,3475.8567,3531.5027,3534.2957,3438.8113,3414.2734,3472.5774,3470.3386,3478.1853,3470.5186
2546.802,2537.5308,2554.972,2555.6907,2553.5024,2546.1328,2555.4324,2576.7703,2593.2065,2576.0828,2574.0251,2558.247,2554.683,2574.6526
2507.795,2500.6445,2538.638,2553.3958,2561.4084,2557.3682,2564.7449,2564.2905,2549.396,2551.6704,2557.8496,2554.7751,2560.4995,2582.628
3072.148,3037.9592,3075.7815,3060.7573,3046.0388,3013.8271,3017.8137,3021.1335,3018.3206,3006.613,3022.634,3023.825,3029.768,3038.499
3007.4336,3013.5552,3109.807,3138.567,3089.561,3097.8645,3125.8086,3093.4443,3117.4033,3113.0713,3163.7236,3151.4197,3151.2246,3140.4424
2913.8257,2940.1128,3016.1885,3017.9507,2982.5046,3010.744,3001.77,2965.4043,3002.8757,3015.639,3067.6748,3024.6917,3042.2456,3056.9937
2511.8167,2494.8037,2511.0315,2501.5317,2512.7776,2507.752,2514.8,2522.3086,2546.5916,2527.3584,2529.9468,2526.1948,2521.626,2500.1143
6693.548,6651.8394,6606.527,6598.6167,6596.4233,6613.93,6620.887,6621.839,6625.539,6610.8467,6565.3105,6557.389,6576.738,6661.8066
4328.171,4330.188,4316.019,4317.09,4331.148,4327.2563,4347.037,4376.0435,4393.067,4398.8257,4394.1836,4402.1123,4396.3384,4405.5405
1356.0364,1356.9349,1353.469,1356.516,1356.9142,1351.9335,1347.8983,1354.0872,1354.7473,1344.6323,1341.3597,1339.9755,1340.4464,1345.7018
3786.354,3780.2393,3802.8037,3813.3408,3821.07,3808.7236,3805.913,3795.2625,3793.263,3782.1333,3789.1206,3793.313,3798.6372,3805.8198
3721.3062,3720.7634,3735.185,3729.252,3707.044,3735.524,3755.2188,3741.7852,3737.746,3765.7324,3746.419,3733.1306,3718.8337,3728.2317
5797.912,5783.1377,5786.2314,5787.867,5773.585,5768.197,5759.9824,5742.8027,5738.1206,5753.7476,5760.891,5751.744,5751.762,5751.0225
2232.9927,2198.0537,2183.688,2199.1409,2190.319,2187.9438,2169.099,2148.782,2130.3997,2138.9585,2134.5986,2119.8513,2129.8623,2159.6807
1762.8044,1756.0256,1743.6965,1744.7478,1738.2146,1740.2367,1750.1763,1746.7383,1743.9781,1740.883,1735.852,1731.0352,1725.3298,1735.2089
1741.2823,1760.7686,1759.6677,1802.1101,1792.224,1811.5513,1815.045,1852.3136,1854.5283,1847.6785,1855.8193,1822.9424,1807.7216,1813.9413
1900.2109,1899.2845,1904.861,1915.0271,1925.6014,1928.7333,1938.2971,1946.4791,1970.8851,1952.1569,1950.1885,1939.4717,1948.9661,1940.892
14948.006,14040.679,14203.617,14555.3125,14271.448,13942.937,13868.41,13818.619,13616.609,13699.539,14710.293,14523.896,13803.611,14106.103
1014.6967,1015.27313,1034.8146,1044.3501,1035.3114,1034.6328,1028.3042,1035.8674,1049.9766,1057.2468,1068.5146,1064.6908,1058.8389,1053.1296
6774.2246,6754.7734,6815.076,6809.9194,6812.017,6804.723,6799.6943,6805.9463,6807.783,6806.5005,6820.6313,6790.978,6788.1855,6806.0054
4315.813,4199.8257,4187.5386,4168.4487,4122.2256,4115.9624,4090.309,4145.9033,4149.4326,4129.9688,4120.7314,4138.9077,4150.0693,4181.4805
2771.6309,2726.2356,2748.4963,2733.3022,2709.15,2708.4834,2696.8572,2731.9944,2738.7356,2714.174,2695.0674,2695.179,2686.1445,2688.4038
5659.789,5667.328,5700.876,5694.606,5690.058,5683.2505,5729.973,5783.309,5800.864,5791.6094,5836.7188,5805.87,5799.4497,5786.015
3521.099,3534.012,3536.8987,3543.262,3548.911,3536.7275,3536.6233,3536.9285,3546.424,3550.6016,3552.9326,3538.515,3555.254,3543.2173
2304.5708,2300.9817,2312.1543,2315.3752,2304.1902,2294.656,2288.262,2287.2004,2286.0674,2278.8232,2268.442,2276.1887,2273.4539,2276.9
2265.3916,2197.9866,2221.413,2233.6416,2206.3818,2156.3245,2150.644,2164.5938,2207.8843,2155.5496,2163.9963,2134.0476,2138.0552,2150.315
2667.669,2648.0303,2673.589,2711.9333,2703.8506,2684.0156,2728.8381,2756.6543,2773.062,2775.261,2781.1228,2761.1082,2781.4465,2785.7166
894.2069,886.9344,890.25336,876.5679,866.31836,862.2371,855.0586,869.2651,883.37646,872.0728,866.45465,860.54565,861.4193,871.38696
6113.4854,6112.416,6151.763,6099.727,6039.1685,6054.3223,6055.108,6048.7124,6116.71,6119.0513,6148.6187,6137.3706,6108.728,6187.697
6375.4634,6364.5815,6360.231,6342.5454,6336.7607,6336.113,6346.7964,6351.027,6362.754,6352.654,6357.727,6358.091,6375.3184,6371.3125
1311.2715,1288.533,1324.3391,1306.4982,1312.7432,1307.9268,1331.5339,1356.6133,1359.3799,1345.7966,1363.8765,1347.5396,1357.8301,1364.0159
1213.443,1216.9229,1225.9628,1210.8926,1194.9275,1173.0099,1150.7096,1159.6895,1176.305,1179.9817,1193.6122,1207.25,1223.2002,1219.4108
1885.9923,1873.6205,1864.819,1868.2637,1866.878,1867.4934,1861.5162,1855.8986,1853.6588,1844.5477,1842.1035,1847.313,1860.0999,1874.1613
2714.6191,2707.5293,2706.7402,2681.265,2689.65,2697.3433,2724.5793,2743.244,2780.6997,2773.8713,2761.724,2752.912,2769.5747,2743.2861
1286.1205,1278.9921,1278.27,1270.2047,1269.0393,1272.1726,1274.1066,1277.7686,1285.2096,1276.267,1267.2985,1270.262,1271.7314,1269.4789
2078.8215,2088.7808,2095.205,2095.7378,2097.3562,2091.5872,2100.953,2093.957,2096.3125,2092.795,2120.4546,2121.6023,2123.1936,2137.8206
1922.8396,1914.7789,1921.1277,1921.6735,1914.1106,1906.2308,1916.8865,1908.4406,1904.5527,1900.063,1911.9358,1904.3942,1913.9343,1911.0872
7794.9014,7737.297,7723.3213,7650.1147,7601.3286,7595.919,7602.3457,7597.309,7622.3057,7596.565,7638.801,7640.049,7602.577,7606.0215
1447.0873,1434.5907,1426.4551,1436.6261,1437.4954,1432.1917,1413.7739,1427.9706,1445.0592,1431.7362,1406.6245,1419.9902,1421.4662,1421.1351
5852.7295,5855.277,5886.1265,5871.259,5923.7197,5923.5903,5923.671,5874.71,5874.4546,5844.4014,5861.9326,5848.0117,5891.0264,5900.633
5731.1387,5717.067,5792.148,5839.6567,5880.557,5855.254,5790.37,5793.1606,5794.549,5787.103,5817.335,5853.648,5838.6543,5848.7573
1648.1487,1612.0872,1618.0197,1611.1545,1603.9976,1606.4435,1609.178,1624.8477,1629.1235,1620.4958,1603.429,1583.5067,1588.4897,1596.787
2809.9878,2795.6545,2798.4966,2814.264,2826.6436,2812.1472,2812.4443,2835.6516,2833.5205,2809.7544,2801.3389,2805.4043,2803.8318,2826.1562
1585.9235,1602.1372,1585.6095,1550.4918,1521.2023,1534.0305,1504.9457,1541.9674,1507.3335,1498.928,1526.8356,1457.1521,1442.534,1511.7332
4395.082,4367.609,4376.728,4369.3022,4351.0894,4331.863,4344.5938,4341.923,4356.328,4340.231,4333.2295,4323.0264,4333.672,4316.013
8182.1885,8188.2246,8201.785,8280.479,8331.551,8363.125,8420.514,8431.413,8393.114,8355.91,8338.097,8307.667,8265.631,8216.49
1312.4274,1297.235,1304.8962,1298.2307,1316.852,1306.4075,1328.781,1320.6185,1332.5038,1308.1855,1313.2638,1299.9312,1343.3004,1354.644
2801.1807,2735.4824,2666.3943,2588.7852,2570.445,2558.5596,2649.7932,2599.4888,2555.145,2517.99,2488.3455,2426.3057,2471.9282,2525.2832
3917.8562,3929.3928,3978.5693,3975.3284,4005.9814,3987.6033,3994.4302,3982.47,3964.751,3958.9026,3994.7795,3965.7986,3981.479,3982.1123
7016.3037,6983.426,6909.988,6942.9785,6958.008,6953.911,6959.407,6955.71,6968.939,6914.9165,6954.0947,7000.2236,7043.9355,7138.9795
1805.3125,1803.3298,1852.761,1882.4224,1856.2767,1828.4191,1830.3018,1798.0457,1810.1392,1799.8124,1811.1445,1791.3063,1828.7018,1852.29
2164.0205,2146.9666,2186.9248,2179.373,2185.91,2198.8997,2212.696,2216.8782,2188.1865,2184.0303,2186.1448,2188.2986,2204.0896,2224.7778
2205.0303,2197.3774,2225.858,2236.3062,2250.4048,2246.896,2256.3865,2248.0881,2227.9807,2198.8596,2203.7214,2207.6956,2228.4219,2252.5442
2158.41,2141.2534,2192.03,2211.1924,2236.271,2215.7341,2216.8655,2210.4326,2210.3408,2211.0432,2211.1948,2186.0317,2192.9753,2208.9207
1909.0564,1896.6307,1899.43,1877.34,1870.5795,1874.3312,1881.7858,1891.0245,1888.5667,1886.3231,1887.6208,1869.6047,1870.0167,1879.4529
6905.6016,6889.7114,6984.2417,6995.9927,7049.164,7050.1357,7054.9316,7043.136,6977.0527,6976.825,7004.545,6980.17,7018.8936,7038.8267
2307.2385,2364.8618,2413.8586,2444.7449,2431.5303,2419.9795,2423.6938,2460.6064,2463.6394,2460.0789,2526.2568,2476.8933,2469.9507,2547.9048
2134.3728,2210.9263,2275.234,2273.5964,2257.3018,2254.7192,2274.9243,2299.2864,2298.7417,2300.556,2398.4783,2349.256,2335.4937,2413.8704
6759.154,6649.241,6903.734,6859.482,6884.9316,6857.2446,6983.697,7038.918,6917.83,6904.7583,7110.581,7074.6265,7074.5205,7198.8594
7990.589,7912.805,8136.421,8191.981,8234.726,8137.838,8248.218,8403.444,8373.644,8263.758,8403.3,8323.434,8261.308,8215.002
2995.8508,2941.2637,2929.302,2879.5586,2853.5051,2830.0027,2789.036,2802.0676,2788.5747,2739.2805,2725.214,2680.6963,2728.556,2802.4792
1499.933,1489.5581,1475.4711,1474.326,1477.5042,1467.9027,1473.7325,1473.8555,1472.1421,1464.1931,1462.2834,1459.2313,1462.9452,1460.828
1070.4987,1061.4213,1097.8342,1084.496,1116.5247,1091.4286,1088.9283,1096.5563,1129.7229,1139.0575,1142.0978,1108.9354,1108.2001,1126.1637
6137.859,6096.6714,6137.907,6118.6636,6088.3657,6059.1675,5993.3403,5942.419,5892.191,5896.7695,5947.0166,5911.889,5935.105,6009.326
2900.9438,2870.6975,2872.943,2873.77,2856.4849,2840.6548,2817.9302,2817.4915,2810.6782,2806.2998,2803.8281,2784.602,2784.4573,2816.47
1199.5856,1192.3762,1206.4636,1203.5496,1205.3461,1202.7172,1217.45,1225.1047,1228.7948,1222.628,1225.5496,1228.6272,1236.0862,1232.0548
1179.9888,1179.4573,1189.6631,1187.6299,1193.9874,1193.8892,1206.5721,1218.1714,1215.6493,1210.1293,1213.377,1219.6587,1221.2954,1223.2946
3850.3232,3771.7205,3902.8223,3897.8555,3913.99,3888.2898,3915.7488,3892.8286,3859.32,3845.352,3910.5269,3914.1147,3929.5684,3980.7063
130.88513,129.5633,129.58794,127.44653,128.55354,129.55867,129.58762,129.2599,129.11894,130.13783,132.02782,131.82065,132.96724,134.78253
1383.2292,1372.4814,1362.6057,1354.6602,1356.975,1364.6174,1369.6621,1366.9695,1364.1957,1361.4368,1357.3556,1354.365,1362.969,1387.3468
2655.3386,2651.2322,2661.517,2664.589,2664.4353,2665.2334,2674.8337,2681.3896,2676.451,2670.5942,2676.98,2679.4521,2685.126,2688.202
2799.5144,2771.6384,2761.551,2737.873,2742.1506,2745.2498,2765.3154,2762.7405,2790.3489,2779.5957,2765.3755,2747.9612,2753.1943,2759.1536
6435.345,6415.5425,6507.247,6458.01,6466.7427,6469.047,6478.882,6469.6577,6397.5356,6442.894,6484.3403,6392.104,6427.5083,6510.395
7661.786,7588.3022,7633.9424,7649.251,7687.189,7662.409,7688.771,7727.8335,7722.458,7740.122,7780.1323,7829.173,7839.9497,7866.1753
1085.0197,1064.2314,1058.0327,1063.0139,1069.9661,1076.6166,1080.6654,1087.1215,1068.2499,1070.6517,1083.2354,1063.0245,1064.5698,1060.5109
6414.8354,6467.332,6609.409,6515.1177,6500.8716,6593.203,6640.7485,6541.267,6511.448,6360.6177,6493.1187,6387.6724,6511.29,6753.7065
1869.8765,1862.5762,1857.5845,1863.1008,1854.7465,1847.1232,1845.9928,1854.1863,1867.4642,1866.3927,1865.4993,1864.4327,1867.5966,1858.5607
3068.6814,3066.6675,3050.0261,3041.592,3044.9124,3050.4116,3049.2532,3052.1113,3057.0513,3051.1963,3040.9546,3042.1506,3047.3066,3045.435
6852.6836,6860.934,6889.603,6883.6772,6846.0063,6852.8765,6845.093,6863.0376,6792.201,6782.337,6779.283,6821.7637,6821.601,6857.647
2985.1892,2999.1306,2986.1348,2987.113,2990.2246,2990.1375,2978.822,2995.077,2961.6375,2955.7754,2952.6794,2961.2053,2948.8403,2977.3596
1522.9283,1500.359,1497.4624,1484.0121,1459.8551,1444.2682,1445.0854,1475.5802,1478.1552,1470.4952,1462.7426,1458.1538,1444.2958,1451.3126
1559.3124,1550.2102,1541.2942,1512.6707,1504.0826,1493.9618,1503.8848,1515.7324,1519.2924,1512.4698,1507.6656,1496.4037,1494.306,1511.1641
3918.202,3893.3354,3878.597,3859.2715,3851.733,3854.8213,3852.161,3877.5005,3892.0347,3871.0735,3804.9,3799.3318,3842.8506,3850.8813
3232.4026,3227.6206,3232.479,3133.6553,2980.4531,2963.4866,2881.3074,2997.6997,3036.916,2951.2083,2907.977,2851.39,2844.8975,2992.0344
1311.2057,1301.1378,1300.1926,1294.882,1293.6075,1289.4454,1288.1089,1287.6833,1287.0864,1281.0547,1280.1505,1273.7312,1276.7295,1284.6764
5111.115,5094.0605,5092.11,5028.0146,4970.347,4955.7495,4939.0117,4948.8804,4956.727,4951.765,4894.1113,4909.309,4921.106,4959.075
5785.5557,5782.8184,5927.6978,5901.323,5930.025,5911.958,5960.404,5949.632,5902.042,5899.95,5959.816,5854.4404,5870.164,5897.8853
6439.437,6457.4766,6473.9663,6406.581,6420.6357,6425.5596,6425.044,6422.262,6450.0435,6497.648,6532.5264,6440.232,6463.2964,6463.182
1392.8208,1388.7314,1397.1288,1399.7723,1398.4806,1393.0934,1391.3392,1390.8434,1386.6711,1388.8932,1387.884,1379.0448,1384.5326,1394.014
1378.6554,1365.1086,1367.3041,1369.403,1365.292,1367.2109,1378.8574,1401.6488,1402.7794,1384.209,1387.9303,1383.277,1393.5339,1390.7489
6528.697,6454.076,6584.7563,6609.2915,6648.0806,6629.5513,6655.9536,6653.877,6741.4883,6700.7827,6726.7065,6747.2915,6793.9253,6772.982
1389.5815,1378.0503,1357.8282,1353.4357,1344.2626,1346.5303,1341.6278,1347.1869,1361.1577,1358.613,1356.8593,1356.1838,1351.9158,1378.3112
4289.824,4273.3896,4289.7603,4290.0186,4268.0117,4296.065,4339.053,4379.2188,4448.3496,4437.292,4411.103,4412.3657,4415.781,4358.1025
4146.016,4100.476,4086.6409,4048.6887,4021.7334,4013.95,3978.9033,4000.4229,3991.272,3989.2317,4016.2952,4024.9978,4031.8743,4067.9558
2695.7183,2684.7124,2649.4841,2653.7102,2629.763,2671.6252,2682.41,2720.6123,2689.8113,2660.3257,2637.915,2619.0256,2630.0562,2644.8926
6351.9,6351.619,6389.209,6400.3555,6407.6455,6393.1733,6406.9106,6404.267,6393.562,6371.68,6390.6636,6391.639,6405.6797,6427.457
1326.1818,1315.4998,1355.8147,1357.0828,1369.2338,1357.997,1377.2916,1371.6405,1365.996,1347.6569,1370.4921,1363.6307,1383.9183,1403.0311
1230.4634,1218.6865,1229.6769,1223.8126,1222.6238,1215.7911,1228.3501,1237.0167,1244.3813,1245.1813,1254.6849,1256.6194,1256.5659,1255.1348
1576.1173,1569.589,1606.7385,1610.5728,1607.4457,1622.279,1649.5659,1667.6464,1655.6099,1652.2358,1647.0327,1631.3231,1633.2571,1624.1002
2390.4265,2406.2766,2435.858,2448.8545,2446.651,2436.2158,2442.6301,2421.6746,2402.726,2428.5007,2455.933,2426.9897,2421.5696,2388.777
3057.8438,3071.6187,3081.1008,3090.6619,3084.8987,3114.1047,3151.3604,3106.5684,3150.2966,3165.7234,3177.5703,3159.548,3161.0813,3162.185
4196.7485,4182.2104,4233.689,4252.128,4265.4507,4252.481,4259.0967,4261.377,4258.48,4245.998,4270.4043,4260.041,4273.431,4287.294
6202.0166,6073.963,5964.4966,5731.178,5696.833,5673.037,5875.94,5950.0225,6030.0425,5963.2217,5921.254,5741.746,5808.984,5782.057
1607.0361,1603.1835,1605.4081,1606.4246,1596.7532,1596.1001,1591.1351,1589.7919,1588.4985,1591.0144,1598.0521,1596.1533,1592.0841,1605.8188
1458.122,1451.2128,1462.4563,1467.6732,1472.3287,1466.7263,1468.057,1457.481,1460.0325,1451.6696,1457.779,1455.3883,1470.568,1477.1146
3824.478,3820.437,3838.8474,3842.6584,3829.6335,3840.0808,3852.3562,3845.6099,3856.0864,3862.197,3869.3806,3878.7214,3876.701,3881.0886
2528.4126,2415.6792,2399.2068,2361.46,2362.7417,2351.918,2365.9756,2387.1196,2388.4592,2332.6372,2297.6265,2231.7974,2243.5503,2262.5986
7359.243,7405.1045,7312.6235,7311.418,7240.285,7184.614,6883.891,6868.56,6988.938,6960.265,6656.782,6677.758,6594.393,6695.114
1842.7859,1838.9691,1824.0637,1835.5248,1842.3947,1830.7787,1828.0159,1825.9879,1828.3651,1836.5985,1832.2268,1813.1984,1815.7587,1828.2933
4788.521,4789.808,4731.437,4735.589,4746.1646,4742.5093,4772.8584,4764.9814,4791.748,4776.018,4829.658,4764.373,4751.492,4730.4053
2902.499,2898.9404,2905.446,2916.582,2937.5356,2943.5212,2944.0842,2925.2205,2929.7178,2928.7302,2935.122,2928.9082,2936.158,2945.6821
1639.9714,1608.8126,1613.9275,1604.5121,1611.2808,1604.0723,1582.4993,1581.7742,1577.1296,1565.2986,1562.0627,1549.9883,1554.4961,1561.3857
3883.4412,3880.1611,3832.318,3819.68,3810.5994,3833.1353,3788.8877,3779.71,3827.4675,3866.7444,3843.0503,3849.18,3902.85,3902.9805
5919.636,5945.6123,5941.1606,6007.98,5989.7915,5989.6533,5960.264,6010.2207,6030.208,6063.596,6099.697,6016.7183,5982.76,6008.1895
2462.7996,2461.0095,2459.1223,2457.904,2450.5217,2444.2153,2462.277,2466.5078,2472.412,2463.5378,2454.4797,2452.3503,2469.9663,2473.2212
3757.1929,3790.6287,3833.9814,3832.4216,3795.8733,3825.2747,3810.918,3858.7417,3813.459,3785.1294,3785.8608,3696.3723,3664.6,3818.886
208.31763,208.5556,210.25146,209.18747,209.52312,208.1309,208.1343,206.01639,203.8207,198.08952,200.7016,202.44199,205.78346,212.02902
5535.6567,5522.624,5732.848,5569.234,5568.2207,5687.2524,5783.023,5857.53,5705.521,5634.791,5636.439,5536.791,5580.2456,5740.002
5319.0586,5256.523,5264.122,5329.1265,5440.449,5445.301,5534.4634,5615.675,5583.3843,5606.6963,5609.696,5494.575,5560.1978,5676.459
1022.87744,942.97864,990.53125,992.75464,1039.147,1007.59033,1045.7681,1088.247,1156.5775,1213.2523,1191.4996,1140.5356,1186.1238,1133.977
2393.3005,2361.4766,2391.2844,2336.9878,2316.9663,2297.0042,2256.1902,2261.417,2270.5037,2239.3613,2245.9973,2223.021,2235.924,2265.751
1758.5875,1762.5378,1828.2063,1819.7135,1781.5817,1837.773,1892.2354,1826.9639,1869.9753,1830.4476,1828.2886,1860.4158,1824.6511,1873.3705
11144.797,11047.033,10992.356,11045.535,11105.836,11213.153,11094.156,10990.329,10897.334,10824.694,10913.348,11041.192,10979.996,11057.543
6917.622,6918.822,6946.583,6971.903,6971.862,6955.7573,6983.1333,6948.2974,6951.7627,6922.919,6920.008,6908.0156,6961.7344,7004.1577
3799.7441,3788.3835,3810.0498,3826.9426,3841.2363,3825.5232,3821.085,3816.8357,3819.1511,3806.1108,3813.444,3803.9385,3813.215,3841.5508
3057.0264,3046.319,3049.3474,3051.2761,3056.3674,3057.5273,3059.909,3047.0146,3040.3394,3036.777,3037.1704,3044.2913,3054.761,3062.7478
3736.2583,3598.7554,3881.329,3778.1567,3752.7588,3663.7002,3734.839,3942.669,3994.257,3829.0583,3969.4272,4003.3376,4103.9473,3980.8772
2948.031,2936.3892,2933.8982,2926.4922,2923.0037,2920.1296,2918.5625,2919.5967,2926.781,2925.9307,2920.8203,2917.2524,2918.4636,2927.0288
1801.2358,1784.4878,1769.3196,1770.8461,1781.789,1779.9281,1765.965,1762.2365,1760.5138,1756.946,1747.5085,1730.7347,1724.4974,1739.2948
6210.966,6154.3047,6104.711,6062.6616,6028.8574,6054.861,6084.915,6179.1523,6222.577,6204.153,6155.605,6121.9175,6104.1274,6106.0386
1780.8914,1769.3628,1778.5046,1787.115,1786.3174,1773.4692,1769.2015,1780.1832,1789.2738,1779.0176,1786.0989,1780.4388,1780.6621,1784.859
1479.3655,1472.465,1552.9008,1552.772,1518.3318,1486.1879,1510.4486,1508.2101,1508.5903,1512.343,1564.8208,1539.417,1536.9509,1540.1913
1445.0135,1442.7463,1525.945,1493.5581,1456.0298,1441.8466,1471.3268,1493.6904,1494.4843,1469.5978,1515.0604,1478.2123,1471.3269,1495.5361
1549.2233,1547.6422,1545.9835,1549.1993,1538.8575,1537.4844,1520.5133,1516.5021,1511.1377,1513.3126,1511.3379,1517.7257,1522.6284,1524.1267
4514.4,4398.263,4414.9346,4403.6104,4390.1377,4348.4585,4369.511,4417.468,4443.7695,4427.474,4409.946,4357.601,4394.145,4384.896
10974.321,10894.761,10744.686,10599.359,10400.808,10407.07,10151.5205,10206.783,10141.879,10111.492,10011.405,10024.4375,10178.647,10261.013
1236.7882,1232.8297,1235.9442,1239.5261,1228.3351,1219.3044,1215.122,1222.7272,1219.8494,1218.9087,1220.3962,1222.5974,1211.3429,1212.7225
1763.4014,1754.1013,1756.7068,1754.4803,1748.1562,1750.1595,1742.5093,1740.8773,1745.498,1742.9556,1737.4454,1741.9955,1736.3451,1743.5996
4828.6836,4835.2817,4791.867,4785.2354,4765.7383,4731.291,4782.789,4784.2085,4795.998,4787.2656,4775.806,4718.1,4747.163,4780.2666
2511.5913,2509.5774,2545.319,2550.7695,2559.9478,2542.5972,2548.611,2575.3015,2598.2021,2572.2249,2590.2708,2588.1543,2578.8962,2545.3184
3353.937,3332.448,3411.673,3392.6565,3423.4849,3449.6313,3493.0125,3485.8071,3453.7087,3463.0066,3448.036,3398.3228,3440.7456,3468.3809
1999.2987,1965.6259,1962.6466,1876.7936,1853.1174,1925.7019,1947.0171,1907.5986,1905.6112,1927.1199,1939.4099,1913.6489,1926.7097,1975.0245
1605.2163,1605.02,1608.831,1625.203,1606.4268,1592.0049,1535.759,1545.353,1534.917,1547.0112,1545.8148,1551.6815,1512.2925,1541.0991
789.00226,782.87573,792.041,778.0648,791.11304,797.053,816.21124,818.37714,806.1821,800.5701,802.7009,790.63806,807.5923,829.0101
754.5155,746.21106,774.52844,771.09705,777.9407,771.02,774.1415,778.25616,770.65576,771.15686,778.255,768.05347,774.665,781.16187
1336.573,1316.588,1309.4987,1272.7883,1287.7638,1335.3147,1330.478,1287.4702,1322.3577,1278.1295,1288.7018,1270.5786,1296.059,1326.7623
1112.3541,1128.0293,1168.3271,1166.0704,1123.368,1137.6255,1163.3298,1143.2948,1128.4745,1143.5054,1177.3861,1136.7203,1163.21,1167.5629
1673.0837,1670.0779,1686.56,1687.5925,1691.0027,1683.4259,1681.2714,1675.5972,1680.4889,1676.4882,1683.284,1687.5012,1692.1226,1698.1365
1164.1638,1162.525,1167.3247,1168.7556,1151.9242,1156.9635,1148.5232,1149.6018,1169.0018,1167.1261,1144.9071,1143.5514,1146.8313,1144.6216
1565.5144,1563.0697,1563.1453,1571.8542,1571.9479,1568.57,1582.8353,1596.1921,1592.2062,1576.0413,1572.6942,1566.7694,1566.1602,1563.2979
1296.5416,1292.4906,1294.6465,1294.6239,1297.2972,1297.3379,1297.5304,1294.411,1295.4401,1297.779,1296.4583,1292.4077,1294.0774,1293.9913
1732.046,1702.3281,1698.1636,1700.4094,1703.1592,1697.8052,1696.5817,1681.9279,1681.636,1685.875,1697.0912,1684.0295,1694.0363,1694.6292
1805.9877,1768.776,1795.1138,1799.1018,1823.7919,1793.4886,1805.8826,1817.5933,1788.0255,1764.52,1806.7288,1787.7141,1790.0868,1796.3448
2026.3723,2020.51,2019.9304,2020.2817,2021.9316,2019.7896,2018.0682,2016.1276,2018.7603,2020.4055,2021.2036,2022.7537,2021.1967,2014.9584
5422.735,5456.4556,5472.5923,5504.0967,5512.5327,5483.359,5419.1177,5562.6543,5551.8955,5456.0786,5573.5273,5422.052,5358.1997,5466.1387
1841.0853,1822.5208,1818.6804,1836.2234,1844.0328,1830.2623,1820.8256,1812.9639,1797.1565,1793.5579,1802.1486,1798.5508,1806.5587,1816.3558
1644.2828,1629.9749,1634.2152,1634.6869,1626.1041,1632.0994,1630.9829,1620.6768,1620.8092,1629.0786,1625.1006,1623.0934,1634.1718,1664.8756
2704.8533,2659.4812,2650.9443,2671.5806,2673.338,2642.5107,2611.9724,2648.0083,2685.312,2681.7744,2661.018,2658.6716,2705.3372,2682.7168
1939.8724,1922.4489,1912.2551,1906.2175,1914.111,1933.4126,1946.4679,1946.5079,1949.2279,1939.8466,1929.4086,1934.3936,1931.6571,1948.535
2521.5244,2508.0508,2501.1545,2520.9587,2541.9421,2530.8179,2538.8088,2506.6187,2511.2622,2503.5647,2518.2856,2495.0347,2493.0767,2509.4548
3670.811,3655.754,3670.777,3656.6262,3634.2932,3648.2886,3638.9148,3666.1328,3637.5767,3599.6934,3593.3481,3540.7834,3515.067,3612.747
3746.2373,3694.5425,3693.717,3685.2402,3658.3643,3648.4246,3634.9617,3656.9797,3660.7097,3632.3684,3619.4585,3645.6248,3630.8584,3650.4597
5844.1455,5831.843,5809.9487,5785.973,5790.928,5816.234,5817.1504,5797.9004,5823.6533,5802.3027,5790.8003,5800.274,5869.614,5859.2583
2262.066,2243.2876,2262.7927,2259.9712,2275.4333,2267.794,2274.635,2264.5037,2262.4583,2230.6064,2264.0217,2255.1594,2264.8765,2292.898
2771.1611,2762.1528,2746.2896,2742.027,2739.3916,2748.0652,2751.7432,2741.1602,2758.6182,2776.8916,2774.6868,2761.8289,2769.1882,2770.7031
3216.758,3174.1514,3178.7927,3153.1375,3138.0884,3144.9255,3171.7502,3172.4312,3173.518,3144.459,3109.4631,3087.0479,3091.1357,3099.8743
6201.21,6226.0073,6284.7275,6268.2163,6301.499,6318.32,6404.6865,6422.623,6422.61,6377.9473,6343.741,6287.1675,6350.0376,6383.8057
7126.062,7101.0566,7087.0903,7055.206,7043.7417,7045.857,7011.1597,7054.4033,7063.792,7023.284,6998.9395,6985.714,6998.226,7009.372
6590.4517,6564.0596,6591.1084,6584.7505,6582.856,6573.23,6601.048,6606.305,6647.422,6661.735,6662.234,6666.588,6670.996,6629.9766
1239.1122,1236.3066,1236.3293,1237.1324,1235.8295,1235.6576,1234.7977,1235.56,1237.8638,1235.2598,1230.4888,1230.7861,1230.8973,1232.9683
1477.5973,1477.5513,1461.7917,1463.9198,1458.9645,1465.5454,1481.5438,1477.7103,1489.7252,1496.1771,1500.375,1496.4872,1489.5586,1494.2236
2950.3474,2942.1694,3016.3857,2992.8298,2951.24,2931.5928,2937.0513,2962.2778,2971.5454,2985.4324,3032.9143,3027.1243,3042.81,3067.7007
4561.2983,4544.738,4505.0283,4466.6143,4472.5044,4498.707,4503.5215,4547.7573,4560.6626,4531.5396,4489.3555,4471.4395,4505.1743,4509.7007
5432.259,5357.52,5356.6396,5313.5176,5282.0913,5285.481,5256.81,5272.4575,5263.4946,5231.7363,5264.301,5268.1553,5284.3022,5332.2354
3796.0813,3810.1196,3895.229,3911.7236,3894.944,3870.1284,3889.446,3891.6143,3930.4321,3956.1062,4020.9182,3997.6135,3990.9119,3979.697
7461.599,7496.9834,7554.436,7534.0127,7650.0444,7671.7236,7677.289,7657.377,7684.859,7688.354,7652.6333,7649.5654,7736.598,7813.204
6346.967,6361.445,6451.0415,6646.0117,6720.585,6631.3193,6596.0146,6626.274,6678.2993,6617.3115,6813.6016,6752.601,6645.2026,6781.0786
5516.505,5556.574,5570.1724,5580.0166,5599.48,5685.393,5728.517,5766.2476,5817.003,5707.7607,5773.5464,5888.294,5860.5977,5841.6343
6123.2095,6091.4966,6129.9736,6129.9536,6224.6987,6222.605,6271.267,6250.6855,6345.743,6362.065,6384.455,6335.3022,6355.978,6246.165
3342.5647,3283.7358,3241.495,3205.0938,3149.8262,3151.7263,3134.251,3168.0876,3183.7463,3173.1475,3210.3188,3212.873,3246.5947,3278.16
3609.9607,3595.367,3593.8528,3583.8513,3577.9265,3611.2935,3676.3645,3699.3674,3681.6428,3697.4727,3654.2969,3621.2207,3686.8167,3755.2412
3696.9314,3723.1555,3768.602,3762.072,3738.0527,3754.4849,3791.5217,3765.204,3823.5334,3801.7183,3835.4663,3803.6045,3858.6555,3840.9934
4197.047,4223.3984,4235.395,4210.5693,4161.299,4153.521,4137.6636,4207.8364,4292.8203,4278.622,4255.8623,4272.0835,4279.744,4139.56
1638.0885,1618.7566,1581.6162,1573.1378,1626.4236,1652.8768,1656.918,1640.8556,1631.8403,1662.6978,1653.1096,1602.1057,1605.334,1635.4396
1550.1486,1558.0272,1571.8435,1549.3015,1501.809,1499.8569,1456.522,1478.4176,1452.2709,1467.8761,1488.3683,1501.5327,1506.2219,1552.0099
1558.4646,1557.3093,1554.9501,1551.1033,1556.1692,1560.8622,1557.987,1567.2933,1569.8553,1563.7118,1562.088,1562.9701,1563.5721,1575.9637
1172.7675,1188.4657,1182.106,1166.6388,1179.5272,1186.8556,1202.4552,1203.926,1234.7051,1219.5903,1231.1882,1207.7327,1232.768,1232.6578
3658.3562,3657.55,3650.7026,3631.9375,3618.2595,3612.066,3631.566,3591.4556,3585.4692,3579.965,3587.0994,3569.3142,3567.2878,3581.5315
6399.109,6393.007,6457.648,6450.974,6500.3906,6520.15,6523.721,6492.7417,6465.707,6467.759,6446.072,6408.572,6426.101,6474.9873
5090.683,5077.7065,5127.07,5123.8755,5130.711,5115.9644,5093.4673,5069.7627,5059.8257,5064.808,5078.2173,5058.9854,5072.5684,5112.299
1555.0889,1558.804,1545.1372,1547.5236,1571.754,1580.1553,1596.3292,1610.815,1593.3597,1601.7306,1604.8368,1581.09,1584.6654,1598.8079
2389.5486,2374.5884,2392.6326,2387.6655,2408.541,2413.6074,2422.0276,2432.9917,2410.2783,2403.6611,2409.3965,2410.0757,2425.1082,2434.7644
2888.9175,2867.8115,2854.8528,2811.1562,2822.9746,2846.825,2832.556,2822.157,2846.3057,2817.1887,2813.001,2792.6396,2818.2559,2839.866
1909.0564,1896.6307,1899.43,1877.34,1870.5795,1874.3312,1881.7858,1891.0245,1888.5667,1886.3231,1887.6208,1869.6047,1870.0167,1879.4529
1074.7128,1065.933,1068.7302,1071.7314,1073.7043,1072.407,1072.7635,1076.6731,1072.8042,1074.5356,1081.3807,1086.637,1087.9341,1089.714
1676.6046,1674.6876,1689.1272,1691.8993,1695.6362,1686.0131,1701.7263,1699.5157,1708.3593,1698.7448,1699.497,1693.1699,1712.7017,1719.6904
1337.5023,1343.1029,1348.9432,1339.9714,1337.7383,1345.8942,1335.1937,1329.0664,1327.7465,1331.6948,1325.4097,1325.477,1331.2313,1335.916
10364.418,10373.79,10208.922,10154.906,10203.151,10234.117,10340.529,10375.318,10387.258,10368.168,10308.32,10309.691,10350.333,10465.032
2689.2253,2670.4287,2664.3508,2670.076,2634.3088,2615.1797,2587.8267,2620.1562,2623.2107,2641.7332,2624.4348,2616.0625,2568.5154,2580.445
1979.7893,1971.2312,1952.5099,1941.2198,1941.8401,1940.2311,1922.204,1931.7985,1954.5559,1932.1927,1898.776,1909.917,1943.2495,1933.8466
1510.4381,1542.7225,1563.6224,1575.5396,1568.3903,1570.8245,1574.7717,1577.0022,1589.6204,1566.7655,1595.8959,1608.2593,1613.9109,1642.952
1308.8176,1284.062,1283.6879,1294.9579,1287.3613,1272.8871,1279.5897,1282.4331,1300.5297,1294.4086,1291.6095,1282.912,1293.4531,1278.3386
1557.5708,1558.1984,1552.1993,1544.2822,1531.484,1534.1124,1515.4178,1517.2233,1526.1305,1533.9105,1527.6337,1528.0238,1534.2933,1536.3793
2479.6882,2465.8792,2475.9106,2463.9133,2453.159,2449.9316,2487.844,2491.839,2525.4375,2538.2764,2539.9236,2516.448,2536.7202,2508.9565
1642.9935,1633.49,1649.877,1649.1311,1674.6367,1660.9594,1673.9817,1695.749,1688.4641,1683.0743,1684.7484,1662.4731,1672.6327,1686.6891
1778.6997,1786.7312,1797.9702,1802.7804,1803.1912,1799.5127,1800.4054,1796.3618,1803.2837,1803.0756,1797.1698,1779.3328,1786.7688,1789.6582
4875.623,4858.289,4979.795,4937.4604,4906.0693,4877.384,4942.5986,4902.0083,4986.614,4952.197,5087.9756,5011.2725,5070.962,5023.1978
2697.2798,2704.6616,2758.9165,2744.6033,2731.8447,2716.835,2733.8113,2748.045,2757.37,2742.5461,2744.906,2732.223,2760.473,2785.0427
6548.7383,6572.496,6703.242,6663.9067,6631.2803,6672.863,6703.0327,6684.0767,6717.583,6714.1484,6731.502,6651.458,6650.5264,6742.6606
2407.769,2389.456,2420.6902,2441.492,2446.4224,2439.863,2427.5054,2418.8123,2410.7766,2443.6172,2467.9343,2430.1438,2413.11,2387.358
2631.612,2636.9502,2639.9932,2662.5442,2661.3352,2657.9106,2646.6265,2655.5854,2651.936,2646.9558,2655.075,2663.0676,2654.3657,2664.719
6490.2803,6434.1943,6433.1885,6464.3706,6449.461,6429.0312,6404.591,6423.524,6499.5527,6465.0786,6394.1504,6397.878,6383.4253,6437.0674
8846.435,8962.828,8974.852,8957.763,8983.039,9014.95,8973.758,8895.9375,8821.923,8858.171,8863.62,8813.259,8881.279,8944.716
10104.996,10067.64,10121.626,10145.823,10139.331,10103.818,10143.008,10162.03,10149.329,10137.04,10167.91,10137.443,10151.731,10165.088
2824.1123,2819.7812,2820.2979,2822.5742,2823.1548,2818.2593,2820.369,2826.4043,2833.0608,2838.1218,2837.3066,2830.0798,2824.7996,2819.7134
6970.492,6963.319,6918.4673,6896.6685,6880.7656,6899.639,6878.1514,6896.06,6890.0317,6902.1333,6892.3423,6902.408,6903.8325,6955.5034
2156.366,2146.0974,2128.2864,2117.7363,2114.309,2103.6472,2108.613,2116.3625,2126.7375,2123.331,2110.114,2085.7542,2085.795,2100.6348
7148.189,6986.4463,6917.7925,7038.536,7115.168,7168.801,7150.353,7058.833,7021.296,6924.4756,6922.7285,7096.3535,7176.709,7281.097
5775.8804,5728.534,5706.571,5685.0884,5680.304,5690.275,5662.1924,5660.89,5652.2515,5644.6216,5641.5234,5654.2163,5670.612,5706.864
4892.933,4861.046,4881.681,4858.932,4934.9556,4956.9175,4994.2734,4962.997,4971.6016,4931.5986,4938.089,4922.3057,4985.055,4981.4424
6466.204,6459.053,6467.313,6481.657,6475.322,6456.8555,6458.4995,6430.743,6423.7466,6420.298,6442.8955,6418.3237,6419.9937,6412.9917
2013.7405,1997.765,1989.251,1998.7362,1993.7313,1990.9414,1953.4276,1935.4716,1935.1382,1949.0818,1958.4901,1964.3978,1956.3602,1967.223
4365.8794,4377.552,4361.702,4292.396,4328.005,4333.258,4434.6055,4446.1025,4416.86,4315.5537,4372.214,4336.3267,4363.4546,4430.739
2169.2312,2151.6106,2161.7117,2157.316,2154.145,2136.4211,2126.0583,2133.3586,2138.0452,2136.542,2148.0493,2141.4976,2151.8987,2155.3174
1853.2288,1855.2273,1877.9305,1863.5208,1856.187,1863.2294,1881.709,1895.0905,1899.7764,1894.8287,1893.6515,1881.6482,1897.1982,1905.1863
2973.3386,2955.0369,2931.9094,2912.471,2878.8909,2921.6775,2913.1653,2907.4941,2899.7725,2888.7996,2887.452,2926.116,2929.021,2948.6821
6968.716,6965.6,6997.5166,7015.6978,7028.241,7012.6704,6999.963,6992.811,6985.27,6975.3276,6981.9355,6994.364,7006.867,7024.371
3835.276,3769.413,4278.892,4195.19,4094.7212,4083.3408,4075.0525,3879.0488,4093.88,3984.416,4265.8794,4002.7698,4098.7246,4109.6704
1244.5305,1237.4052,1256.483,1260.9586,1274.3522,1256.4321,1256.0573,1272.4368,1273.0239,1259.2949,1264.8342,1265.3323,1274.4459,1284.884
5521.051,5529.348,5525.459,5533.358,5509.5386,5503.078,5501.618,5513.127,5524.2134,5525.7886,5521.2954,5512.415,5508.249,5505.398
5502.109,5489.838,5744.498,5846.6567,5859.6943,5955.7544,5825.494,5646.7935,5987.0327,5999.088,5954.4634,5946.366,6017.453,5977.601
9992.199,10055.993,10084.584,10029.488,10080.163,10081.785,10148.813,10122.195,10224.515,10247.883,10214.122,10144.662,10165.277,10163.317
5644.269,5651.2383,5661.753,5669.409,5666.4585,5654.537,5665.5996,5670.457,5676.0283,5679.1885,5680.011,5668.4014,5666.715,5660.063
1212.6735,1208.2648,1215.2251,1215.079,1211.4352,1207.3193,1201.154,1206.1993,1209.0438,1200.5463,1196.239,1197.1848,1186.1013,1189.4202
1168.2058,1190.4012,1226.0865,1217.4824,1211.1538,1228.6198,1240.0303,1225.334,1255.5118,1253.5519,1280.2113,1248.6523,1241.559,1256.1853
1130.5322,1122.5859,1148.7274,1163.9408,1162.4508,1139.8774,1137.8148,1141.7979,1161.6188,1153.8403,1176.6716,1178.5048,1188.3955,1187.2247
1125.0406,1118.9626,1152.7222,1156.8402,1143.6682,1121.0194,1141.3066,1157.9607,1157.3359,1142.4843,1165.4423,1154.7977,1155.1692,1170.2017
1640.5452,1597.4818,1623.9403,1589.9026,1564.0541,1554.307,1547.9507,1550.2733,1552.1373,1513.0636,1508.018,1486.4751,1485.0935,1513.8257
1367.246,1366.7322,1377.7972,1380.8374,1377.4102,1373.0895,1383.0869,1383.3607,1382.2632,1384.9963,1400.8425,1395.6951,1393.6699,1386.9243
1968.2549,1961.5034,1958.2649,1955.074,1964.0625,1951.4098,1940.69,1954.7378,1950.7318,1940.81,1958.9609,1941.4388,1940.5001,1959.2762
9250.113,9231.119,9226.751,9233.791,9230.916,9227.556,9220.388,9217.815,9250.316,9252.203,9245.756,9235.257,9230.27,9244.1045
10423.3,10478.509,10484.218,10435.437,10465.047,10533.484,10583.024,10569.229,10530.8545,10606.0625,10637.753,10516.51,10504.945,10628.383
1052.2812,1052.2114,1053.4993,1051.0288,1049.1207,1046.8156,1047.1641,1046.1594,1049.8508,1053.2798,1055.9507,1054.9116,1057.746,1055.3021
1015.0357,1018.8128,1022.0348,1023.7695,1019.14514,1021.392,1024.5742,1023.9773,1023.2585,1018.21814,1020.6694,1020.01337,1021.0209,1024.0814
9968.186,9948.379,9929.066,9955.888,9912.193,9906.194,9941.389,9901.1045,9930.102,9955.728,9889.458,9915.684,9945.4375,9897.576
3354.9602,3332.263,3299.3625,3340.7095,3361.5808,3342.8284,3362.9236,3363.6472,3348.656,3381.0762,3391.849,3337.5574,3339.697,3338.2576
3625.3354,3546.3943,3595.5142,3585.6562,3563.5723,3554.7993,3506.7344,3528.2073,3561.4102,3539.792,3520.6182,3518.4937,3528.375,3557.5117
4547.8804,4585.7695,4622.1455,4672.769,4715.329,4725.3374,4738.4766,4776.4746,4818.0513,4759.003,4799.9473,4758.5596,4717.4136,4705.3774
5967.0806,5921.5938,5886.4243,5791.637,5733.247,5700.441,5642.6914,5632.405,5619.462,5598.0264,5597.095,5545.161,5578.571,5590.765
5468.809,5458.419,5454.8945,5446.8877,5439.4116,5443.815,5457.919,5475.934,5506.8633,5527.897,5532.733,5511.5703,5499.708,5471.211
13796.932,13787.207,13806.966,13815.2295,13815.766,13790.614,13781.747,13764.614,13768.676,13767.323,13782.361,13794.609,13808.423,13836.392
11898.292,11771.019,11723.315,11722.396,11678.663,11679.737,11675.108,11755.869,11752.393,11686.669,11723.475,11752.329,11703.671,11713.79
1243.5828,1233.7042,1237.4111,1233.6298,1229.0453,1223.6139,1219.4124,1226.4235,1235.1516,1228.9895,1223.9147,1224.906,1223.1053,1222.5839
12253.705,12115.705,12204.161,12117.803,12029.922,11993.018,11964.72,12105.861,12171.877,12069.459,12011.863,11998.872,11974.355,12006.545
11927.377,11878.996,11873.317,11845.357,11818.892,11837.343,11907.528,11896.828,11921.606,11924.655,11872.362,11863.589,11841.514,11816.098
6983.2124,6978.8726,6965.7646,6929.641,6951.5728,6927.9175,6950.15,7003.5884,7064.9907,7005.207,6959.11,6924.184,7004.821,7000.109
15102.47,15085.456,15079.571,15046.001,15037.648,15044.021,15058.085,15066.277,15087.77,15087.585,15081.973,15064.925,15105.272,15109.954
9096.268,9007.303,9071.53,8965.377,8921.541,8901.075,8867.11,8920.632,9007.656,8883.155,8844.137,8731.765,8739.077,8850.397
10667.8125,10584.883,10608.92,10591.672,10628.539,10647.603,10671.092,10652.673,10661.01,10647.599,10599.829,10592.549,10659.503,10681.567
1736.8855,1714.7054,1707.3987,1712.0509,1719.612,1724.4702,1727.6892,1726.1028,1714.17,1712.4293,1709.3918,1703.9045,1701.268,1709.7101
7759.3916,7700.8745,7718.2104,7705.366,7731.872,7746.1553,7762.5044,7748.585,7754.1113,7744.6626,7710.1475,7704.1763,7752.471,7769.2617
9073.513,9223.464,9078.0,8992.8125,8715.744,8734.95,8570.559,8809.146,8715.086,8693.259,8796.074,8331.843,8277.619,8587.29
1889.8934,1909.4623,1908.3334,1900.6027,1920.6753,1922.035,1931.8778,1926.8767,1930.8706,1932.42,1923.839,1919.1163,1939.9607,1966.6055
5045.1606,5025.6733,5070.438,5080.629,5121.8145,5104.3438,5135.304,5130.8354,5181.137,5178.838,5170.6714,5175.8687,5203.41,5214.2603
10495.748,10457.273,10479.971,10472.15,10487.336,10476.584,10474.34,10468.986,10473.221,10443.953,10440.002,10429.199,10450.052,10468.619
10322.483,10280.103,10390.693,10352.631,10403.083,10428.122,10515.364,10482.434,10406.696,10388.786,10448.974,10337.889,10440.823,10502.567
10150.082,10134.099,10149.714,10184.494,10205.45,10225.075,10261.3955,10238.518,10240.894,10240.538,10236.087,10234.471,10259.741,10268.093
11608.202,11561.573,11588.696,11581.263,11601.524,11591.313,11591.382,11586.199,11592.062,11558.885,11553.231,11538.71,11562.039,11581.811
1115.7695,1110.8174,1112.1381,1107.9543,1111.2426,1109.8115,1105.8542,1108.1376,1108.6697,1106.8248,1102.8003,1099.6682,1101.5281,1105.8774
1148.9438,1145.653,1146.6394,1137.5901,1138.0195,1138.9907,1137.6979,1141.9763,1145.5101,1141.063,1133.3033,1129.8416,1134.6587,1140.6373
12113.739,12061.156,12034.015,12007.535,12000.837,11929.3545,11868.379,11909.052,11906.516,11860.983,11935.698,12004.169,11999.356,12034.117
5955.7085,5945.422,5978.85,5973.6484,5983.9395,5988.236,5976.3,5961.5024,5973.7476,5971.734,5990.067,5963.612,5977.601,5985.5063
1444.3707,1440.8923,1441.1228,1441.1487,1441.9197,1441.1431,1440.9388,1440.0084,1440.6948,1439.406,1439.5315,1437.6571,1436.1632,1437.8969
1987.4226,1987.4857,1970.9261,1942.7565,1899.2644,1905.7764,1875.3098,1900.9103,1874.1373,1832.2592,1883.7329,1797.384,1791.2806,1841.6398
1785.4647,1771.5925,1768.4023,1745.5563,1736.7329,1736.4614,1748.9749,1766.2837,1780.8077,1779.7032,1786.1981,1772.8867,1775.4023,1771.2578
5749.1504,5764.011,5754.3574,5751.886,5696.1655,5683.6514,5681.497,5697.7266,5687.0938,5689.676,5672.9033,5668.6816,5670.1235,5684.9277
7443.208,7440.8677,7465.3145,7472.482,7455.07,7447.259,7459.8403,7486.966,7491.2495,7478.555,7481.759,7468.279,7483.923,7496.722
5028.8945,4978.959,4934.133,4901.827,4875.6343,4841.4946,4838.9985,4869.115,4896.6636,4852.5146,4834.162,4885.9995,4866.811,4930.108
2422.8105,2403.1726,2390.613,2354.5918,2322.3767,2321.7793,2328.9878,2318.48,2306.9434,2300.4019,2294.5977,2267.2695,2334.5862,2324.6206
10247.416,10219.056,10211.385,10209.563,10233.609,10255.821,10269.739,10267.209,10294.277,10277.321,10257.342,10245.151,10263.467,10299.126
2129.5818,2119.7847,2116.2542,2102.2937,2109.4697,2115.7878,2121.7908,2122.3843,2128.2117,2118.9717,2114.3413,2103.4084,2108.7727,2114.9475
5925.187,5964.0615,6049.1694,6011.1157,6022.345,6015.5234,6027.0723,6019.6616,6056.1016,6040.303,6062.4814,6041.7334,6025.7285,6058.248
8951.35,8921.869,8941.555,8928.657,8931.382,8931.814,8989.674,9011.809,9026.787,9013.514,9036.682,9039.114,9041.757,9038.615
2906.6194,2850.0977,2877.2295,2844.771,2923.4565,2984.2322,3057.6643,3073.7986,3030.7334,3005.2512,3001.4587,2979.2737,3066.6682,3123.0315
1556.3414,1560.2883,1567.0071,1574.465,1559.0981,1561.4241,1563.5865,1572.9513,1566.5605,1569.5448,1572.1234,1565.823,1557.9354,1557.2006
2298.0884,2318.863,2331.8662,2319.0417,2291.9207,2307.0208,2311.431,2310.4534,2307.8123,2323.9834,2320.1304,2313.5427,2312.733,2312.8816
2325.809,2339.4558,2334.255,2331.5347,2334.3894,2347.349,2353.2964,2357.298,2350.3674,2344.287,2342.6184,2335.2744,2342.5896,2354.9536
3245.6082,3284.5308,3346.9417,3372.151,3470.0542,3458.8052,3487.983,3465.543,3471.1143,3466.9563,3451.053,3400.907,3393.3264,3383.6824
2013.6047,2034.1733,1953.8778,1972.0879,1999.4921,2049.4653,2078.259,2097.732,1989.8684,2023.7997,2037.8752,1874.9885,1909.6052,1950.6667
1165.9956,1159.1361,1159.9203,1155.5283,1145.8181,1150.1366,1148.3273,1155.4534,1162.4535,1166.4075,1156.3838,1156.363,1141.6874,1148.0234
1185.4565,1171.6707,1171.7699,1165.6909,1161.0057,1158.8877,1162.5629,1166.1621,1174.7438,1172.5647,1169.8274,1162.7875,1153.4885,1152.9287
1584.8928,1568.7062,1597.7324,1594.8118,1551.8643,1525.771,1536.0278,1541.8741,1551.6815,1535.5221,1531.2551,1519.2084,1520.5121,1510.7399
1468.8835,1473.4751,1476.2334,1467.314,1459.119,1453.3481,1453.3419,1449.2262,1445.7612,1437.1378,1436.2596,1434.5039,1438.4552,1438.7242
2176.6318,2183.1997,2166.245,2152.0825,2169.7617,2208.633,2205.8633,2220.3423,2210.0703,2215.3086,2192.5588,2159.6326,2190.8115,2211.6218
1536.3506,1530.0887,1521.6108,1512.209,1507.8685,1502.8008,1502.8412,1509.7955,1518.4636,1515.1959,1506.2794,1501.0405,1503.551,1509.1337
2109.9597,2110.7307,2105.2122,2102.6086,2111.0115,2120.8064,2124.264,2119.8896,2124.1094,2125.0935,2128.5051,2125.3188,2121.5283,2125.0588
2577.0305,2578.122,2600.032,2614.9326,2619.7043,2618.8525,2635.6475,2637.6672,2660.3164,2661.5854,2681.486,2674.566,2675.2483,2657.714
3861.2024,3809.938,3820.055,3774.87,3744.3545,3738.8728,3739.0698,3759.8167,3750.405,3746.1353,3764.748,3729.1785,3735.793,3774.4795
1793.3479,1793.575,1808.5845,1805.5078,1806.3113,1790.0516,1781.8883,1789.6467,1806.3113,1812.0394,1804.9211,1774.0607,1788.0596,1782.9838
1658.2837,1639.5635,1632.1873,1648.3286,1673.6316,1660.8004,1665.2668,1655.3129,1729.3285,1718.1619,1706.0519,1715.8156,1749.2861,1742.9788
3013.7234,3006.9446,2997.4714,3009.4968,3017.426,3014.7942,2983.3052,2983.808,3023.806,3007.6702,2985.2788,2996.6453,2990.8662,3000.2827
3039.7095,3025.3582,3027.4424,3037.2676,3046.4553,3044.4602,3020.1619,3020.2559,3058.0664,3028.4958,3008.126,3016.4087,3014.846,3015.5544
1755.5686,1757.2997,1749.2848,1760.0297,1788.8402,1789.3673,1799.2628,1786.9949,1776.5707,1795.1998,1805.2479,1791.4902,1794.7559,1800.069
4273.311,4241.8794,4243.3164,4225.573,4206.6787,4186.761,4174.5435,4194.6675,4205.1655,4193.5103,4187.5317,4172.502,4177.0825,4193.64
1377.9778,1376.9705,1377.6837,1379.2286,1379.4921,1372.3346,1369.3771,1373.3712,1383.1664,1375.5999,1371.848,1368.0411,1364.3506,1351.2009
1530.8828,1527.017,1530.7139,1524.0944,1517.9487,1514.2379,1519.3329,1515.7347,1518.1313,1519.034,1529.2272,1537.1403,1538.3613,1539.3496
2688.264,2668.7056,2677.5544,2669.5034,2680.141,2665.6907,2683.3528,2670.756,2682.4485,2661.7485,2679.8882,2658.3137,2666.2175,2635.3162
2662.6123,2658.3762,2656.348,2658.244,2641.7786,2633.1519,2643.0261,2630.0586,2626.0974,2642.4429,2638.9167,2621.3499,2616.5876,2601.0715
3470.9146,3479.0427,3547.1094,3584.4773,3598.884,3590.3115,3631.5447,3633.0923,3671.0867,3685.8252,3678.8313,3662.5342,3683.7266,3657.0674
10410.957,10275.659,10209.821,10234.479,10276.997,10175.12,10179.851,10238.1455,10351.124,10365.797,10434.335,10464.088,10384.057,10141.846
10360.185,10064.247,10033.509,9870.171,9768.654,9409.457,9383.269,9180.356,10094.025,9832.724,9964.414,9855.22,10085.854,10093.231
11724.105,11511.431,11555.855,11564.505,11504.568,11177.541,11196.304,11049.139,11230.12,11049.032,11388.882,11471.57,11401.933,11244.241
18632.775,16977.822,17272.7,16721.027,16210.731,15545.324,14586.468,14282.488,14338.565,13374.931,13064.283,12456.845,12005.243,13534.795
18565.043,18355.732,18303.252,18025.85,17941.773,17934.934,17701.441,17721.47,17814.99,17566.24,17562.611,17362.87,17219.602,17411.809
2773.496,2778.8308,2788.9597,2786.873,2787.2314,2791.3872,2800.5698,2785.4026,2789.6958,2791.0447,2799.0652,2791.791,2798.9407,2805.8137
2320.0806,2290.0115,2296.62,2300.5774,2313.2708,2301.157,2292.5325,2293.8923,2265.008,2276.9585,2308.272,2264.3574,2258.4158,2266.1401
1368.5338,1374.0078,1334.8282,1348.8574,1341.473,1355.4253,1326.3771,1315.1362,1304.6897,1329.654,1361.1481,1293.7655,1294.2012,1325.645
1534.3846,1532.614,1529.7847,1527.0217,1531.3915,1531.871,1543.0315,1547.8618,1553.2969,1548.1107,1548.276,1539.3451,1547.547,1552.1581
5447.452,5425.36,5286.9404,5078.6655,5040.168,5124.731,5088.902,5125.1787,5195.07,5250.5225,5113.769,5135.3755,5133.359,5070.443
3217.7656,3199.813,3202.2292,3202.864,3216.7507,3197.322,3168.168,3178.5798,3202.0632,3183.2424,3181.8423,3177.863,3178.5254,3177.743
8596.593,8854.933,9069.071,8929.5,8800.797,8780.811,8683.352,8440.781,8933.74,8641.211,8812.463,8207.124,7913.1904,9000.484
12240.843,12074.656,12144.63,12212.436,12454.382,12507.457,12750.295,13302.107,13632.699,13460.224,13439.148,13138.298,13423.91,13140.165
20371.771,20405.504,20694.148,21487.605,21268.203,21006.33,21156.799,20968.605,21593.133,21717.34,21945.408,21663.95,21717.676,22144.277
3558.8267,3458.4385,3495.726,3472.9478,3429.676,3367.8206,3379.9866,3387.8613,3413.3354,3333.894,3268.1646,3239.2554,3243.6384,3292.405
6776.794,6725.096,6725.6655,6709.3477,6673.398,6664.1006,6685.4346,6722.546,6743.8,6743.7495,6757.9136,6738.738,6714.2026,6687.9233
3352.266,3743.9941,3840.979,4210.176,4116.2163,4378.155,4139.602,3986.2761,3544.0156,3642.4758,4271.7417,3173.0417,2973.911,3301.9565
1043.9785,1039.8224,1054.6172,1053.3713,1059.788,1058.9243,1070.4269,1091.2953,1094.3392,1081.6835,1093.8748,1081.9164,1080.6216,1081.2428
4010.9126,4009.1929,4020.21,4024.198,4022.6304,4027.8562,4036.8555,4066.5674,4034.274,4030.2156,4030.7861,4011.878,4018.6497,4035.2683
4871.3,4855.389,4855.787,4863.096,4877.6147,4876.5537,4863.0093,4880.9536,4871.25,4869.1733,4860.099,4840.514,4844.349,4867.094
4892.178,4885.6167,4902.574,4927.8125,4929.9478,4912.8296,4922.3516,4922.6743,4931.157,4916.7207,4908.8857,4899.7783,4923.8354,4926.579
5192.145,5247.504,5239.61,5284.896,5281.668,5291.9673,5246.8735,5231.2646,5245.372,5308.943,5292.4907,5289.2793,5269.2485,5285.602
7516.72,7509.06,7510.5195,7504.746,7524.276,7509.1045,7486.183,7530.4883,7566.776,7596.534,7605.7104,7601.075,7599.8706,7638.9683
1108.3104,1108.0294,1104.937,1104.4731,1103.439,1104.3438,1102.6433,1102.1355,1103.8928,1103.2305,1103.8076,1105.8802,1107.1523,1109.6404
4481.4775,4478.302,4480.1714,4477.331,4469.777,4457.333,4446.515,4440.279,4442.58,4427.431,4446.7207,4444.292,4452.6646,4467.8774
7785.251,7776.8047,7768.5767,7746.5005,7756.72,7745.67,7761.7295,7793.7188,7811.3853,7786.7847,7777.2847,7756.4126,7784.063,7822.555
1056.7732,1053.0171,1054.9071,1055.8561,1057.4832,1055.1964,1055.5212,1055.6788,1054.1697,1051.8431,1053.6796,1051.8049,1051.1688,1053.1735
10281.982,10234.854,10228.239,10243.393,10231.67,10222.109,10216.559,10292.373,10333.433,10312.445,10288.834,10225.302,10250.75,10206.581
7861.7886,7891.543,7895.6978,7856.5195,7901.01,7909.0967,7960.595,7978.1255,8005.5605,8060.914,8097.068,8004.024,8024.862,8025.9316
7925.8413,7944.958,7973.0986,7958.592,7997.15,8016.2,8057.671,8096.0996,8119.9497,8126.5703,8149.007,8111.893,8124.5903,8120.474
9541.326,9517.267,9523.349,9529.121,9546.361,9534.499,9549.926,9535.479,9550.836,9546.942,9559.993,9566.213,9558.98,9544.839
8360.623,8246.942,8200.754,8241.804,8307.105,8356.701,8318.787,8359.437,8327.557,8353.1875,8325.287,8254.049,8304.499,8438.129
8323.892,8302.441,8374.608,8414.23,8456.259,8463.689,8519.0205,8512.518,8513.752,8529.154,8532.19,8496.91,8544.776,8525.362
6968.619,6972.579,6998.785,7024.281,7041.774,7035.726,7032.021,7037.791,7066.5107,7094.7676,7122.6914,7100.122,7066.7964,7064.357
9373.729,9305.915,9279.684,9244.649,9234.807,9234.774,9292.579,9254.863,9259.876,9216.366,9177.398,9081.908,9102.171,9158.447
6980.451,6972.8223,6996.4253,6987.974,6973.5645,6971.3228,6986.5845,7004.929,7000.806,7000.7534,7010.797,7005.3213,6994.886,7000.3584
6512.026,6495.3994,6495.175,6509.335,6500.3433,6476.927,6478.0205,6490.0293,6502.0615,6494.9526,6497.81,6482.627,6485.0273,6476.6763
6959.2725,6946.665,7003.4316,6976.2744,6968.6626,6996.0522,7044.6934,7074.772,7104.951,7115.1772,7114.0425,7068.2817,7064.5654,7032.6655
4364.7354,4343.2534,4339.976,4325.108,4293.106,4291.087,4280.241,4288.1016,4269.9897,4274.62,4290.9067,4288.742,4296.489,4293.5967
4546.2427,4543.0825,4569.5356,4537.6284,4538.2695,4564.9526,4556.8706,4555.22,4535.6304,4550.496,4558.1797,4535.1665,4542.827,4556.8174
4539.4497,4544.479,4550.1963,4536.9375,4546.3047,4568.1367,4567.4766,4557.204,4539.28,4560.5767,4562.101,4547.163,4555.555,4572.9404
4532.927,4501.379,4542.085,4511.9277,4521.0654,4513.4287,4549.6978,4550.3955,4578.888,4597.6133,4597.2446,4590.1143,4643.644,4646.57
4715.6143,4711.335,4729.951,4746.5337,4754.4536,4744.5957,4752.6846,4748.6704,4739.791,4730.814,4746.7017,4744.7075,4746.526,4761.0405
4235.2925,4232.6533,4232.8276,4233.5757,4229.2305,4233.3086,4222.8354,4229.699,4224.9937,4231.1963,4230.62,4235.633,4237.693,4243.446
4619.474,4565.6646,4507.432,4548.9062,4579.3306,4561.692,4575.0684,4604.614,4683.217,4665.364,4660.71,4679.9443,4711.9263,4785.059
4573.959,4559.594,4529.3125,4509.2153,4495.466,4508.374,4480.368,4484.229,4496.4453,4495.448,4495.884,4505.027,4502.6865,4545.9565
5887.041,5869.2,5894.314,5905.721,5932.288,5928.0156,5875.102,5910.6367,5914.396,5897.2456,5875.4746,5908.585,5914.084,5914.7583
5912.794,5905.152,5907.235,5943.2783,5986.178,5973.4546,5901.841,5936.5205,5945.5483,5921.7866,5884.684,5910.1675,5934.144,5943.421
8032.894,8041.8765,8183.681,8152.996,8145.581,8182.076,8227.839,8145.29,8200.187,8168.2617,8227.873,8157.75,8200.996,8224.763
10551.665,10521.968,10517.64,10526.934,10514.908,10491.566,10471.111,10471.518,10470.884,10473.784,10478.966,10462.482,10454.928,10465.714
7628.9243,7603.695,7619.4697,7625.9907,7629.213,7617.6826,7615.733,7575.452,7545.17,7544.447,7581.813,7565.9614,7576.1455,7607.487
7620.5654,7597.368,7574.421,7571.1406,7568.623,7562.748,7551.981,7528.0137,7500.189,7507.551,7531.782,7523.235,7531.3867,7571.9746
7783.5303,7769.1494,7787.079,7781.928,7781.6245,7759.3657,7748.8774,7754.2593,7746.8965,7754.574,7756.4546,7737.162,7739.9077,7761.427
7659.4985,7649.5225,7619.0405,7595.381,7589.7656,7607.8916,7628.447,7636.2896,7655.167,7659.9775,7654.282,7624.2915,7621.985,7622.6724
7213.4243,7162.1353,7205.742,7171.791,7165.483,7162.105,7208.6885,7209.4272,7250.39,7242.1494,7281.7134,7304.2183,7302.8486,7303.4214
7733.702,7749.532,7716.502,7706.182,7776.193,7811.1313,7779.5483,7763.3525,7823.9556,7831.6875,7811.722,7816.425,7881.566,7905.95
8124.4897,8106.841,8104.876,8118.0137,8099.6587,8092.2695,8112.859,8093.9907,8108.9575,8095.519,8082.9927,8084.28,8121.458,8109.7144
8261.351,8257.291,8271.006,8262.143,8258.529,8271.97,8279.7,8267.767,8269.863,8284.771,8284.745,8268.687,8277.541,8288.99
7778.597,7783.922,7770.1055,7755.6216,7766.7637,7769.7114,7785.7837,7808.1675,7814.421,7818.165,7818.216,7808.185,7792.9707,7839.876
8644.297,8618.051,8655.328,8641.964,8642.592,8646.115,8655.359,8687.766,8685.644,8693.206,8692.953,8674.129,8692.537,8675.871
1333.2943,1332.9834,1335.1163,1330.7163,1329.141,1328.5598,1322.2792,1326.9176,1332.8563,1329.7255,1326.5017,1322.9242,1319.8323,1326.0859
1130.2089,1133.4941,1136.1272,1129.7552,1135.831,1138.0781,1135.5405,1134.205,1133.0664,1138.227,1140.9291,1135.2997,1139.4949,1143.2955
9862.437,9734.162,9716.673,9762.603,9874.042,9758.316,9698.67,9630.6875,9642.621,9603.181,9505.105,9333.942,9386.896,9389.681
10502.2705,10480.222,10481.123,10463.801,10468.078,10455.836,10410.548,10411.753,10457.173,10473.844,10485.428,10459.776,10423.066,10431.535
3122.0774,3118.2751,3110.986,3103.2107,3093.8213,3094.6724,3103.2065,3118.1013,3125.715,3123.8245,3119.323,3117.5525,3121.3872,3133.5955
42896.844,40788.965,40644.645,44025.523,37081.586,34466.47,36514.875,39473.973,32866.91,35146.832,34454.05,31024.7,30443.834,32631.13
1349.619,1264.8085,1303.613,1025.1981,760.3534,697.7821,576.6316,633.96216,510.3833,364.5232,577.5266,20.443848,103.58447,368.83496
2804.4236,2800.877,2807.0718,2801.361,2811.2834,2818.468,2840.8904,2833.4788,2818.8809,2818.6619,2820.373,2812.307,2828.069,2843.4187
1015.35724,1014.73834,1014.28235,1017.7161,1031.0951,1031.205,1034.6741,1031.658,1028.5527,1033.2755,1036.6202,1032.1344,1030.8557,1032.0214
3417.5667,3441.1775,3485.771,3504.3423,3559.3445,3581.6614,3558.04,3570.77,3556.09,3514.6907,3519.194,3471.5457,3483.3489,3521.6797
1369.3622,1369.0801,1365.3862,1363.374,1363.3585,1362.4858,1363.5088,1364.1365,1369.3774,1372.8252,1373.1576,1370.208,1368.2764,1368.4152
9603.62,9583.197,9538.661,9542.448,9478.483,9430.779,9439.06,9438.648,9547.465,9567.058,9529.975,9487.73,9549.987,9579.001
1826.002,1815.945,1818.6278,1812.0074,1804.7689,1801.8232,1806.9541,1812.7604,1818.371,1816.9379,1817.3497,1817.5035,1816.2517,1815.0797
7191.935,7061.2236,7084.769,6870.423,6899.057,6639.3535,6698.428,6480.9966,6722.8105,6494.416,6316.8784,6041.6533,6291.042,6419.8213
1472.453,1473.0042,1477.8987,1472.812,1466.0135,1472.8387,1482.9626,1497.4653,1492.2217,1491.6793,1496.2334,1480.8287,1478.1798,1484.7458
1288.7745,1293.8552,1297.3512,1292.9099,1299.1364,1309.152,1302.6663,1294.0652,1300.586,1302.5558,1301.3694,1293.8357,1285.6813,1291.2948
8710.455,8652.95,8710.231,8690.515,8669.846,8594.653,8599.366,8555.931,8614.327,8574.26,8583.913,8587.538,8642.707,8687.906
9402.341,9402.484,9402.481,9435.673,9454.624,9463.147,9419.097,9387.113,9366.43,9369.851,9363.694,9349.679,9369.782,9392.843
7104.4434,6624.6587,6693.2734,6446.65,5783.405,5263.5444,5063.6113,5468.7446,6653.5303,7099.593,7078.196,6440.336,6186.9253,5842.586
1100.873,1125.1117,1154.4022,1165.4343,1159.2477,1149.675,1140.7478,1135.827,1141.1383,1151.9623,1184.7979,1175.3716,1166.4713,1174.1758
1251.4973,1253.2317,1251.1365,1251.6492,1261.9521,1264.5724,1262.5627,1255.9451,1259.3323,1257.3997,1253.2081,1249.8871,1257.5844,1258.5322
8475.177,8440.576,8413.233,8424.314,8411.617,8368.104,8371.183,8425.859,8469.22,8417.785,8377.725,8342.346,8273.17,8324.208
705.07477,692.16144,676.7733,665.68976,667.85144,675.98395,684.01385,687.2125,675.1082,685.2111,683.14996,648.0507,666.2008,683.79724
2111.566,2110.9412,2099.4841,2098.974,2109.4897,2116.5574,2121.719,2120.6956,2123.1445,2127.4917,2132.0676,2125.9524,2125.1956,2125.2634
7816.3027,7801.8594,7872.8843,7860.5796,7840.1206,7823.1665,7845.98,7844.915,7838.315,7851.125,7843.41,7801.108,7830.9185,7864.486
1241.6448,1241.3296,1245.3607,1247.0437,1248.3739,1241.4066,1235.4447,1239.1758,1246.9326,1250.8451,1245.2345,1233.8699,1236.944,1232.4249
1115.9208,1109.1338,1109.2407,1114.82,1117.5729,1113.6598,1108.3834,1106.2467,1108.1678,1110.1301,1106.282,1111.3256,1111.7843,1116.8239
9370.101,9337.213,9337.763,9359.382,9338.08,9328.146,9328.13,9330.899,9295.623,9305.191,9284.686,9252.812,9262.115,9284.247
1038.624,1038.772,1036.8969,1033.9263,1030.4354,1030.0186,1031.2161,1029.7119,1035.7833,1040.7283,1040.2072,1039.2792,1041.1884,1038.0417
1113.6892,1113.5769,1105.9928,1101.7942,1099.1886,1094.3849,1095.0132,1097.7378,1104.2257,1106.242,1098.7537,1085.6222,1088.2728,1095.4806
1108.397,1105.9116,1100.1461,1100.626,1096.0658,1089.1794,1091.8121,1092.848,1098.7465,1101.6702,1091.9727,1077.88,1081.6643,1090.7802
1132.1354,1130.2517,1134.0359,1135.4325,1134.0203,1132.9548,1116.4893,1112.3483,1109.6035,1110.5193,1112.5372,1113.0714,1110.5935,1123.2498
10491.825,10565.012,10562.841,10429.613,10464.668,10555.595,10587.334,10562.774,10527.975,10630.826,10648.907,10483.504,10610.022,10665.995
8343.742,8256.493,8436.288,8291.305,8438.895,8464.113,8509.43,8412.384,8563.118,8517.6045,8511.496,8265.717,8480.421,8495.556
43439.74,41925.645,42521.906,41347.188,41186.18,41420.32,41657.297,41242.773,41009.86,40325.27,40026.586,39635.703,40313.605,41106.36
4461.6396,4161.5254,4806.489,4402.3633,4397.1,4200.007,4571.687,4856.782,4703.633,4746.924,4896.4375,3386.796,3952.1406,4571.4795
9258.764,9255.274,9276.878,9285.309,9305.932,9285.579,9295.193,9275.918,9270.558,9253.996,9266.158,9273.443,9319.281,9339.315
1075.187,1070.9099,1078.2595,1080.8286,1082.6703,1079.9666,1082.4014,1082.0286,1081.0118,1079.7559,1085.1646,1082.8329,1084.0942,1080.9261
4221.6567,3982.9683,4409.172,3160.248,2631.3096,2191.247,1180.002,1825.167,1193.5352,1254.5195,2420.9727,-743.44434,-787.3779,413.5625
1816.4692,1716.7197,1633.4961,1028.7954,107.083984,60.384277,-347.46826,40.999023,-618.31885,-849.8706,-454.25244,-2038.9951,-1818.6348,-815.563
1329.1241,1322.071,1330.3248,1334.3503,1334.5275,1323.7085,1330.2814,1333.7618,1337.382,1333.985,1341.8185,1340.6003,1340.8359,1338.3842
1328.7625,1326.6517,1331.4368,1328.9779,1326.7896,1324.7241,1333.8247,1338.2441,1334.6919,1330.0187,1341.9182,1338.6293,1331.5586,1333.8092
2999.2427,2713.165,2660.166,2486.8096,1563.8931,1272.81,592.41016,1216.7583,425.3794,276.36182,779.09863,-962.7676,-1004.01465,-265.32324
3597.9028,3199.8252,3132.311,2724.6611,1826.8032,2118.8662,846.06055,1143.7627,896.11914,472.51953,1248.7451,-848.1621,-459.39844,77.02734
4409.083,4134.3135,4266.259,3023.7334,1510.5918,1350.3379,4.9023438,160.2334,-832.67773,-1275.5166,611.1621,-3318.6162,-2864.6592,-1618.2188
2371.9348,2384.2546,2443.1133,2456.2478,2486.678,2453.0872,2447.7532,2489.0212,2517.1196,2526.6963,2521.0828,2518.4543,2518.2617,2522.4207
1745.5063,1577.5728,1374.5972,1319.6609,1137.6819,1190.7307,1141.3577,1477.9364,1185.7983,1134.1919,1322.7498,650.7661,641.9353,778.1311
1314.6832,1310.3932,1312.6207,1312.2017,1308.0731,1309.5281,1298.5205,1295.2771,1295.0887,1295.7213,1299.5746,1298.5984,1289.1776,1294.7888
2148.27,2163.4062,2181.085,2158.7666,2272.977,2250.6377,2287.5798,2300.6162,2312.8784,2324.8298,2301.8726,2208.3833,2278.574,2315.4717
1105.9016,1147.3955,1245.5846,1168.5693,1131.4565,1117.694,1217.5499,1264.8801,1340.2867,1273.0873,1375.2102,1263.0,1283.3765,1347.4459
1434.5748,1423.9341,1415.2716,1417.6243,1412.2872,1416.3572,1419.2917,1433.3046,1435.6652,1430.1947,1423.7555,1430.158,1428.8284,1421.9738
1540.9937,1529.1438,1571.5315,1572.3136,1589.3164,1588.1869,1603.4598,1611.258,1638.3473,1620.064,1628.0675,1628.6464,1632.4589,1592.9164
1484.3201,1480.6792,1497.8997,1505.9712,1499.9476,1496.4448,1488.033,1486.3129,1490.4106,1482.4832,1483.9113,1493.1403,1489.522,1494.6622
1450.1923,1447.0835,1438.4679,1428.0457,1417.6381,1410.662,1410.0515,1419.618,1415.6515,1419.5933,1427.3009,1420.9586,1421.6754,1414.499
1454.9232,1446.9756,1437.2318,1425.424,1414.491,1405.7755,1407.1624,1415.2443,1420.6367,1425.5555,1436.3877,1427.053,1424.5382,1411.3506
1575.236,1578.7445,1587.913,1588.3518,1582.318,1587.7727,1602.1611,1587.6681,1611.5308,1609.8063,1602.4259,1588.2506,1587.0261,1614.0247
1584.7205,1590.6011,1590.6985,1592.3649,1594.4171,1599.3441,1606.271,1606.3236,1608.807,1606.027,1611.1339,1600.8378,1601.049,1605.4897
37249.895,35688.46,38193.46,30770.625,25600.34,27440.652,32618.668,35677.562,38558.2,33777.207,37037.285,39152.84,36565.867,38407.89
1686.1647,1687.4678,1689.2991,1692.8815,1684.8195,1683.2131,1684.795,1693.2836,1695.7043,1689.992,1692.498,1692.0632,1689.9052,1687.9612
2614.67,2607.328,2583.7498,2565.8093,2574.9993,2580.1934,2547.5066,2555.5874,2573.419,2548.6685,2539.7231,2572.287,2581.1616,2598.7915
42640.45,42466.043,42451.438,42386.39,42352.734,42289.81,42334.44,42339.48,42391.297,42292.273,42204.0,42163.05,42243.234,42199.332
2470.9736,2432.0547,2438.8408,2460.8572,2466.788,2420.7197,2431.677,2429.4148,2488.3113,2464.61,2460.6672,2453.3567,2425.3406,2413.9578
2658.0715,2658.2847,2698.3694,2701.3972,2700.6355,2667.979,2652.1702,2636.2073,2617.8591,2640.6863,2682.3364,2671.3699,2683.9504,2718.5232
2652.556,2648.5325,2631.076,2617.7505,2618.3906,2604.0251,2598.175,2615.6719,2622.6711,2615.6177,2606.5479,2607.1423,2596.433,2588.7808
2692.739,2693.42,2694.7188,2691.9038,2686.4797,2672.962,2666.1887,2652.6887,2648.6125,2655.4236,2651.2493,2633.4663,2624.8481,2624.1963
3054.0955,3056.152,3047.3948,3053.9678,3036.7673,3043.3516,3059.0002,3051.5002,3057.4514,3054.929,3034.529,3031.2751,3038.277,3044.0266
1832.3328,1805.7552,1765.7682,1727.2236,1797.3989,1803.1821,1780.2349,1781.1028,1803.1456,1840.8542,1903.5002,1854.9741,1878.1189,1848.6882
2608.0076,2610.946,2644.9639,2679.4539,2683.5447,2685.896,2692.9282,2688.0483,2697.0923,2702.595,2704.723,2694.179,2683.443,2660.496
2261.972,2294.2778,2402.4766,2435.5737,2370.427,2386.627,2431.577,2458.8252,2501.722,2518.8547,2553.8022,2510.7097,2515.9092,2521.4648
2160.2153,2157.9917,2176.895,2164.7073,2167.6553,2178.0623,2186.2993,2207.3914,2219.0405,2196.9475,2186.9255,2177.047,2194.1218,2186.3274
2266.5923,2274.2302,2278.4858,2287.0022,2250.1865,2287.8105,2315.8047,2338.989,2251.8247,2235.9377,2231.9438,2241.3906,2276.2104,2327.3347
2167.2705,2181.0657,2219.2217,2207.718,2189.9556,2221.726,2238.9055,2252.4448,2178.1746,2143.7498,2127.968,2132.4653,2168.3323,2219.2866
1488.0277,1540.1663,1607.9142,1592.21,1347.2258,1318.0668,1155.9469,1258.3612,1208.8284,1327.136,1334.9963,1137.5894,1088.9923,1148.7065
1980.0791,1895.545,1826.8344,1693.7783,1524.5448,1581.265,1465.1844,1613.89,1430.8707,1395.8972,1461.2838,1056.7523,1148.8702,1309.5189
10371.977,9525.248,9163.237,7865.8174,7348.835,7960.1387,6941.461,7875.171,7848.759,8091.784,8329.342,5721.785,6136.825,6608.208
1431.856,1434.8655,1455.6783,1461.4797,1465.8672,1447.9106,1448.9612,1455.5076,1458.2664,1443.8739,1473.0145,1477.397,1484.0007,1500.5543
5463.896,5447.786,5522.5356,5517.5073,5501.496,5511.8887,5545.223,5540.3086,5578.4644,5520.4795,5613.4907,5559.203,5593.1006,5616.6235
6900.0005,6899.9995,6900.0005,6900.0005,6900.0005,6900.0,6900.0005,6900.0005,6900.001,6900.0005,6900.0005,6900.0005,6900.001,6900.001
570.635,424.18726,952.64307,1247.115,1029.5151,908.80786,143.99121,827.4099,458.73413,99.24707,835.7346,289.59766,-261.15674,178.6128
1317.5216,1318.1788,1319.3212,1318.1587,1322.5403,1326.5424,1325.5726,1320.9185,1320.8906,1323.0336,1321.209,1321.0398,1323.1848,1324.9926
1419.9507,1334.8754,1356.744,1266.5518,1112.4763,1112.818,1129.4904,1214.783,1081.2571,920.5243,1175.9612,730.8352,763.6642,968.53613
1234.166,1230.6141,1237.2612,1234.8379,1232.4414,1231.4246,1236.1102,1244.1273,1244.265,1239.7728,1245.0782,1243.4237,1242.5303,1243.8137
2020.0,2029.8346,2023.9823,2020.1002,2008.3782,2006.2932,2016.4923,2008.2126,1996.064,2007.5427,2014.372,1993.9696,1975.4849,1993.5747
1654.4039,1655.3406,1652.5856,1663.2721,1665.9603,1662.1572,1659.6451,1652.7758,1641.2227,1649.7638,1648.4154,1641.5366,1645.491,1651.4053
1787.71,1775.017,1779.1472,1768.185,1772.97,1768.2549,1770.3779,1762.7089,1782.2439,1771.4894,1782.9319,1783.6521,1774.3174,1782.322
12187.092,11941.455,12225.979,12258.381,12018.643,11600.698,11196.244,11080.831,11398.16,10996.95,11131.097,10662.136,10315.731,11140.092
5540.497,5547.5063,5544.153,5555.55,5537.826,5532.9653,5535.861,5541.542,5547.75,5549.582,5547.6445,5538.229,5534.077,5534.2896
1521.048,1499.2356,1500.4774,1496.2478,1503.0756,1506.3751,1508.2192,1510.7065,1508.1031,1501.2777,1496.2009,1501.4973,1513.2205,1515.9171
5630.5757,5638.2305,5648.023,5656.516,5651.7764,5640.651,5649.019,5651.438,5656.879,5659.1763,5660.003,5650.682,5649.297,5644.8696
5530.656,5529.874,5502.139,5472.8706,5413.037,5351.353,5321.93,5405.7847,5414.967,5391.4106,5389.1416,5362.61,5381.894,5412.221
5499.2163,5504.3965,5483.488,5480.694,5447.755,5402.453,5375.502,5431.445,5444.2056,5422.1333,5405.886,5385.042,5387.237,5413.1743
5489.2866,5494.7695,5476.6987,5476.161,5445.5234,5403.739,5377.4565,5428.4526,5444.5728,5424.646,5408.599,5389.2993,5388.323,5409.1133
5473.9585,5480.6396,5465.8984,5466.9214,5437.729,5404.9956,5380.818,5422.3364,5441.877,5427.411,5413.322,5397.4287,5393.52,5406.2617
5242.2393,5272.837,5298.1284,5338.7534,5342.389,5347.11,5379.9756,5382.4272,5384.014,5387.291,5402.1914,5372.8223,5371.9287,5383.645
1173.8853,1170.8348,1168.3832,1162.3546,1169.6237,1175.6644,1179.8691,1169.5006,1175.2491,1174.9961,1174.5765,1166.4296,1177.0148,1189.3062
1773.1656,1810.5499,1794.906,1773.6053,1802.1975,1822.3079,1849.1483,1847.8759,1876.6372,1877.9613,1846.6823,1809.8059,1824.1951,1859.4874
6161.12,6155.6816,6324.6626,6113.8306,6196.504,6223.503,6555.6494,6762.744,6731.255,6578.9565,6542.5566,6136.1074,6414.05,6687.35
7118.6436,7093.203,7114.53,7128.026,7113.891,7090.7856,7155.04,7160.815,7187.7505,7173.7188,7180.032,7179.474,7191.7407,7174.479
13361.845,13356.005,13357.335,13330.845,13281.074,13280.274,13228.416,13225.262,13205.692,13212.667,13227.429,13226.149,13189.406,13282.656
11447.13,11457.782,11496.445,11516.94,11482.668,11469.255,11504.38,11622.344,11623.954,11572.463,11585.876,11549.174,11478.606,11556.612
11592.842,11598.221,11617.264,11603.946,11528.859,11522.584,11497.907,11545.822,11506.794,11480.627,11454.891,11442.352,11411.805,11540.611
765.7129,765.7474,767.7251,765.3456,766.8235,767.1238,766.3365,765.9109,767.79407,766.652,769.1442,768.9551,768.0838,770.2139
4365.9917,4382.658,4473.473,4470.38,4429.156,4374.285,4392.6353,4340.3286,4329.338,4324.9106,4388.646,4356.147,4376.855,4403.0986
17174.322,17088.805,17110.38,17129.441,17033.24,16971.924,17072.273,17074.762,17070.328,16915.68,16762.512,16661.781,16832.635,16887.152
13327.491,13378.577,13455.437,13538.518,13469.816,13509.85,13587.333,13631.442,13752.792,13737.013,13709.35,13704.755,13646.34,13901.105
14925.793,14994.467,15082.096,15176.257,15099.273,15156.888,15261.694,15302.479,15447.791,15430.18,15401.902,15391.707,15335.682,15635.922
8934.464,8891.596,8885.293,8894.82,8861.929,8861.781,8888.273,8900.873,8870.202,8861.544,8862.832,8865.486,8890.354,8894.345
1133.5638,1130.6174,1129.0933,1130.6758,1125.9275,1124.1025,1124.2213,1130.6315,1136.7244,1133.079,1126.3605,1121.8119,1121.3575,1129.8579
3294.1948,3305.0728,3314.2444,3335.2935,3324.7908,3315.289,3316.7488,3324.0945,3317.2341,3326.9973,3333.4792,3332.7117,3320.3542,3338.7183
2121.157,2102.8179,2106.3025,2107.4106,2113.9812,2115.167,2101.4128,2086.8806,2092.5547,2105.6333,2112.2646,2104.9507,2099.8494,2097.7874
15186.838,15176.515,15155.843,15162.861,15103.978,15087.585,15071.065,15122.279,15142.231,15137.671,15117.482,15111.93,15059.054,15134.72
4682.6606,4674.98,4721.078,4696.58,4718.792,4760.7017,4800.225,4773.5884,4880.7896,4833.6387,4845.981,4833.808,4857.372,4926.9814
5320.8125,5322.438,5375.331,5425.654,5453.305,5432.4785,5453.2354,5430.819,5486.96,5502.5615,5525.1455,5515.4224,5574.098,5540.64
11846.276,11825.204,11807.876,11790.286,11726.102,11686.476,11676.803,11791.628,11848.355,11795.834,11732.038,11671.385,11659.264,11745.937
1981.8909,1973.2036,1979.3052,1978.8993,1973.2135,1964.3662,1971.0399,1970.1799,1974.3555,1968.2855,1965.1161,1961.6533,1955.1301,1965.2274
12936.481,12913.828,12928.568,12926.969,12927.015,12904.658,12961.585,12988.235,13017.048,12977.021,12957.067,12958.736,12940.456,12927.955
14262.088,14248.067,14300.341,14315.0205,14297.323,14308.768,14347.677,14312.576,14361.402,14369.008,14358.527,14350.885,14292.37,14332.213
1710.1691,1709.0295,1712.7394,1711.0511,1711.3931,1716.3969,1727.2131,1740.6659,1728.3739,1723.9023,1721.2213,1703.8336,1728.3313,1744.5496
2166.5437,2160.6064,2180.4766,2197.1785,2195.0273,2199.2964,2209.6245,2196.4236,2217.2249,2223.9282,2227.3728,2229.9438,2222.674,2248.0093
7294.5957,7269.1133,7338.332,7348.9106,7295.4443,7324.766,7221.9873,7113.0557,7133.369,7153.666,7136.5747,7141.565,7069.764,7176.496
1525.9514,1511.5245,1504.8982,1497.4175,1497.0427,1491.7262,1491.8682,1496.6674,1499.6906,1492.9238,1485.7363,1478.9553,1477.9954,1487.4703
775.5124,773.99426,781.1004,792.1685,792.3347,787.1817,786.0276,794.45447,795.6898,795.1221,796.9113,800.0133,798.5459,794.7251
12443.519,12400.184,12404.681,12338.499,12241.036,12263.995,12197.038,12256.474,12288.952,12273.232,12236.85,12222.441,12209.049,12295.289
4511.666,4480.5996,4501.961,4510.5645,4492.2188,4477.436,4482.7485,4462.7734,4484.3066,4469.7183,4478.505,4520.5337,4540.092,4575.266
1140.0712,1142.3173,1151.3489,1142.3103,1139.4171,1139.293,1146.1445,1149.8356,1146.5333,1145.4078,1148.9597,1150.3143,1154.57,1159.5511
4860.6313,4855.1,4878.921,4860.0405,4836.5703,4793.256,4798.433,4831.5493,4834.7544,4817.0635,4871.7397,4870.7144,4842.3506,4895.1934
17096.41,17117.098,17166.555,17163.176,17029.344,17145.78,17040.604,16910.742,16790.271,16796.217,16844.047,16851.727,16843.625,17080.625
1531.4912,1532.1499,1530.9769,1531.6012,1517.113,1526.6063,1515.618,1508.0142,1500.187,1501.3287,1504.6589,1508.2053,1505.2417,1520.2758
627.6327,620.1888,618.18787,620.1811,622.2385,616.15314,612.00726,609.10547,608.48944,607.10376,604.9819,600.94214,602.5408,607.60535
1359.0065,1354.3024,1349.7231,1347.9227,1352.6292,1352.2096,1359.7887,1360.3033,1367.4229,1366.4673,1367.9468,1368.2585,1365.4323,1357.7039
3538.7217,3554.002,3521.9705,3527.7073,3526.7566,3530.0068,3539.5046,3554.8865,3549.9758,3565.6743,3539.3467,3524.7139,3544.3813,3583.9612
2131.1213,2124.5396,2104.3994,2096.761,2090.0425,2088.7683,2100.4092,2106.0237,2119.011,2134.6477,2140.4924,2145.25,2146.6172,2145.6924
999.6744,996.7104,995.1826,994.9012,991.6948,990.782,991.49414,994.2191,998.5933,996.5388,992.0464,987.5649,988.04816,994.1053
12899.492,12906.922,12978.03,13011.973,12953.563,12975.3125,13039.221,13085.865,13207.436,13135.948,13116.075,13095.1455,13050.986,13193.616
12906.892,12914.324,12985.399,13019.494,12961.041,12982.651,13046.664,13093.344,13215.107,13143.547,13123.595,13102.653,13058.618,13201.387
15361.455,15417.233,15426.913,15512.54,15456.109,15409.411,15420.593,15446.16,15400.007,15441.235,15475.611,15462.078,15423.053,15505.634
4788.3545,4821.2485,4812.2583,4817.519,4773.4746,4767.5034,4763.3335,4793.71,4796.403,4804.068,4791.2505,4791.885,4775.44,4835.262
15464.3,15429.063,15389.697,15351.522,15318.87,15333.2,15365.08,15380.285,15382.608,15388.806,15398.321,15362.87,15417.833,15469.465
1108.9475,1127.6781,1126.4714,1138.4706,1127.7183,1153.443,1130.7202,1119.1659,1116.291,1131.5137,1140.7031,1134.8069,1115.923,1139.1757
14225.582,14178.074,14062.681,13804.191,13830.042,14100.356,14196.495,14099.306,14249.039,14090.167,13981.457,13895.722,13955.489,14311.668
1611.7555,1610.7964,1612.0283,1618.7739,1625.8279,1624.6582,1645.348,1648.2484,1646.6157,1648.7777,1648.6646,1635.1216,1628.5188,1630.3506
2428.4575,2429.0442,2425.53,2439.8333,2447.248,2453.796,2475.3481,2476.4568,2459.7183,2449.6062,2460.117,2446.4075,2423.7668,2438.6172
2744.4084,2730.7803,2728.5667,2712.3418,2692.0376,2701.3552,2678.9316,2691.7263,2699.706,2694.6453,2682.279,2684.6165,2680.3154,2698.9207
8030.182,8009.1714,8001.202,8032.8154,8112.864,8140.1494,8301.715,8323.721,8363.054,8294.548,8405.896,8198.245,8326.525,8421.892
6807.955,6765.666,6725.239,6703.2974,6777.451,6719.718,6623.442,6636.8223,6571.692,6604.739,6596.944,6506.9707,6611.9995,6770.816
10919.616,10816.777,10875.193,10898.6875,10990.384,10948.212,11131.526,11146.355,11082.59,10933.214,11142.184,10898.217,11036.206,11088.969
7410.3867,7401.5586,7679.714,7501.2065,7606.9155,7555.652,7715.2334,7644.626,7710.448,7695.8604,7868.3853,7619.7876,7705.477,7666.3755
11492.714,11384.666,11475.463,11499.31,11554.185,11502.253,11685.606,11811.866,11872.352,11724.196,11910.919,11563.462,11692.798,11706.724
9901.917,9848.784,9949.546,9986.178,10113.794,10107.108,10237.757,10257.152,10268.538,10083.536,10271.842,10094.08,10229.262,10201.233
9470.538,9372.623,9329.499,9358.388,9434.0205,9435.489,9645.386,9765.638,9828.742,9736.08,9905.6045,9539.119,9675.717,9716.221
9969.153,9954.049,9994.332,10063.827,10054.506,10089.876,10137.405,10105.39,10166.622,10201.88,10201.701,10206.299,10215.344,10315.543
1834.8866,1825.9374,1852.0403,1851.8757,1850.701,1846.7677,1843.2511,1845.7963,1879.6567,1871.6305,1867.3235,1859.8374,1846.3219,1865.7185
5609.419,5569.681,5576.1343,5564.6826,5542.649,5542.247,5547.894,5554.627,5558.2065,5558.968,5570.4653,5570.6113,5571.503,5582.6973
4823.793,4881.133,4895.5913,4910.0933,4923.876,4934.5527,4965.0693,4961.851,5007.607,4992.629,5002.639,4935.9473,4964.962,4977.9927
2704.1206,2696.8555,2727.0603,2718.3843,2708.9324,2726.4497,2705.1543,2681.1057,2690.3481,2674.9524,2680.1272,2685.7686,2669.1592,2695.6165
4967.707,4933.6313,4941.658,4936.8774,4884.3667,4863.5464,4830.669,4857.5083,4837.712,4826.9546,4822.663,4787.61,4781.0654,4816.548
1001.4694,992.37714,986.6659,981.96216,988.5032,995.8004,991.06177,982.2383,980.16223,991.77844,1000.0165,981.3806,979.51624,993.64813
9552.911,9429.558,9429.541,9436.374,9354.117,9313.809,9167.692,9147.6045,9228.687,9314.94,9266.219,9237.692,9215.79,9203.525
10318.079,10310.463,10367.804,10355.342,10328.274,10373.949,10374.552,10399.995,10533.126,10457.95,10460.969,10458.061,10425.23,10534.279
2786.0857,2775.9395,2793.3564,2801.0369,2791.8247,2798.818,2820.9612,2825.9773,2845.8105,2838.798,2828.8252,2809.0273,2799.9854,2867.813
10711.11,10705.879,10699.353,10688.599,10656.453,10670.516,10684.756,10729.549,10738.871,10728.773,10704.019,10700.4,10688.03,10779.0
14905.813,14879.425,14850.189,14771.71,14718.706,14649.276,14750.117,14766.284,14760.969,14678.379,14592.075,14519.606,14532.376,14621.143
11189.804,11171.881,11131.678,11107.311,11061.301,11094.259,11084.94,11094.385,11140.007,11135.221,11108.651,11129.134,11098.936,11135.812
14555.481,14522.469,14493.895,14446.438,14416.19,14464.24,14500.219,14553.03,14567.835,14526.292,14501.214,14458.251,14458.677,14613.5
1095.443,1099.8792,1103.9446,1106.0685,1102.8705,1102.675,1107.4056,1110.0914,1110.2367,1111.1316,1116.0348,1113.1885,1111.7117,1114.7482
11407.743,11392.048,11398.929,11394.108,11393.688,11373.298,11420.735,11439.49,11457.379,11421.587,11398.351,11401.956,11381.663,11379.87
11012.783,11008.287,11026.494,11112.43,11222.589,11299.441,11515.463,11538.708,11730.526,11558.849,11670.8955,11415.848,11615.839,11650.659
751.3065,748.3394,792.3428,801.6224,806.72754,838.939,886.5585,937.41034,956.24554,930.1486,942.616,920.1092,896.77246,896.0478
2452.4958,2410.8723,2421.0413,2435.4534,2408.7075,2386.1025,2426.6418,2452.1274,2472.2283,2418.9023,2393.1309,2398.5417,2379.6182,2406.999
10977.742,10710.076,11213.885,11091.195,10996.002,10872.922,11149.633,11385.595,11439.691,11416.407,11544.984,11425.032,11477.721,11588.7295
11675.532,11516.661,11588.962,11582.611,11641.131,11515.207,11684.164,11681.966,11710.223,11563.963,11879.829,11441.442,11601.199,11596.213
7726.6416,7573.173,7580.5215,7637.146,7690.6963,7616.0356,7763.778,7888.486,7980.731,7848.682,8130.435,7739.713,7811.421,7753.639
9141.387,9144.88,9227.844,9335.36,9275.535,9367.648,9367.987,9558.447,9552.457,9564.796,9502.144,9425.652,9457.912,9452.665
9653.719,9479.849,9257.124,9300.051,9470.513,9478.93,9761.03,9742.28,9605.378,9632.856,9810.592,9564.295,9680.08,9711.488
8727.552,8565.097,8421.553,8430.767,8544.495,8520.161,8779.616,8846.722,8742.714,8735.507,8874.295,8646.912,8754.019,8774.625
9598.231,9454.975,9305.909,9334.035,9484.945,9540.465,9785.029,9787.225,9609.327,9564.812,9730.472,9543.377,9655.221,9705.744
7435.778,7436.024,7442.028,7436.5835,7471.1353,7367.1245,7352.56,7304.755,7354.4,7342.1714,7400.09,7382.5386,7381.753,7382.059
8392.467,8358.093,8329.924,8390.789,8421.55,8281.785,8229.66,8131.316,8119.682,8120.9326,8209.254,8163.069,8125.345,8191.9097
8387.264,8399.127,8412.094,8425.619,8479.442,8529.665,8595.768,8642.3955,8605.743,8560.41,8638.409,8538.803,8570.711,8655.274
2203.8682,2184.015,2211.2166,2238.0984,2266.3918,2252.9521,2289.6965,2316.491,2365.5947,2326.103,2335.6243,2300.597,2340.71,2324.2976
6971.395,6974.5005,6943.4897,6943.6406,6964.7266,6933.055,6914.792,6946.636,6964.3984,6920.1294,6921.224,6964.4463,6988.1187,7020.7163
8969.736,8976.6045,8943.969,8832.963,8762.219,8753.138,8633.581,8628.743,8714.566,8667.842,8605.159,8668.928,8718.584,8700.461
9272.904,9276.738,9215.066,9140.891,9082.667,9102.458,9021.37,9042.688,9037.763,8990.559,8951.964,8972.791,9030.854,9074.472
3183.998,3193.8635,3202.6953,3213.669,3229.7295,3231.1814,3261.7932,3256.4055,3263.6143,3257.193,3283.6665,3278.5823,3272.5022,3273.298
7978.47,7969.172,7947.6445,7895.591,7839.9023,7888.8354,7841.4785,7892.587,7880.675,7801.35,7713.7676,7729.8506,7752.472,7779.0283
14441.211,14432.052,14343.676,14528.669,14593.429,14602.833,14636.02,14670.118,14885.276,14799.623,14776.572,14934.473,14939.851,15061.195
10147.193,10132.788,10079.637,10150.142,10236.224,10254.591,10366.284,10373.347,10330.055,10327.546,10358.376,10276.619,10228.386,10272.357
2046.8529,2044.0276,2037.3176,2055.961,2072.7273,2077.3093,2096.9353,2095.0344,2081.4236,2080.1904,2088.8503,2072.264,2059.464,2068.59
14111.178,14061.139,14107.316,14198.19,14280.495,14288.314,14518.438,14649.4375,14616.092,14552.958,14616.864,14498.548,14430.646,14425.424
1187.5249,1187.4528,1185.3903,1188.7261,1192.6504,1193.3788,1206.6691,1210.4272,1210.6896,1212.0736,1212.3417,1204.0266,1198.8823,1200.4
13011.686,12944.608,12879.492,12905.127,12992.48,12970.808,12966.854,12934.441,12965.939,12913.592,12916.673,12969.447,13062.501,13109.94
3134.5208,3104.4656,3158.9358,3193.6375,3214.4763,3195.2458,3200.1414,3172.287,3179.7896,3162.8418,3179.7678,3182.7134,3224.1562,3223.958
3766.1787,3727.0276,3712.5955,3695.375,3712.2756,3708.647,3676.942,3700.9863,3703.531,3674.7026,3619.828,3623.2607,3604.33,3608.4287
16587.242,16535.176,16531.637,16480.305,16521.848,16563.814,16486.287,16554.922,16683.723,16529.244,16482.39,16600.262,16605.832,16793.154
4866.4834,4776.9136,4808.3413,4889.681,4946.8584,4950.423,4929.5493,4896.903,4969.7305,5022.7295,4988.361,5029.1284,5059.5396,5078.8154
12374.376,12290.639,12181.404,12291.65,12336.3545,12319.614,12231.885,12339.294,12384.479,12311.565,12181.566,12304.617,12320.177,12363.749
7290.6206,7317.2925,7403.9766,7389.477,7366.7876,7446.788,7387.8945,7309.8115,7332.4404,7382.85,7356.1924,7255.508,7377.499,7335.1533
12391.316,12302.399,12149.679,12246.243,12336.788,12332.517,12244.848,12328.057,12403.782,12362.193,12232.284,12380.949,12443.175,12486.13
7294.684,7201.414,7199.3076,7178.3184,7187.0156,7155.652,7070.442,7077.172,7085.507,7051.203,7021.919,7052.514,7079.629,7151.9473
3261.1836,3230.3428,3277.5144,3286.0002,3284.739,3268.7236,3296.8115,3332.5806,3304.4932,3292.1055,3324.5583,3300.1804,3285.8384,3311.7065
13540.577,13450.962,13334.984,13426.641,13446.214,13460.217,13346.611,13463.14,13489.744,13417.271,13267.514,13400.048,13420.641,13460.769
15077.989,15077.33,15054.794,15068.504,15057.631,15101.389,15132.158,15172.955,15324.507,15312.809,15219.648,15221.993,15188.757,15103.439
5231.5283,5269.622,5435.2334,5453.978,5424.2295,5389.696,5444.2505,5420.03,5417.6943,5433.9023,5525.6836,5481.41,5536.2974,5571.7827
12699.467,12645.897,12613.252,12629.946,12657.034,12672.249,12677.54,12712.93,12731.339,12704.733,12636.226,12673.181,12696.523,12657.512
1655.4497,1652.9823,1636.8376,1652.0197,1664.1603,1690.7686,1694.9269,1684.1528,1708.6459,1695.8865,1688.2443,1718.1093,1722.5869,1748.3075
1658.1604,1642.5928,1632.4331,1624.6466,1617.8679,1623.9303,1625.2518,1649.7885,1656.867,1644.5784,1626.3682,1623.4498,1621.5652,1630.8689
13258.903,13247.45,13193.9,13279.457,13257.258,13242.843,13168.976,13320.308,13436.899,13264.684,13241.281,13377.389,13218.584,13355.954
10288.1045,10256.25,10199.92,10330.372,10337.643,10306.707,10281.783,10327.907,10369.112,10297.178,10253.496,10367.189,10299.554,10367.248
14691.783,14691.289,14691.691,14730.136,14702.965,14609.296,14498.378,14652.858,14808.525,14671.957,14610.326,14674.931,14587.754,14668.724
15156.474,15152.573,15103.701,15226.105,15220.676,15197.257,15108.017,15246.772,15377.944,15190.777,15179.776,15335.277,15175.962,15332.672
3583.542,3601.3389,3590.2917,3592.4937,3592.8174,3608.428,3585.6401,3569.7903,3553.9658,3540.2834,3526.6199,3532.531,3534.0615,3546.795
10214.45,10216.631,10175.57,10080.418,9974.503,9918.032,9830.279,9852.063,9811.3545,9745.022,9692.693,9656.4375,9754.165,9801.782
1546.6415,1532.353,1534.4695,1525.118,1522.0542,1524.6727,1517.5588,1518.3251,1516.7734,1506.4354,1498.7462,1493.9619,1504.1823,1530.397
1577.1029,1572.2505,1572.364,1564.523,1565.8502,1578.9596,1574.9502,1566.9506,1575.8461,1567.223,1564.4346,1570.4457,1585.8555,1607.2915
6014.6094,6003.959,5874.0146,5921.7993,5946.1865,6018.3906,6046.704,6027.9624,6035.4443,5972.1475,6012.709,6120.9434,6139.286,6326.074
14009.82,14005.574,14064.115,14057.243,14064.736,14076.412,14086.268,14107.544,14128.118,14115.48,14097.816,14059.98,14070.1045,14077.56
15277.192,15333.266,15344.26,15277.186,15252.692,15288.877,15181.294,15197.857,15230.612,15219.248,15201.816,15171.809,15197.959,15288.207
14758.441,14813.146,14825.555,14763.297,14742.334,14774.361,14671.685,14686.689,14715.834,14704.256,14689.242,14659.7295,14684.134,14772.473
5891.4434,5902.2666,5932.5137,5989.443,6012.2544,5960.384,5934.799,5918.8496,5905.6143,5927.164,5957.166,5992.219,5955.6665,5936.908
15684.787,15764.46,15820.74,15758.058,15765.507,15853.824,15683.854,15633.651,15652.938,15649.272,15616.659,15647.93,15646.933,15723.529
11565.915,11565.876,11594.425,11602.787,11621.692,11631.225,11624.957,11618.707,11645.651,11666.472,11614.765,11597.28,11586.472,11612.69
1436.3749,1435.6272,1441.0422,1439.9227,1440.2444,1445.318,1448.2507,1451.5946,1455.7756,1457.6014,1451.4281,1445.0879,1450.1611,1452.3679
12777.824,12792.112,12837.295,12817.999,12841.496,12879.112,12811.078,12750.533,12780.782,12805.87,12723.49,12689.282,12714.858,12759.79
11546.731,11495.99,11558.931,11590.517,11574.2,11610.215,11611.008,11706.424,11754.879,11795.936,11740.21,11633.923,11618.6,11647.485
6871.9688,6971.4473,7019.0396,7036.7124,6997.653,6991.038,6967.896,6933.0796,6973.9497,7020.4595,6966.353,6960.1553,7023.2905,7058.676
4946.5356,4950.226,5044.0557,5055.2266,5053.582,5041.604,5068.266,5048.276,5041.52,5094.127,5118.2607,5063.369,5069.0327,5072.384
12390.085,12470.504,12611.593,12510.15,12587.596,12584.242,12552.944,12615.289,12649.543,12573.372,12555.9795,12439.168,12525.977,12522.427
17307.277,17471.23,17707.568,17871.918,17862.83,17883.36,17776.494,17964.39,17890.314,17993.154,18037.783,17963.79,17768.49,17931.566
15054.091,15158.896,15309.549,15361.476,15371.368,15372.196,15380.427,15414.645,15419.207,15484.435,15466.813,15458.782,15421.861,15521.58
5482.5366,5550.002,5520.471,5609.533,5634.1045,5673.044,5668.4463,5767.197,5755.003,5802.3047,5826.6753,5744.878,5764.4355,5827.9663
4818.968,4769.3105,4800.185,4731.1143,4678.7734,4671.878,4761.525,4798.844,4811.8994,4775.0947,4839.071,4830.9663,4816.587,4812.692
15875.163,15780.788,15784.287,15712.716,15723.665,15708.518,15709.013,15805.61,15861.969,15735.515,15724.231,15758.91,15782.362,15880.594
13274.649,13151.512,13144.447,13098.701,13106.724,13128.904,13018.121,13161.609,13212.922,13091.79,12981.571,12998.731,13034.39,13183.026
784.2415,769.0953,774.4069,780.63885,795.4746,792.5604,806.72125,818.7085,811.3319,823.2043,834.6588,830.0522,834.83984,841.88293
15983.573,15868.395,15907.489,15849.302,15768.646,15765.245,15664.066,15820.644,15907.067,15783.428,15660.225,15671.202,15682.326,15804.835
961.24,945.13794,932.5466,930.8332,926.04126,926.24066,894.50977,883.71936,885.51764,884.4055,881.842,890.98737,881.0743,886.493
16732.145,16624.547,16578.72,16626.799,16623.834,16599.898,16519.555,16601.432,16608.223,16490.783,16408.594,16497.922,16463.924,16592.303
2107.5305,2093.405,2097.928,2085.9304,2075.163,2075.9038,2061.6096,2075.131,2084.9165,2064.3333,2050.92,2055.8586,2060.018,2072.5508
4308.157,4225.193,4217.184,4166.989,4149.25,4153.6353,4196.8867,4195.108,4205.2046,4150.297,4095.446,4028.9702,4068.8206,4138.958
6632.583,6641.1265,6653.5244,6655.227,6653.649,6664.4624,6663.953,6674.8315,6697.109,6693.151,6691.475,6699.7485,6687.232,6706.762
12746.063,12760.417,12789.034,12783.298,12784.977,12808.307,12799.131,12811.989,12853.964,12855.398,12855.487,12867.133,12868.47,12911.836
15605.787,15567.888,15579.0205,15582.779,15565.789,15533.599,15555.423,15563.792,15574.485,15530.805,15519.978,15519.025,15510.989,15534.32
3878.7756,3869.5288,3872.9927,3860.4478,3844.6265,3861.3757,3851.1587,3835.9172,3831.5083,3825.522,3841.8037,3852.7974,3846.3218,3877.5767
4145.1826,4026.6924,3968.686,3942.0796,3957.6997,3898.6702,3821.9297,3958.4038,3853.8481,3767.2505,3835.5916,3683.8398,3723.613,3837.632
10535.4795,10508.266,10531.524,10517.8545,10501.501,10447.749,10458.039,10443.599,10486.546,10445.949,10435.0,10415.247,10429.629,10459.3125
13163.412,13093.907,13117.448,13132.172,13075.18,13139.616,13192.31,13197.487,13214.246,13154.023,13089.234,13084.033,13080.56,13162.017
2854.2163,2795.9302,2749.504,2773.961,2839.8945,2875.5586,2877.2861,3067.021,2896.7178,2892.066,2770.5452,2748.0498,2777.3003,2891.2715
16402.771,16384.633,16380.025,16369.815,16355.056,16309.22,16319.652,16344.023,16354.514,16314.953,16297.8955,16318.078,16319.875,16323.007
16711.283,16635.467,16674.68,16679.514,16621.818,16619.672,16618.88,16629.92,16698.291,16632.104,16597.17,16570.076,16522.33,16656.883
2193.3503,2185.9167,2183.9875,2183.285,2177.1033,2171.8843,2166.849,2171.7861,2176.098,2174.4736,2175.7986,2177.5835,2188.817,2190.2656
11455.871,11396.176,11399.722,11370.301,11330.496,11309.501,11328.606,11379.768,11364.138,11317.495,11283.704,11270.858,11286.006,11325.371
3315.0898,3307.5972,3320.624,3321.61,3322.3152,3313.6328,3320.528,3321.7417,3322.6665,3312.515,3314.6511,3317.4062,3315.352,3310.0728
13152.5205,13125.21,13102.253,13082.774,13069.291,13082.836,13046.897,13044.471,13002.177,12981.195,12971.463,12990.53,13016.183,13062.47
6291.2744,6260.336,6268.741,6201.3745,6190.107,6190.5605,6154.663,6182.639,6192.453,6161.935,6136.972,6101.2793,6108.614,6159.5938
15022.592,14965.667,14992.606,15010.861,15023.037,14994.3,15075.959,15116.727,15208.06,15123.303,15116.333,15150.445,15158.574,15120.995
10379.349,10330.649,10346.234,10352.259,10279.467,10273.68,10262.827,10228.278,10191.767,10176.582,10189.359,10217.376,10223.214,10304.868
11237.466,11183.843,11193.379,11123.305,11000.415,11034.679,10993.42,10962.6,10941.606,10904.335,10931.555,10950.589,10940.027,11105.994
14097.401,14018.902,13958.041,13923.338,13747.474,13736.867,13733.78,13764.17,13775.355,13811.703,13814.266,13825.136,13819.478,13897.252
12649.141,12679.241,12657.191,12638.023,12615.226,12737.198,12639.245,12768.799,12843.432,12772.616,12729.371,12595.444,12522.069,12605.975
6623.542,6568.877,6485.038,6476.125,6440.5664,6438.2056,6465.8086,6513.4893,6464.431,6419.4297,6445.577,6417.4795,6384.5146,6491.8745
14932.795,14973.2,15028.614,15048.19,15076.816,15126.515,15121.983,15128.02,15118.524,15134.789,15108.834,15121.963,15099.502,15161.479
6803.751,6810.307,6824.961,6820.746,6808.233,6790.4175,6780.377,6789.3857,6790.9185,6778.8066,6770.1895,6779.0874,6794.4136,6812.7915
13822.831,13876.235,13925.302,13942.477,13937.14,13937.2,13888.501,13878.259,13854.926,13822.685,13807.877,13843.675,13877.276,13959.871
12772.984,12812.899,12848.835,12870.694,12931.141,12985.731,12983.232,13001.37,12994.565,13016.071,12979.55,12986.4375,12955.166,13025.399
16888.797,16996.166,17019.52,17013.03,17078.486,17215.291,17007.514,16981.969,17015.668,16978.607,16939.357,17036.062,16981.184,17095.336
11395.992,11903.672,11986.812,12517.566,12920.8,12901.553,13114.891,13531.186,13771.212,13234.261,13653.348,13181.876,13090.294,12799.927
16652.38,16709.297,16780.139,16809.246,16809.156,16845.926,16818.307,16844.033,16882.0,16885.219,16864.156,16861.178,16859.16,16924.03
16203.063,16252.325,16303.83,16345.26,16409.072,16471.242,16470.062,16499.691,16487.324,16514.637,16472.566,16493.346,16453.88,16531.402
17665.465,17720.223,17777.602,17796.254,17787.564,17772.371,17723.137,17712.629,17694.95,17656.596,17649.87,17692.502,17735.797,17824.256
14371.396,14432.057,14470.772,14481.265,14468.286,14471.322,14416.832,14413.052,14387.954,14370.625,14349.703,14389.05,14424.171,14503.32
5608.8267,5591.8677,5604.3154,5577.6035,5524.7646,5510.332,5452.4907,5486.2188,5487.2437,5446.5815,5436.3076,5446.45,5433.6865,5487.6055
17364.316,17545.457,17608.695,17653.477,17659.717,17900.705,17801.623,18144.59,18242.795,18075.082,18105.838,17834.129,17741.17,17951.855
17140.295,17330.275,17412.828,17439.225,17449.61,17650.408,17601.596,17680.473,17798.248,17785.035,17784.086,17670.684,17669.914,17819.781
8551.407,8511.514,8730.506,8823.566,8823.206,8770.751,8865.307,8924.227,8867.428,8926.579,8929.846,8910.811,8915.378,8943.304
7480.473,7472.313,7477.2324,7481.0425,7487.4287,7487.9336,7481.938,7531.5537,7504.6357,7510.1333,7500.6743,7445.7065,7450.9434,7502.379
8153.977,8128.2554,8197.631,8162.874,8151.8535,8160.611,8165.915,8278.475,8276.317,8235.354,8233.224,8176.4336,8185.7876,8209.458
6683.0244,6675.784,6680.08,6683.5156,6689.229,6689.721,6684.375,6728.6836,6704.622,6709.574,6701.067,6651.966,6656.6523,6702.6587
6919.673,6751.491,6812.1304,6700.4453,6701.6807,6615.3306,6554.0493,6537.702,6622.722,6470.3633,6467.6865,6380.1147,6399.2754,6499.035
6844.6577,6731.6157,6723.6406,6747.0796,6865.4985,6852.469,6785.0483,6924.502,6912.843,6831.0127,6937.166,6520.7227,6488.1675,6592.778
11416.033,11434.305,11437.282,11442.172,11467.157,11498.075,11439.438,11440.538,11474.726,11472.565,11478.973,11448.568,11413.457,11451.241
9093.534,9124.203,9341.876,9294.838,9207.263,9245.014,9246.92,9229.764,9366.644,9368.654,9456.656,9346.412,9409.413,9484.135
4451.4746,4407.1655,4420.1357,4361.47,4375.0356,4362.915,4364.0425,4365.782,4392.137,4334.697,4300.018,4261.956,4262.1973,4319.998
11980.331,11955.695,11965.06,11971.796,11972.429,11957.618,11972.047,11963.065,11967.634,11963.485,11982.315,11987.32,11992.68,12000.888
11534.85,11513.232,11526.409,11532.967,11531.099,11512.79,11527.414,11518.482,11524.552,11519.684,11538.694,11541.935,11548.1455,11555.611
12261.804,12267.057,12274.839,12254.941,12225.499,12217.849,12193.907,12171.249,12197.283,12171.453,12151.816,12163.936,12149.528,12167.734
12384.647,12350.199,12364.122,12337.494,12307.268,12301.835,12317.143,12328.514,12344.632,12350.839,12351.11,12350.995,12363.103,12364.438
13813.15,13765.95,13774.31,13746.903,13712.577,13712.017,13732.02,13745.643,13760.611,13771.494,13771.534,13767.461,13775.299,13779.771
4471.077,4430.3633,4431.372,4436.812,4440.664,4425.263,4419.009,4423.7295,4408.4614,4401.568,4395.278,4399.398,4415.0625,4449.9653
13688.8545,13680.717,13674.821,13649.658,13622.977,13605.263,13584.438,13556.518,13579.885,13545.863,13540.368,13537.984,13537.113,13555.851
12907.656,12872.193,12886.911,12858.752,12826.981,12820.898,12836.678,12848.468,12865.838,12872.663,12872.735,12872.7,12886.16,12887.091
7526.5054,7584.5234,7534.584,7587.782,7626.891,7631.5244,7635.3955,7601.6465,7807.5674,7760.325,7786.6196,7800.2705,7806.151,7970.2954
12720.88,12745.308,12686.121,12848.452,12735.507,12762.661,12779.684,12908.238,13076.08,13082.701,12964.246,13028.844,12872.7,13111.082
7781.7334,7834.3525,7853.4097,7785.7456,7800.643,7759.4233,7800.8315,7884.8604,7998.2085,7926.0513,7925.336,7850.538,7912.309,7910.0557
17994.896,17982.287,17900.504,17791.023,17733.5,17883.01,17731.154,17655.766,17509.72,17525.096,17511.691,17532.295,17494.162,17674.387
10073.819,10010.831,10009.337,9944.515,9899.052,9908.371,9854.469,9900.129,9821.023,9855.897,9882.766,9823.508,9900.75,10085.684
10902.774,10836.876,10888.465,10878.842,10908.178,10891.078,10867.249,10927.466,10856.288,10926.361,10985.806,10992.895,11023.844,11153.6875
11594.779,11586.475,11579.742,11564.426,11555.43,11555.703,11595.681,11649.912,11647.905,11597.058,11562.759,11525.638,11575.968,11591.976
19046.37,19006.953,19073.602,19073.46,18951.703,18957.072,19029.156,19011.842,19053.592,19049.254,19078.371,18998.514,18994.803,19241.586
3865.0913,3911.1829,3916.9841,3819.9785,3855.794,3884.209,3899.94,3911.0298,3987.1409,3954.3408,3957.188,3864.2424,3930.6665,3931.5469
1124.0475,1112.5165,1113.0173,1111.6,1107.7294,1103.9569,1104.4083,1117.2705,1123.9987,1116.4987,1108.5083,1102.2249,1101.771,1104.4425
10672.055,10605.817,10621.467,10576.309,10526.509,10524.094,10512.861,10616.342,10657.111,10591.783,10553.488,10503.124,10498.634,10556.867
2181.277,2186.2112,2173.7605,2187.2488,2179.909,2179.657,2189.2434,2202.0117,2189.0981,2186.5466,2186.7446,2179.1038,2169.4421,2203.3435
20759.889,20720.242,20672.023,20735.209,20849.746,20800.824,20961.186,21115.412,21156.01,21009.912,21044.295,20978.984,20889.514,20993.58
3945.36,3931.654,3957.5415,3929.3137,3907.8726,3929.5603,3936.977,3910.8074,3923.5964,3929.2356,3919.441,3908.3916,3910.2397,3915.0728
4825.523,4846.643,4801.241,4844.8936,4842.3105,4902.582,4877.8667,4880.284,4892.403,4882.7544,4882.0854,4941.2266,4944.1084,5001.9033
2319.4114,2324.4631,2300.1438,2304.776,2314.3276,2322.9844,2314.9265,2312.557,2287.739,2286.3057,2294.5757,2297.045,2277.6545,2313.3438
1292.7992,1301.2579,1310.0707,1319.2054,1319.605,1345.5057,1359.3762,1379.7739,1360.9629,1343.6832,1359.6289,1337.5809,1339.1212,1343.8217
1182.6309,1182.945,1187.9128,1204.6858,1203.3298,1220.7734,1234.9286,1272.4016,1261.3285,1241.5383,1266.8604,1225.6256,1218.8127,1222.6869
13766.178,13802.243,13797.027,13820.749,13801.469,13835.756,13814.731,13838.759,13820.51,13796.464,13758.802,13755.9795,13757.861,13810.613
1701.9835,1699.552,1702.4878,1692.2032,1688.7513,1689.0519,1695.798,1696.7501,1704.8114,1707.16,1703.6201,1699.5557,1712.2015,1713.4915
3012.844,2989.5303,2966.4465,2984.4265,2988.3228,2990.226,3028.5068,3042.5623,2985.3982,3006.0276,3013.6858,2969.2327,2975.0166,2996.1
1045.2823,1070.0171,1102.1659,1106.48,1104.324,1110.3298,1106.5203,1104.247,1156.0303,1167.0944,1200.3981,1177.5481,1179.1715,1174.7853
2762.3853,2752.0852,2769.1309,2777.0178,2783.912,2754.7249,2740.0476,2735.08,2741.806,2739.5295,2754.698,2743.4775,2752.9302,2756.5144
12346.483,12257.147,12221.68,12275.759,12185.201,12237.963,12345.826,12517.567,12354.462,12350.989,12415.061,12175.16,12207.731,12288.666
11020.151,11027.639,10998.233,11018.351,11001.679,11078.587,11182.105,11237.626,11057.728,11057.003,11032.0,10922.001,10976.056,11087.899
11609.132,11536.949,11457.322,11495.584,11491.273,11554.69,11693.56,11750.626,11512.089,11565.616,11563.725,11389.789,11436.941,11539.781
10305.524,10244.891,10158.581,10206.27,10198.692,10254.908,10370.814,10428.407,10217.314,10267.185,10269.076,10094.6455,10130.716,10229.076
15780.783,15724.286,15763.909,15768.47,15749.342,15682.741,15677.571,15714.663,15779.908,15741.272,15678.202,15631.425,15624.398,15686.065
14660.183,14607.696,14644.485,14648.757,14630.965,14569.096,14564.28,14598.758,14659.355,14623.48,14564.868,14521.447,14514.906,14572.1875
22978.096,22990.389,23009.645,23045.393,23025.361,23042.729,23091.04,23056.64,22966.04,22947.86,22948.621,22961.129,22970.527,23071.62
3280.8745,3260.3142,3240.755,3220.291,3235.9148,3246.5576,3284.9028,3280.8516,3325.1763,3341.579,3333.4487,3291.4724,3295.0828,3291.2544
14627.437,14664.253,14616.383,14543.744,14541.078,14631.398,14568.423,14566.294,14497.116,14428.337,14451.169,14480.302,14452.716,14619.899
6009.2676,6075.591,6161.2715,6281.4927,6177.397,6119.9727,6077.96,5938.5225,6056.687,6126.1943,6132.6724,6166.376,6206.93,6117.0713
11199.071,11210.555,11200.07,11263.47,11237.162,11264.987,11327.371,11335.249,11332.345,11360.141,11345.179,11348.66,11329.989,11480.414
12269.682,12264.195,12275.893,12249.151,12187.212,12249.774,12244.521,12335.677,12397.6045,12328.116,12306.641,12312.807,12229.579,12362.176
3530.5674,3552.8735,3594.8977,3635.146,3625.0515,3652.8481,3736.7676,3821.2068,3894.9634,3863.7644,3845.4165,3776.6575,3784.0383,3659.3171
7667.658,7668.9746,7734.447,7756.6855,7765.9995,7764.9785,7832.57,7877.048,7833.579,7842.9844,7885.1045,7827.7227,7835.788,7858.566
7477.81,7454.9863,7500.8867,7555.211,7596.427,7573.8833,7665.695,7753.6274,7709.9546,7706.791,7814.718,7764.9644,7752.6377,7748.764
8210.337,8186.31,8249.785,8301.079,8356.912,8335.958,8442.29,8525.384,8474.102,8463.016,8573.982,8530.569,8522.578,8521.501
6133.9946,6109.247,6159.6226,6206.787,6236.8296,6239.5674,6291.057,6315.6484,6228.2134,6252.668,6303.175,6249.3877,6254.1953,6273.574
7845.1743,7823.302,7862.1313,7923.8135,7950.371,7955.473,8044.01,8129.203,8074.041,8059.5557,8128.4937,8067.299,8069.8,8070.539
7257.7266,7273.056,7248.815,7245.603,7307.361,7356.1514,7376.7334,7373.6025,7355.019,7311.123,7350.2227,7306.4316,7331.718,7357.614
1109.2605,1109.1353,1125.1735,1114.5778,1113.7399,1126.9038,1127.2181,1128.9017,1123.1394,1123.4601,1115.0509,1105.6774,1118.2354,1118.0905
10405.896,10381.746,10530.313,10475.976,10459.002,10603.476,10613.227,10675.257,10551.36,10529.35,10526.716,10449.774,10539.34,10571.113
10801.691,10798.744,10936.741,10893.278,10918.576,10943.976,10935.324,10916.513,10886.884,10895.468,10849.724,10774.451,10853.652,10878.73
10200.588,10197.767,10328.776,10287.586,10311.564,10335.522,10327.335,10309.551,10281.569,10289.712,10246.932,10175.857,10250.831,10274.166
12818.493,12872.992,12923.972,12986.231,12964.106,12982.244,13018.21,13023.582,12962.985,12936.164,13060.346,13026.128,13032.167,13140.879
14846.991,14882.139,14942.473,14996.364,15000.404,14992.018,15039.643,15042.524,15000.6,14972.137,15077.727,15054.147,15079.646,15159.506
2333.482,2201.5205,3971.1672,4753.8047,4637.171,3591.641,3991.6956,4156.6284,4255.3076,5131.45,5839.158,4952.448,5123.934,4638.709
20468.95,20420.658,20337.178,20161.438,20303.805,20465.213,20632.95,20566.365,20607.713,20374.367,20224.748,20211.582,20480.012,20662.262
20609.354,20561.44,20478.6,20303.79,20445.057,20604.34,20773.434,20705.754,20746.506,20515.844,20368.805,20356.668,20625.63,20806.375
20176.908,20103.006,20123.602,20079.885,20293.627,20428.03,20501.986,20358.887,20367.467,20149.865,20157.332,20158.273,20267.156,20402.389
2930.155,2910.5396,2902.061,2876.1467,2852.1096,2845.465,2849.0293,2883.1191,2895.2913,2889.3997,2876.1216,2871.2378,2862.7341,2863.0251
861.68335,861.6588,871.8365,872.62756,874.849,878.4461,879.8746,888.6664,889.3661,882.13513,890.6831,891.0392,885.4103,883.035
4132.0474,4140.8687,4162.3486,4142.3438,4128.843,4171.9717,4175.2324,4241.957,4247.4395,4233.906,4329.933,4266.941,4241.9756,4216.6924
1644.7811,1646.2351,1661.4048,1652.3427,1655.3129,1656.1559,1646.5388,1642.9619,1647.9098,1645.0145,1648.7253,1637.8854,1644.3718,1649.9213
11502.426,11459.829,11456.371,11376.156,11404.241,11422.919,11393.0,11382.835,11436.616,11447.236,11459.933,11451.984,11488.179,11524.737
4200.821,4193.106,4195.984,4161.7783,4167.7783,4173.597,4173.8706,4181.221,4209.31,4200.9126,4196.794,4193.1763,4207.876,4224.6763
11535.147,11498.67,11540.736,11456.144,11485.544,11427.643,11349.252,11309.406,11368.246,11375.876,11443.916,11410.383,11440.238,11489.958
1336.7837,1333.2662,1331.2565,1328.8373,1330.8678,1333.3185,1340.2904,1339.8645,1344.159,1342.103,1339.7394,1336.4485,1336.603,1337.5997
13529.088,13556.902,13604.0,13615.237,13647.659,13670.218,13681.489,13662.306,13707.807,13689.617,13686.198,13682.332,13715.997,13749.446
7214.3394,7044.9653,7252.937,7195.8584,7296.0435,7370.8447,7588.205,7704.4023,7931.638,7795.8657,7768.0527,7755.935,7985.11,7731.227
9197.264,8980.984,9238.733,9144.585,9274.694,9367.34,9622.174,9769.343,10050.593,9871.909,9792.487,9778.168,10051.442,9731.272
20032.1,20000.988,19957.055,19913.977,19936.826,19960.883,19975.648,20045.832,20100.322,20037.066,20001.344,19945.973,19989.617,20008.107
1289.961,1290.1995,1301.153,1301.5974,1308.7662,1309.7506,1309.8214,1321.0536,1314.3336,1308.4862,1314.4172,1311.2578,1317.5597,1325.8335
15933.451,15931.053,15952.682,15842.719,15874.158,15925.563,16034.291,16114.532,16219.84,16095.629,16083.412,16006.458,15961.38,15937.397
16770.479,16767.967,16790.766,16675.008,16708.088,16762.223,16876.633,16961.096,17071.943,16941.23,16928.379,16847.387,16799.922,16774.668
9817.148,9740.052,9722.566,9602.985,9623.146,9627.528,9532.888,9534.719,9579.111,9597.018,9627.938,9628.503,9662.112,9744.862
9933.904,9844.643,9830.089,9741.648,9744.34,9771.896,9749.814,9769.299,9805.56,9807.801,9802.444,9803.207,9831.197,9902.726
1163.7953,1157.9548,1162.4264,1154.3678,1159.7925,1164.0817,1157.5459,1153.7943,1163.7335,1164.8177,1165.2584,1166.2803,1171.078,1179.5826
1730.7795,1731.5566,1724.378,1723.5247,1729.6796,1733.4639,1727.2358,1723.7181,1733.206,1735.0814,1725.9584,1729.5209,1731.4393,1751.2991
1767.0063,1765.3732,1759.8898,1762.5095,1766.6915,1771.7249,1768.8102,1766.3932,1762.7743,1764.9746,1765.2272,1766.3998,1756.808,1765.7136
11479.932,11477.4795,11431.196,11385.238,11384.376,11546.016,11523.336,11451.822,11307.976,11307.649,11345.878,11167.321,11215.958,11339.814
16209.308,16196.9375,16213.889,16231.458,16259.533,16273.321,16327.68,16315.761,16285.21,16181.627,16214.553,16202.258,16237.066,16339.622
7235.3354,7219.936,7288.8794,7285.166,7370.0454,7408.2407,7475.9077,7548.0317,7461.304,7407.68,7453.873,7343.6973,7393.312,7459.1953
755.83044,758.1785,763.8203,760.393,764.61426,771.6157,774.97784,785.16614,789.6104,782.72705,787.55505,784.3954,783.77295,779.04944
817.96277,821.1713,824.7999,829.0895,835.0565,839.843,840.1576,844.58154,844.8756,840.5095,854.4105,848.5048,846.7471,840.31244
787.79877,788.6332,796.2782,795.9888,803.0076,808.832,810.41974,816.2983,820.3254,815.2207,822.927,819.81537,819.9826,812.24854
11246.166,11250.194,11239.415,11243.563,11237.684,11234.25,11231.528,11232.871,11240.039,11233.197,11232.714,11222.373,11227.497,11238.346
4285.2246,4269.0127,4258.7124,4233.7583,4229.442,4237.5903,4264.139,4283.3853,4278.4893,4264.0723,4275.2485,4271.4106,4276.127,4307.18
4440.952,4453.244,4423.306,4459.726,4465.005,4489.6025,4476.569,4500.9004,4501.37,4437.3696,4430.8433,4493.2393,4455.2817,4476.499
10379.914,10379.191,10336.283,10315.13,10312.126,10295.795,10297.257,10326.09,10316.908,10290.334,10298.539,10285.262,10290.298,10319.54
11157.404,11164.0,11153.257,11158.602,11149.244,11148.071,11146.451,11147.269,11159.4,11154.392,11149.403,11135.967,11145.314,11155.017
10444.935,10456.195,10410.667,10409.376,10399.043,10410.099,10388.459,10402.413,10407.731,10380.45,10374.836,10375.511,10360.341,10413.063
11735.68,11770.914,11789.198,11781.051,11735.004,11747.452,11764.369,11739.761,11734.867,11696.162,11687.313,11692.669,11753.146,11816.416
2438.2585,2400.6465,2412.4631,2394.6604,2381.4373,2378.483,2375.6013,2405.606,2421.2979,2415.5413,2408.1182,2381.6328,2367.032,2348.714
11178.958,11198.288,11172.876,11144.915,11107.222,11114.458,11114.671,11076.829,11060.901,11020.755,11014.969,11016.356,11079.789,11148.097
1692.8949,1695.2456,1712.9264,1708.443,1712.5947,1708.2031,1698.186,1692.5118,1697.1621,1696.9904,1707.6907,1702.8546,1705.5969,1711.9215
13048.274,13048.409,13019.711,13034.67,13035.066,13038.642,13034.564,13035.605,13047.543,13036.961,13033.459,13021.514,13014.449,13032.647
13812.978,13876.235,13838.75,13920.379,13876.102,13901.019,13915.188,13943.883,13966.887,13894.535,13895.1045,13882.146,13882.819,13942.474
12085.184,12136.464,12108.464,12178.406,12138.746,12158.667,12175.311,12201.623,12220.793,12158.034,12160.897,12152.39,12150.939,12198.9
9075.418,9087.879,9057.466,9056.992,9075.267,9094.134,9114.944,9093.861,9093.282,9040.502,9044.654,9048.945,9081.341,9121.846
5924.251,5921.5874,5992.536,6025.0083,6068.2124,6093.5166,6092.4287,6019.638,6086.4116,6033.3794,6103.7275,6103.042,6098.1973,6103.525
5522.9653,5523.1294,5521.2246,5504.6904,5506.4106,5516.5684,5540.0186,5562.304,5553.583,5525.211,5517.7354,5505.794,5504.302,5517.316
6294.1504,6258.778,6212.3594,6202.3276,6222.352,6222.3286,6176.4604,6149.607,6120.2715,6142.441,6127.785,6123.996,6126.2285,6121.8516
2367.0322,2370.0542,2381.251,2373.0999,2384.5295,2391.2683,2399.2603,2389.8848,2371.9924,2372.8645,2369.459,2355.891,2374.0046,2386.8623
13270.215,13113.097,13073.995,12955.492,12970.135,12983.971,12988.546,13034.278,13049.586,12932.372,12878.467,12702.0625,12746.433,12985.173
1318.3662,1314.8795,1314.944,1312.6277,1314.8224,1310.6095,1302.6398,1305.8213,1312.6697,1312.2886,1315.0237,1314.8666,1308.5789,1305.4476
9455.366,9476.773,9446.819,9373.09,9384.785,9415.536,9403.552,9371.456,9467.399,9434.781,9398.22,9410.605,9490.696,9509.178
8931.689,8865.749,8905.034,9005.203,9063.929,8967.261,9017.875,9137.372,9056.767,9090.458,9205.746,9091.98,9158.21,9164.402
526.5494,518.48663,515.6765,515.16943,517.09375,516.2887,511.34015,510.75522,510.73834,508.59326,502.3169,498.89526,500.22498,514.0255
14105.994,14043.734,14091.758,14119.486,14225.554,14245.491,14322.517,14283.777,14282.658,14190.122,14176.574,14132.678,14203.801,14203.414
14672.674,14644.36,14498.202,14518.237,14472.074,14398.355,14451.849,14510.873,14412.05,14465.939,14571.806,14557.793,14501.73,14525.377
2828.6758,2821.8855,2806.1804,2804.2832,2795.2158,2796.0842,2796.6562,2798.273,2808.9185,2814.2651,2804.0063,2798.6548,2795.9666,2811.679
11394.148,11439.878,11538.505,11571.469,11620.079,11631.944,11637.982,11621.979,11627.988,11629.77,11625.025,11609.238,11610.608,11634.045
774.28186,774.1554,768.23627,776.84125,775.97845,776.0077,784.84125,788.10626,789.94336,792.57947,791.6778,788.0141,793.71014,792.66895
8512.967,8472.861,8433.208,8416.683,8447.865,8444.712,8503.272,8505.4375,8527.616,8456.282,8433.131,8355.488,8379.28,8408.069
1126.7975,1131.9689,1149.325,1158.8389,1156.979,1164.731,1164.8741,1175.1312,1169.4423,1164.3726,1170.346,1164.0962,1163.5051,1164.1718
4009.661,4032.128,4055.267,4069.2317,4083.9631,4078.1858,4067.973,4049.3687,4044.2715,4036.2058,4025.9507,4021.254,4028.6704,4047.8623
2669.1116,2696.0022,2746.72,2740.6912,2724.4873,2779.325,2743.4155,2739.7932,2736.7188,2706.9055,2687.064,2679.9158,2719.6548,2758.5396
2673.6692,2694.4268,2667.2578,2673.2515,2665.2197,2675.0215,2709.5137,2697.5293,2800.559,2777.0134,2769.121,2774.9697,2813.8225,2857.9282
947.3246,934.7074,938.9188,945.54065,951.87164,955.3757,952.72504,953.37976,936.5009,951.13477,963.4934,922.73206,919.12805,926.6481
2449.8298,2452.752,2473.9277,2491.338,2490.2454,2514.509,2574.8813,2611.303,2604.7627,2602.709,2606.9397,2560.182,2533.9216,2506.3032
3306.908,3255.029,3257.6216,3232.4707,3217.955,3219.2273,3197.8787,3176.4614,3193.692,3213.552,3247.4133,3241.2556,3230.0928,3241.1982
8281.429,8070.6367,8052.1846,8086.408,8019.815,7955.0107,7954.2754,7949.9883,7949.3906,7902.257,8028.6924,7919.6294,7831.1255,7928.63
7931.87,7979.8896,7972.568,8158.7935,8118.731,8094.357,8105.3657,8125.345,8338.016,8351.791,8380.279,8429.812,8283.703,8434.998
1257.544,1253.4033,1286.6206,1200.237,1218.0743,1235.6372,1220.7228,1260.8071,1248.4744,1239.0651,1307.8481,1207.4943,1199.0776,1199.1396
4302.6865,4282.936,4312.2056,4296.5317,4313.457,4335.5195,4373.1953,4356.5054,4408.4907,4425.911,4444.0874,4397.274,4368.005,4359.616
13490.38,13516.66,13589.338,13606.37,13625.266,13638.5,13627.107,13630.678,13632.948,13618.685,13598.082,13598.205,13606.026,13635.196
11629.283,11649.472,11714.714,11733.793,11755.667,11768.125,11764.603,11774.728,11774.282,11757.21,11736.574,11737.259,11744.196,11765.756
14248.744,14222.884,14186.468,14208.784,14226.623,14254.67,14240.824,14248.714,14281.914,14251.433,14180.072,14143.872,14118.297,14121.742
14799.427,14806.133,14769.919,14822.931,14878.456,14932.836,14919.835,14914.282,14918.892,14896.656,14809.68,14767.4,14737.581,14766.166
14616.6,14673.694,14754.007,14809.592,14851.334,14826.959,14750.901,14707.078,14707.861,14670.326,14669.53,14682.024,14692.947,14723.547
931.8248,924.08795,927.69476,927.3197,926.5102,927.2812,925.00665,927.86334,929.4424,929.1084,931.7174,934.56805,934.66534,933.82526
10179.756,10010.714,10025.143,9898.198,9802.84,9762.193,9776.41,9976.17,9996.3955,9825.743,9715.509,9674.504,9641.409,9813.639
1260.144,1265.1705,1272.6371,1277.7507,1282.0717,1280.2974,1274.3816,1270.7607,1270.3212,1266.2098,1265.9331,1267.003,1268.6422,1271.3773
1320.161,1346.698,1393.1465,1387.5684,1342.9912,1356.5879,1343.8348,1346.303,1322.4186,1354.5219,1375.8494,1357.9559,1340.1442,1358.6323
14461.144,14400.631,14376.674,14420.509,14490.085,14504.426,14530.677,14536.446,14659.504,14518.361,14411.823,14306.922,14454.215,14610.249
1354.2883,1348.322,1348.8357,1351.2186,1356.2043,1354.5194,1356.7229,1359.3623,1373.4894,1359.5625,1351.9174,1338.9767,1350.791,1365.9138
1435.2766,1426.7266,1422.6373,1427.5896,1430.9598,1424.1617,1418.5933,1418.3673,1424.7504,1417.4514,1415.8915,1409.9094,1413.9011,1424.523
869.3734,863.9864,857.8361,854.1775,850.9441,848.60614,850.62555,852.96423,849.6514,848.71814,845.5243,842.6056,852.4888,856.1505
11675.369,11637.481,11621.178,11671.389,11629.884,11613.617,11625.527,11643.204,11679.078,11640.32,11614.651,11578.3955,11590.885,11643.294
3946.8015,3918.8977,3909.291,3899.342,3880.9321,3871.946,3854.0334,3874.6055,3874.2288,3849.3362,3840.717,3838.6296,3872.614,3907.026
1185.4021,1177.983,1173.6967,1167.613,1164.5228,1164.0612,1170.8821,1178.2196,1177.1288,1171.0963,1162.6068,1159.5558,1160.0667,1163.0525
1644.1763,1637.0142,1629.6708,1632.6636,1640.5375,1639.8699,1639.07,1642.5453,1648.8694,1634.9423,1632.0886,1625.6476,1634.788,1646.102
14092.523,14029.768,13990.083,14009.206,13988.267,13977.974,13928.387,13924.594,13871.308,13821.435,13859.658,13858.926,13895.133,13984.491
1554.7372,1556.6959,1551.305,1573.603,1570.8628,1564.3496,1582.3224,1578.1018,1605.0013,1602.1074,1604.9668,1601.8147,1615.6508,1631.2855
15130.154,15163.367,15106.28,15258.6,15320.593,15210.925,15395.248,15295.758,15652.3,15599.032,15670.974,15512.988,15755.327,15920.371
13115.719,13064.877,13080.696,13081.902,13077.233,13090.747,13141.007,13179.092,13213.351,13194.019,13167.75,13219.699,13302.141,13324.542
11888.419,11835.394,11839.929,11765.707,11819.894,11804.895,11759.662,11767.29,11788.517,11768.099,11737.944,11704.683,11747.23,11797.643
3309.554,3260.3955,3279.316,3264.0757,3255.3765,3241.2517,3221.6023,3206.217,3204.8623,3196.5273,3173.6272,3139.6572,3130.946,3161.5435
8971.844,8939.975,8910.627,8855.533,8913.314,9021.08,8994.246,8898.4375,8892.98,8899.206,8860.03,8880.137,8928.954,8941.842
678.7738,677.77844,676.70374,670.9006,673.4791,678.9834,686.7489,687.60205,691.8678,676.80615,681.06805,678.2782,683.8464,689.03107
751.8908,736.6358,726.72107,721.76,715.8503,714.35876,711.7419,717.70374,719.1522,716.65393,720.6655,722.15424,722.6226,725.2882
843.6161,848.92773,849.5644,846.2403,842.3248,845.2853,843.40326,840.83417,840.37164,839.4988,844.775,842.8223,837.27625,848.29584
4244.341,4194.1045,4205.0815,4199.78,4194.113,4175.522,4179.797,4186.243,4216.5156,4199.783,4188.452,4191.0537,4203.471,4221.0464
761.35077,758.1415,753.76624,749.0506,750.4498,757.91547,757.12305,756.6218,757.6514,755.3634,756.9032,756.9536,759.063,759.3733
717.41833,716.6011,716.6118,712.5476,710.00183,708.77496,712.233,717.32465,718.9203,716.5899,714.37,715.6286,714.95636,713.772
639.7661,638.0879,635.06714,629.8884,626.5395,624.03625,625.8591,629.52454,629.96075,627.55273,629.9262,629.34283,625.9162,629.44
942.84174,939.0022,935.41425,926.28046,916.1828,914.063,911.32135,921.68024,920.95715,914.9224,913.8361,912.63824,909.0086,916.97504
906.7736,906.9933,901.76996,895.58545,890.7988,890.3122,888.45636,893.5312,892.26984,890.3902,890.0078,888.36755,883.0185,888.7901
889.4755,889.6952,884.56744,878.50183,873.8032,873.3262,871.5055,876.48834,875.2494,873.403,873.02734,871.4206,866.1726,871.8382
9828.851,9718.643,9804.221,9701.506,9660.673,9686.743,9637.412,9641.7,9663.643,9602.267,9582.86,9524.728,9563.021,9651.6875
11323.5,11325.493,11350.145,11344.948,11345.634,11343.052,11339.105,11342.097,11348.701,11341.004,11362.545,11340.734,11327.33,11317.819
1884.5865,1880.3116,1909.3717,1882.3702,1855.5242,1849.2075,1817.1458,1823.5763,1858.014,1839.4327,1855.0463,1825.5807,1811.5161,1875.9473
10587.159,10501.819,10511.772,10440.391,10375.331,10370.568,10344.233,10393.618,10414.218,10375.397,10371.056,10363.281,10378.324,10400.348
812.8646,802.12524,805.5734,801.1481,808.10236,806.8708,811.4757,817.195,815.24365,814.4942,817.0777,802.5862,808.89746,811.4356
2821.173,2813.0317,2859.001,2820.11,2790.1284,2775.2314,2721.623,2727.9739,2782.407,2760.322,2781.5898,2731.5098,2709.2976,2800.862
847.71533,846.0603,844.7619,837.9528,828.6477,832.4761,832.50775,836.85443,837.6004,837.3148,839.2286,840.73615,836.1907,834.0668
1553.9,1550.0955,1553.5939,1550.5226,1553.0933,1557.6232,1557.4963,1554.252,1554.787,1559.2661,1557.703,1558.5726,1567.0383,1573.6377
9408.642,9378.116,9391.183,9342.849,9319.625,9329.435,9342.387,9334.646,9310.092,9311.996,9336.509,9302.86,9299.735,9342.444
1462.9745,1459.452,1456.585,1452.6803,1445.4789,1448.4132,1447.4232,1451.2139,1452.5477,1452.6821,1449.4484,1449.7964,1451.3405,1457.98
1372.9581,1369.0721,1363.8551,1359.4185,1350.0598,1353.303,1352.102,1359.504,1360.8854,1361.3484,1356.5695,1356.1996,1357.0488,1363.3346
1468.3535,1462.6069,1448.2786,1442.9957,1431.271,1437.3392,1438.9009,1450.7781,1452.6556,1452.1104,1446.0382,1445.5643,1446.8925,1454.098
1879.0697,1875.6825,1881.3182,1881.2545,1884.3334,1894.6411,1897.1416,1876.565,1893.2649,1904.4491,1900.3612,1890.0411,1898.6537,1927.7399
2812.8132,2792.4639,2771.2097,2763.0962,2764.0352,2770.9092,2780.151,2791.7588,2790.825,2782.543,2777.7722,2781.0818,2779.3625,2786.2083
8349.97,8324.475,8312.147,8271.826,8251.952,8267.658,8271.592,8278.613,8305.108,8296.559,8299.992,8290.326,8299.715,8322.668
3754.205,3799.319,3799.7517,3796.4014,3790.3943,3830.4,3849.5251,3823.0193,3884.8298,3871.8662,3875.012,3867.645,3887.9067,3963.098
1689.6588,1684.8964,1678.1954,1676.4358,1673.136,1676.2946,1681.8015,1684.4067,1688.1825,1682.1356,1679.9072,1678.7981,1674.6167,1686.4105
10568.599,10502.764,10467.37,10437.164,10415.92,10425.774,10374.149,10390.269,10372.467,10357.121,10347.163,10314.972,10297.713,10406.7705
1561.3861,1561.516,1558.9401,1560.2332,1556.9446,1557.4786,1559.5466,1554.8712,1561.4413,1560.1244,1552.095,1549.2266,1551.9897,1557.4144
3864.5352,3843.2783,3867.9546,3886.9412,3876.9714,3870.2249,3878.4795,3868.604,3888.755,3874.9045,3854.3599,3841.0757,3834.2083,3860.857
1407.854,1410.1473,1401.5033,1403.0981,1398.0707,1404.5729,1406.1952,1413.0051,1415.0426,1406.7743,1399.0303,1405.8198,1406.8396,1421.6626
1391.6763,1391.5162,1394.6581,1397.2478,1400.2919,1397.7352,1396.3043,1393.3704,1395.5717,1393.7177,1395.3397,1397.3899,1399.0527,1402.3237
10965.438,10949.507,11007.31,11024.459,11042.218,10999.573,10999.063,10971.706,10955.894,10935.828,10966.138,10941.89,10976.5,11007.365
13813.688,13762.898,13737.021,13815.64,13783.673,13737.256,13742.3,13797.75,13845.673,13773.038,13721.964,13696.39,13719.558,13769.363
13681.79,13543.855,13477.402,13403.257,13309.058,13339.658,13307.225,13349.878,13293.265,13205.34,13125.031,13158.762,13218.293,13241.76
12956.207,12928.88,12906.332,12901.19,12902.803,12888.413,12903.755,12901.882,12928.449,12894.489,12909.879,12933.646,12965.68,12974.519
12700.825,12592.4,12535.179,12550.067,12578.064,12562.036,12595.686,12639.543,12687.17,12585.554,12512.208,12507.759,12568.301,12593.54
1495.4674,1495.8215,1492.6334,1495.1843,1491.5487,1491.8518,1492.4292,1487.773,1494.8835,1493.449,1488.367,1484.151,1488.1035,1490.987
4747.4346,4772.9536,4752.609,4788.6855,4789.01,4818.6514,4826.1704,4815.7773,4883.0625,4864.4746,4865.9937,4899.43,4906.582,4996.6304
9984.456,9960.983,9978.655,10016.604,10005.174,9910.251,9911.194,9984.8545,10044.92,10004.411,10004.189,9939.857,9932.295,9873.494
943.84894,940.0032,941.0842,940.04694,934.57294,940.3344,943.86115,939.78296,945.02216,949.0128,945.9312,947.0542,949.50867,950.25
12755.746,12741.743,12717.593,12605.778,12584.247,12647.946,12630.893,12590.201,12671.769,12636.254,12532.262,12498.59,12519.288,12528.177
11040.408,11027.301,11027.175,10961.607,10983.789,11045.213,11028.422,10964.397,10999.83,10985.139,10901.951,10790.098,10842.552,10943.564
2291.7544,2276.6802,2299.4136,2279.4983,2269.2798,2254.1128,2240.3838,2249.16,2290.0845,2271.6812,2274.9001,2268.1284,2251.8005,2264.9934
10291.817,10260.71,10297.052,10249.601,10305.123,10308.007,10291.432,10288.976,10390.053,10329.623,10227.622,10133.495,10167.731,10337.322
8064.239,7945.162,7914.7065,7737.0713,7775.7397,8066.38,7925.717,7690.0845,7671.8516,7686.2114,7938.476,8038.5264,7968.8213,7998.4053
7201.2476,7206.725,7207.748,7248.008,7215.422,7203.784,7262.8115,7223.6187,7250.2036,7222.189,7233.556,7213.3286,7229.192,7254.678
8866.58,8940.159,8889.267,8975.358,8973.63,9028.687,9055.229,9036.851,9015.417,9004.723,9005.292,8972.556,8938.726,8988.313
8801.668,8837.113,8792.566,8778.637,8757.23,8796.342,8804.23,8811.095,8812.1875,8813.975,8784.86,8784.362,8788.813,8826.207
9546.9375,9557.463,9516.955,9562.951,9563.978,9543.688,9501.072,9455.122,9403.132,9448.475,9484.512,9481.534,9469.425,9508.506
16759.234,16560.387,16547.266,16436.064,16471.484,16428.793,16347.433,16357.751,16371.67,16268.943,16128.321,15926.568,15992.317,16281.994
11878.313,11876.396,11881.7295,11801.747,11828.861,11809.876,11794.29,11802.349,11857.501,11796.676,11759.738,11663.335,11684.558,11814.679
3732.4695,3732.1016,3724.8271,3752.6719,3766.9084,3787.2869,3788.215,3782.4062,3816.89,3833.0845,3810.2869,3826.3577,3840.2048,3896.4866
17763.346,17682.52,17728.49,17852.6,17803.535,17826.738,17776.768,17760.564,17905.068,17855.783,17808.863,17870.98,17740.33,17785.188
13738.295,13675.2705,13548.002,13515.034,13370.189,13450.246,13456.978,13608.407,13635.975,13599.129,13521.811,13511.629,13462.114,13552.175
9350.131,9289.832,9345.244,9300.779,9343.024,9347.557,9319.231,9268.174,9298.945,9281.621,9295.21,9221.525,9217.117,9265.236
1489.7096,1486.1423,1487.9541,1493.7854,1494.5529,1490.0161,1490.5288,1491.2317,1491.6547,1486.59,1491.7992,1494.4161,1493.123,1494.1515
1315.2808,1311.4161,1318.2703,1320.1897,1322.3552,1320.7622,1323.7727,1321.6484,1322.9531,1319.3708,1322.0419,1325.1665,1325.1681,1325.2167
11016.846,10995.281,11060.84,11089.502,11076.061,11065.6875,11101.988,11093.318,11095.887,11081.874,11099.998,11134.365,11146.0,11141.978
1455.9729,1450.3582,1447.319,1446.3817,1445.3237,1444.8849,1453.8131,1461.3606,1463.2373,1458.4216,1457.4474,1459.3666,1458.3676,1459.7848
2547.4053,2489.8774,2547.9385,2537.5808,2552.3167,2564.516,2631.4104,2658.7483,2698.438,2667.9124,2656.2156,2652.165,2713.3147,2656.4783
12848.241,12867.399,12935.852,12972.388,12956.283,12906.604,12904.249,12889.312,12910.749,12890.193,12940.637,12950.558,12969.614,12993.067
17685.842,17729.373,17773.885,17871.7,17904.78,17863.387,17914.768,17946.797,18058.979,17948.002,18096.896,18063.248,18027.596,18134.986
16132.363,16138.498,16161.166,16269.102,16284.709,16298.668,16280.347,16295.691,16392.525,16317.851,16433.604,16450.926,16351.954,16378.664
12747.084,12771.512,12836.51,12942.682,12948.688,12988.617,12957.836,12963.606,13029.502,12967.709,13070.227,13071.691,12973.193,13015.62
12510.935,12485.114,12428.472,12427.853,12420.854,12456.053,12476.008,12470.145,12486.843,12485.359,12466.653,12460.69,12445.206,12464.365
14498.936,14490.526,14443.224,14446.661,14425.476,14409.333,14391.252,14387.397,14387.196,14383.749,14394.241,14385.082,14372.307,14420.606
20539.008,20619.121,20674.785,20629.186,20644.787,20900.574,20761.691,20521.389,20895.877,20796.057,21094.094,21295.943,21200.453,21670.377
14154.525,14230.875,14166.057,14080.747,14126.676,14231.729,14201.557,14093.233,14091.487,14168.645,14159.359,14145.816,14171.075,14319.634
16306.384,16364.3955,16326.787,16390.498,16348.545,16374.269,16354.228,16360.33,16359.316,16307.457,16331.821,16373.748,16274.794,16383.769
2341.013,2294.3342,2280.506,2279.8425,2273.6553,2290.7183,2303.7378,2335.1694,2335.3743,2302.8215,2286.5186,2258.4954,2226.5369,2224.8022
15519.346,15462.814,15382.803,15326.078,15271.809,15316.303,15284.927,15308.153,15347.5,15317.26,15293.419,15302.375,15314.1,15413.664
15319.039,15266.695,15214.005,15163.288,15154.567,15210.94,15147.475,15108.553,15101.313,15116.45,15147.768,15165.795,15189.594,15343.721
2548.9897,2542.453,2527.859,2542.4412,2576.395,2580.429,2586.5327,2570.9255,2575.1836,2583.4895,2598.6873,2577.81,2569.9226,2564.4558
17135.506,17069.47,16976.154,16913.459,16856.209,16900.9,16867.604,16898.914,16946.44,16913.514,16887.688,16897.254,16908.03,17012.148
859.4602,855.36505,848.6914,840.0852,842.9448,847.49805,838.7725,831.6047,830.5391,832.9034,830.8356,827.47614,839.4601,848.7476
1549.4855,1543.505,1535.0698,1529.3964,1524.2218,1528.2614,1525.2466,1528.0742,1532.3854,1529.4102,1527.0798,1527.94,1528.9122,1538.2787
9603.066,9611.171,9692.912,9745.466,9756.995,9813.058,9779.839,9702.547,9774.891,9802.123,9725.639,9720.299,9694.188,9811.488
11604.838,11664.5625,11715.374,11791.507,11773.809,11852.788,11849.272,11814.88,11865.967,11872.731,11816.556,11823.59,11755.497,11887.715
9934.154,9937.447,9963.803,9982.841,9941.951,9967.423,9946.374,9887.283,9901.481,9920.005,9873.882,9883.638,9856.516,9909.462
4207.862,4223.3257,4236.0234,4274.3267,4330.7256,4345.7773,4351.054,4310.912,4289.133,4296.9463,4333.0024,4290.8037,4287.5566,4269.5186
8905.844,8947.06,8893.812,8888.727,8894.38,8963.494,8924.464,8927.159,8964.571,8958.341,8907.06,8931.316,8874.203,8963.472
9496.609,9393.901,9273.584,9300.896,9307.404,9285.909,9216.597,9120.293,9017.638,9092.21,9125.888,9102.16,9126.225,9107.569
12801.975,12789.924,12805.14,12762.865,12828.73,12833.076,12855.753,12885.104,13094.491,12973.456,12929.23,12864.112,12906.031,13103.61
12167.862,12202.942,12066.351,12062.599,12086.505,12097.258,12146.875,12148.484,12089.457,12028.832,12044.473,11998.556,11988.657,12122.536
6770.802,6670.837,6739.4985,6638.1567,6633.837,6570.972,6454.83,6435.131,6503.668,6416.024,6433.2095,6345.99,6330.624,6345.541
973.0062,954.36273,953.76056,945.4686,952.465,943.2609,937.8174,921.0767,920.2192,931.0411,935.2115,926.5314,920.5338,921.4674
1807.0049,1807.422,1795.549,1794.6676,1796.803,1795.8656,1802.0712,1803.6504,1806.3942,1795.877,1802.5952,1797.3069,1795.2041,1806.7682
1760.9258,1761.3341,1749.7621,1748.9061,1750.985,1750.0734,1756.1156,1757.6595,1760.3346,1750.0876,1756.6287,1751.4808,1749.4303,1760.6976
1555.9254,1550.198,1542.1836,1536.4484,1531.127,1535.9187,1532.739,1535.0219,1539.136,1535.8784,1533.3093,1534.0835,1535.0703,1545.376
2003.1981,1994.6433,1980.0172,1976.0847,1968.8151,1985.0558,1978.8602,1980.3878,1972.2667,1972.1902,1977.8496,1988.9655,1978.5154,1989.7542
4743.5903,4722.619,4722.6343,4713.3315,4696.5796,4687.466,4684.2285,4680.9604,4688.212,4692.016,4691.6577,4713.3315,4702.899,4698.8657
17849.414,17851.992,17874.842,17849.57,17807.3,17764.76,17749.307,17768.459,17809.477,17815.873,17835.174,17806.605,17828.775,17831.43
6893.184,6862.4277,6863.289,6842.106,6824.643,6826.777,6878.092,6900.368,6899.1763,6872.902,6876.264,6874.2095,6890.5835,6910.3984
5232.9707,5212.039,5230.7524,5211.253,5183.5894,5179.4,5139.6445,5104.842,5097.7656,5113.809,5121.1704,5102.5435,5118.235,5157.331
8202.363,8191.038,8284.02,8328.14,8313.153,8287.844,8265.742,8263.674,8275.864,8192.772,8232.671,8214.353,8282.479,8343.496
12217.813,12178.854,12259.223,12289.053,12256.885,12214.796,12183.9,12096.158,12151.181,12167.668,12215.316,12087.606,12086.317,12158.748
8953.375,8931.109,8872.076,8893.37,8870.041,8905.061,8894.378,8913.613,8920.313,8910.382,8891.361,8917.525,8888.797,8898.648
6266.464,6250.807,6280.2104,6289.466,6280.936,6261.7354,6269.047,6265.577,6268.4478,6263.226,6272.8457,6259.855,6268.278,6267.3936
16964.648,16891.89,16869.262,16845.76,16851.168,16867.072,16793.078,16776.201,16818.94,16828.877,16815.547,16828.322,16844.08,16858.668
6174.6206,6141.944,6138.117,6105.8267,6091.346,6055.39,6033.0957,6057.232,6087.922,6089.9985,6030.1797,5998.3833,6016.622,5999.725
18996.629,18958.998,18948.855,19022.979,19013.37,19076.643,19119.102,19058.93,19352.273,19302.822,19241.676,19279.574,19415.992,19603.262
1719.9136,1739.8649,1751.9498,1766.0677,1766.3876,1753.1804,1741.4684,1741.606,1784.6628,1784.2821,1785.376,1776.6615,1763.8881,1820.9814
643.4418,633.65186,640.943,644.6258,649.4877,648.10144,643.67914,649.4139,656.5638,650.2866,655.89575,653.79315,658.5556,658.41296
5592.47,5465.9917,5463.825,5383.359,5337.8594,5332.205,5350.6157,5373.3677,5410.074,5364.8506,5345.4463,5319.883,5324.702,5353.223
1645.2665,1634.7665,1628.3682,1617.1138,1617.9738,1627.0327,1633.9658,1638.8846,1643.6504,1636.5565,1621.2808,1614.1302,1618.4977,1621.2391
16340.975,16370.815,16437.033,16520.832,16491.172,16491.223,16492.365,16488.307,16549.885,16539.738,16639.326,16622.2,16571.023,16581.62
16328.43,16299.193,16312.398,16334.019,16346.808,16268.696,16210.878,16174.217,16175.3545,16167.76,16218.273,16188.523,16193.453,16223.528
15690.542,15637.125,15638.509,15660.385,15705.566,15674.561,15582.527,15568.689,15573.272,15579.122,15615.627,15591.063,15559.341,15597.393
9996.799,9961.424,9973.371,9946.863,9947.131,9930.272,9914.734,9959.3,9938.774,9889.123,9871.568,9852.401,9871.19,9903.964
2845.1023,2821.853,2821.414,2799.1216,2803.0488,2796.2178,2791.9993,2785.7822,2792.413,2765.182,2759.7239,2747.7144,2745.8396,2758.7551
8876.31,8879.022,8899.119,8909.791,8919.773,8928.501,8951.796,8967.837,8984.245,8965.703,8954.519,8945.354,8977.112,8964.43
1442.2622,1439.3596,1439.153,1438.901,1439.9989,1437.7566,1438.0679,1443.8333,1443.2726,1439.5773,1438.7767,1437.9615,1441.983,1436.8113
16015.79,15975.942,15941.752,15920.294,15900.085,15925.257,15942.669,15988.985,15982.031,15994.138,15944.694,15908.391,15892.679,15921.919
14500.72,14526.064,14564.065,14543.509,14530.1875,14552.261,14554.205,14567.415,14596.697,14602.241,14571.056,14555.064,14571.505,14587.61
3528.5374,3495.7498,3491.5886,3491.4011,3483.4836,3475.7327,3443.6987,3445.5552,3429.61,3427.6501,3423.9343,3421.3616,3426.1174,3460.3577
6050.587,6039.5107,6005.3496,6008.7466,6006.6543,6017.3604,5942.373,5951.727,6002.6523,6016.62,5945.9966,5939.4873,5935.2407,6001.6406
17484.467,17359.115,17407.18,17373.139,17370.293,17354.844,17324.61,17482.758,17641.02,17497.037,17371.87,17314.176,17309.492,17485.936
2012.4838,2008.3958,2001.2749,2002.8612,1994.9443,1996.7922,1994.2078,1991.6747,1982.7036,1979.0398,1979.0024,1979.3212,1979.9513,1991.2245
6970.355,6961.5405,6954.755,6941.6523,6941.2866,6921.165,6890.5474,6897.6797,6928.9907,6932.556,6960.612,6986.879,6986.2686,6991.2607
20761.938,20558.807,20561.494,20546.441,20479.943,20422.121,20203.773,20223.084,20150.076,20105.361,20089.984,20085.38,20111.11,20344.158
5351.301,5337.117,5331.433,5338.0723,5308.913,5303.9243,5302.945,5307.196,5282.2583,5286.5947,5301.621,5292.9097,5271.048,5279.048
3591.9058,3589.041,3631.7117,3602.8586,3568.1182,3591.423,3570.8047,3581.46,3574.8567,3570.6428,3590.9834,3572.088,3579.688,3621.499
810.12396,807.2265,809.7762,809.36786,805.8348,807.71606,810.9853,811.19,811.4104,810.3624,810.09784,809.23755,809.9695,807.1688
19803.611,19722.533,19486.17,19429.896,19460.832,19639.168,19589.885,19665.018,19709.334,19584.469,19456.7,19564.83,19724.451,19953.322
17179.332,17067.504,16841.145,16783.793,16831.887,16969.5,17010.703,17083.17,17009.223,16950.08,16893.414,16929.818,16989.178,17132.871
4295.112,4316.8057,4350.9287,4388.521,4340.8657,4374.5264,4378.401,4386.1353,4357.6064,4358.9585,4329.569,4341.6514,4353.375,4373.802
16184.833,16083.729,16059.292,15978.469,15943.646,15946.618,15873.464,15956.969,15999.521,15947.364,15842.338,15827.618,15886.021,16028.9
17669.812,17602.244,17549.465,17502.594,17489.459,17513.406,17509.758,17591.602,17612.967,17552.527,17467.602,17454.973,17450.648,17540.334
5000.445,5002.4917,4995.1353,4987.899,4994.0347,4999.151,5005.4165,5017.6274,5018.5415,4992.3965,4981.9907,4977.953,4971.4956,4988.2837
7358.3657,7359.451,7343.2676,7385.0444,7388.5015,7411.5967,7379.1216,7394.55,7426.6997,7441.349,7376.491,7395.4985,7382.798,7435.76
4755.9844,4729.847,4743.022,4751.261,4754.991,4732.0737,4752.9155,4775.14,4847.5503,4864.1924,4878.185,4843.2295,4825.217,4743.557
20022.477,20030.84,19994.959,19976.428,20021.602,20001.848,20008.248,20068.82,20064.947,19946.32,19902.252,19876.566,19872.078,19952.615
19060.385,18976.133,18930.537,18873.342,18841.35,18859.977,18844.139,18947.822,18979.418,18910.9,18813.414,18789.646,18784.607,18894.863
18914.37,18797.414,18764.846,18719.91,18685.893,18698.033,18641.512,18715.086,18711.814,18685.791,18626.895,18590.414,18579.424,18696.682
4449.623,4418.1426,4408.222,4389.1533,4356.7886,4354.8047,4312.642,4313.726,4302.8687,4306.1064,4300.6025,4286.7534,4295.7266,4333.9688
18208.43,18018.926,18114.291,17908.21,17881.342,17861.336,17849.201,17811.07,17957.168,17824.18,17854.12,17712.744,17807.477,17848.91
5569.832,5576.969,5596.6235,5617.8574,5612.0293,5623.4443,5658.541,5657.825,5656.7344,5675.9175,5697.253,5696.4673,5678.25,5673.2603
9428.985,9413.452,9409.677,9387.44,9384.546,9383.295,9397.084,9412.308,9423.717,9419.324,9414.397,9399.85,9419.913,9426.502
7368.5522,7308.5093,7277.8745,7268.8936,7269.4766,7272.0767,7265.822,7270.765,7240.6885,7236.254,7230.939,7213.9194,7216.88,7257.634
15560.409,15451.732,15407.845,15369.187,15283.477,15267.938,15045.448,15021.849,14938.377,14958.312,14941.103,14955.41,14985.301,15176.919
1656.929,1641.4348,1645.0256,1630.5024,1617.7891,1618.0619,1599.4427,1609.4718,1614.6783,1605.6772,1597.5894,1599.453,1602.7477,1624.5521
16451.09,16568.945,16486.947,16447.342,16366.488,16549.531,16556.402,16505.062,16290.802,16451.564,16435.756,16174.733,16221.894,16406.334
19373.99,19320.738,19199.377,19232.873,19095.805,19132.055,19037.861,19011.875,18975.164,18921.363,18919.066,18924.996,18858.94,19062.967
18195.383,18085.684,18062.393,18040.6,17966.941,17993.658,17886.002,18007.637,18133.254,18037.684,17946.656,17944.78,17967.715,18188.059
14830.489,14766.115,14697.768,14849.081,14942.127,14908.623,14898.997,14827.079,14917.928,14983.737,14963.96,14935.987,14968.556,15108.48
17995.23,17752.717,17740.633,17766.016,17950.809,17943.086,17893.494,17878.025,18035.502,18042.135,17901.17,17846.516,17935.586,18171.05
17397.125,17268.967,17122.87,17074.53,17082.752,17053.307,17026.531,17088.25,17128.834,17060.922,16957.746,16992.67,17016.758,17187.41
8893.131,8876.466,8844.764,8884.274,8833.172,8790.875,8794.402,8738.286,8776.135,8756.427,8750.081,8665.482,8709.184,8767.74
2691.8406,2686.9426,2687.45,2684.3733,2687.5967,2692.779,2698.4224,2696.1294,2700.3477,2699.702,2692.797,2689.9915,2692.7896,2688.4207
565.98914,563.3711,566.71484,565.93866,565.6772,566.1365,569.2923,570.5918,571.9689,572.45123,572.0091,570.3072,572.25006,568.97754
1512.6128,1503.6278,1508.4568,1492.757,1487.3525,1485.7649,1487.1465,1482.5103,1492.9095,1480.9685,1473.7585,1464.4263,1471.0051,1478.6028
1234.2905,1219.1747,1220.1825,1219.2244,1218.0908,1215.7793,1214.4532,1217.3232,1224.4203,1221.2301,1220.4622,1217.9015,1211.0669,1216.6556
10021.363,9984.944,9994.255,10040.506,10067.579,10034.472,10023.709,10007.141,10012.46,10036.359,10005.102,9978.373,9955.791,10048.473
15773.503,15694.17,15660.463,15601.1,15487.947,15501.822,15462.236,15622.182,15684.17,15587.193,15497.973,15456.177,15437.03,15577.97
17999.455,17856.33,17814.514,17771.695,17694.309,17668.459,17496.088,17546.738,17501.695,17491.875,17457.594,17456.102,17467.936,17622.52
13914.094,13916.087,13938.69,13927.024,13974.425,13951.425,13901.888,13865.469,13844.782,13930.207,13878.06,13732.643,13747.265,13719.735
15170.77,15205.389,15187.419,15145.786,15171.76,15185.602,15168.819,15169.666,15179.476,15212.818,15131.275,15011.489,15025.798,15031.4
1695.2911,1688.4982,1690.7876,1695.8262,1696.2488,1689.4949,1686.5135,1684.4417,1684.9661,1681.124,1683.6674,1684.1482,1682.2971,1684.2996
17768.053,17786.895,17768.783,17762.295,17716.727,17734.434,17738.28,17737.092,17715.256,17646.008,17610.723,17587.346,17561.344,17623.291
6249.733,6212.4277,6198.764,6196.3755,6176.076,6170.7104,6186.4087,6204.387,6210.0586,6211.353,6193.3857,6169.865,6151.9585,6143.952
17264.002,17194.627,17162.535,17184.459,17154.78,17125.37,17127.438,17173.846,17187.893,17095.906,17074.75,17041.357,17059.576,17154.266
1218.7294,1217.8984,1223.5361,1219.1337,1221.894,1212.7993,1219.3606,1223.7567,1228.5563,1208.8463,1212.6808,1211.4639,1226.8191,1241.4962
17530.121,17477.3,17406.92,17353.34,17308.318,17313.996,17274.596,17318.879,17295.295,17343.654,17332.05,17304.412,17293.705,17329.887
2938.6733,2935.048,2927.6655,2935.2693,2927.6113,2955.1316,2957.9407,2953.5403,2978.6052,2975.0837,2944.7954,2966.1084,2985.7893,3008.7856
14235.607,14182.156,14204.78,14169.0,14110.269,14109.865,13953.965,13917.869,13916.471,13886.371,13867.732,13900.776,13954.582,14147.99
892.91504,888.5068,892.046,892.1969,892.9115,891.1517,893.7902,895.35626,896.4976,894.022,895.8113,895.2212,895.7298,894.64355
2437.279,2416.6963,2373.2566,2384.2988,2403.9531,2404.8977,2441.0027,2511.9495,2477.3687,2459.5981,2456.9128,2448.2341,2454.3254,2487.9688
1432.6975,1429.7582,1435.756,1439.7727,1440.152,1430.9375,1432.6294,1433.7689,1434.0441,1431.8757,1431.0802,1429.3516,1434.48,1434.4827
1742.9825,1737.2931,1730.9801,1732.7979,1733.684,1732.7906,1733.2515,1733.7493,1735.9757,1734.3944,1736.1418,1743.5771,1748.749,1744.4819
882.19946,874.2988,870.54297,863.38837,858.39087,859.54285,859.95685,859.5347,854.95795,848.532,848.3338,846.8174,854.32556,854.7763
1301.73,1294.4103,1284.4689,1278.6951,1282.9033,1282.9384,1293.9934,1303.0852,1304.9116,1302.4539,1299.5906,1298.7406,1306.5403,1312.1777
1473.5101,1468.6284,1471.8627,1473.5226,1481.5138,1478.8547,1483.7611,1488.7847,1484.8424,1480.5968,1481.3517,1482.3433,1485.9382,1491.4803
18492.074,18471.598,18426.436,18411.852,18403.676,18481.352,18475.926,18445.525,18554.402,18544.014,18489.47,18540.664,18648.898,18747.69
16928.361,16806.227,16816.531,16678.69,16585.28,16607.514,16521.777,16657.066,16748.92,16669.105,16549.438,16512.879,16576.268,16783.176
1631.562,1618.0085,1619.8448,1613.5414,1603.3477,1604.8875,1593.1943,1606.6416,1612.7942,1600.9629,1592.7666,1590.145,1590.9407,1607.6411
18513.46,18433.246,18304.03,18344.541,18273.18,18252.203,18223.012,18199.725,18030.598,18020.344,18066.162,18124.613,18081.387,18329.887
7590.168,7562.3076,7561.2837,7523.315,7529.634,7516.1865,7545.949,7518.3975,7525.0,7491.0996,7470.147,7419.359,7456.6543,7482.755
4647.6704,4682.8076,4718.5874,4731.3657,4713.9067,4698.6187,4722.2104,4709.0234,4709.238,4731.182,4747.935,4755.2383,4777.3994,4790.111
1286.5659,1282.5328,1270.8362,1262.109,1254.5729,1254.9937,1259.233,1260.6512,1264.692,1261.4252,1252.6812,1247.1084,1256.7091,1261.7781
1279.679,1274.6288,1266.0017,1256.986,1253.3596,1254.4083,1261.2687,1264.8439,1265.1654,1260.1289,1248.7678,1242.3511,1247.5874,1253.6697
14451.207,14421.885,14476.717,14468.725,14520.467,14529.334,14618.191,14635.439,14676.529,14633.009,14627.543,14580.664,14622.479,14654.559
1391.3882,1379.2179,1416.9463,1393.6191,1366.8698,1360.1466,1337.6904,1347.9203,1338.3411,1328.1506,1339.9222,1336.6976,1363.7762,1392.4095
1711.7823,1706.0372,1712.8177,1715.0363,1723.9005,1720.9835,1727.8492,1735.4276,1731.0413,1725.6405,1724.1484,1725.5526,1732.1074,1737.4438
9829.659,9807.378,9851.187,9806.28,9804.978,9821.327,9870.299,9895.837,9903.514,9857.319,9867.647,9863.683,9919.241,9941.836
1160.41,1158.405,1158.4801,1158.812,1161.6025,1160.8481,1161.7827,1161.3129,1166.9341,1166.2603,1168.6353,1167.2764,1166.4186,1164.7349
10148.869,10136.409,10178.141,10194.856,10126.44,10228.591,10266.988,10326.11,10274.469,10122.282,10236.589,10176.286,10133.016,10252.331
4870.1006,4828.961,4817.556,4804.8496,4809.008,4880.789,4971.6753,4968.1797,4985.8984,5040.2847,5056.934,5095.738,5130.823,5101.9624
3500.875,3488.6006,3493.1455,3485.9988,3489.8813,3486.166,3480.1746,3499.732,3522.68,3513.4116,3487.0366,3464.8032,3461.7124,3459.125
1163.0626,1157.8226,1157.6732,1156.4111,1153.6176,1159.9669,1161.5383,1155.6879,1154.4689,1153.9169,1153.0605,1152.6603,1158.4485,1163.6997
1283.5071,1284.3171,1282.4308,1283.027,1283.7831,1283.6073,1287.0562,1285.7356,1288.4073,1284.1293,1285.9307,1281.5536,1285.1906,1288.658
1044.1062,1043.6998,1044.7985,1041.0051,1044.2192,1042.3735,1045.9259,1049.6199,1048.8157,1038.5029,1039.2712,1039.7529,1046.3414,1052.8827
11695.971,11670.006,11739.146,11747.157,11793.515,11768.314,11820.442,11811.729,11826.983,11739.658,11813.328,11769.944,11829.192,11882.981
10909.065,10881.732,10915.1045,10931.583,10968.511,10962.17,10992.424,11004.222,10979.535,10902.505,10947.445,10937.017,10960.803,11020.512
2457.2031,2435.1877,2421.344,2414.1262,2399.7017,2397.4692,2414.586,2412.376,2413.6924,2420.9937,2419.192,2414.2107,2413.8516,2404.1836
16503.143,16447.207,16548.668,16602.86,16657.559,16717.44,16688.65,16713.393,17000.418,16973.799,16728.895,16730.018,16802.88,17132.176
17674.262,17617.78,17729.08,17790.074,17849.768,17916.344,17892.094,17919.678,18238.932,18212.258,17947.295,17949.21,18026.58,18386.531
19104.064,18977.857,18925.562,18856.83,18782.572,18757.012,18578.102,18608.953,18572.44,18600.324,18595.758,18599.936,18599.08,18723.008
1641.9736,1663.4742,1661.7366,1676.3735,1695.8867,1707.6602,1715.5228,1723.4763,1747.2687,1750.8762,1742.1235,1732.8507,1761.5192,1763.2648
12445.288,12410.513,12414.431,12372.526,12317.514,12337.453,12276.864,12235.625,12289.573,12310.201,12253.301,12262.499,12359.738,12504.921
8252.326,8224.449,8228.708,8188.964,8257.249,8237.749,8141.9946,8015.9834,8187.3687,8209.527,8235.012,8163.948,8266.942,8316.479
12235.773,12243.694,12259.066,12280.758,12234.415,12264.601,12239.736,12190.656,12225.331,12237.749,12199.037,12214.322,12235.708,12295.523
8397.127,8389.647,8359.501,8374.73,8355.678,8348.23,8276.369,8257.266,8295.068,8318.758,8297.708,8314.05,8291.709,8290.659
5902.3086,5877.6787,5866.563,5861.7925,5843.8296,5857.0435,5851.5244,5845.2686,5834.19,5841.44,5813.611,5812.6714,5820.435,5820.4727
1642.4307,1627.024,1627.7656,1622.2848,1608.3658,1605.4491,1579.4928,1575.3243,1565.7805,1564.2489,1563.1454,1563.1277,1566.0771,1593.8103
1875.5686,1867.0253,1877.6675,1881.4952,1880.1909,1880.4766,1862.3173,1858.1139,1878.1617,1872.4359,1860.0504,1857.4739,1856.6923,1883.5377
1539.3077,1524.5277,1529.9714,1522.5046,1509.5356,1509.714,1489.1622,1494.2354,1495.226,1485.0288,1481.1023,1477.514,1478.7542,1504.2507
1520.9073,1514.2275,1519.6699,1521.6233,1517.0481,1516.1212,1516.8588,1517.7074,1522.7924,1520.9233,1520.7887,1521.4397,1524.3558,1524.7623
6717.987,6724.778,6856.7236,6878.351,6776.673,6802.107,6785.074,6784.843,6823.7856,6834.3945,6872.363,6824.455,6814.2446,6799.491
1508.0503,1506.518,1506.8885,1506.9807,1505.0162,1509.0312,1517.8926,1516.789,1515.7518,1519.8032,1524.4227,1523.2627,1527.1813,1524.9103
9176.073,9131.846,9111.982,9079.96,9085.27,9072.236,9100.984,9079.914,9115.186,9091.998,9087.428,9084.241,9125.327,9119.569
6569.767,6555.7993,6572.256,6577.4785,6585.4517,6580.8955,6551.503,6551.8774,6542.8926,6564.729,6596.4204,6590.938,6553.816,6528.838
1646.2949,1642.6337,1638.0695,1637.921,1640.2109,1638.1077,1638.6085,1637.8518,1638.4532,1632.0684,1634.4845,1632.4739,1640.4631,1646.6656
10836.649,10786.438,10780.024,10745.036,10773.02,10746.264,10763.324,10754.952,10765.625,10735.349,10704.855,10683.652,10737.098,10756.128
1214.4558,1145.8042,1240.2263,1214.148,1239.5771,1258.329,1348.1694,1388.4553,1442.6683,1411.0206,1409.7848,1391.3462,1484.458,1401.6641
7915.1865,7856.2153,7858.04,7851.975,7830.9453,7824.2617,7875.482,7857.738,7858.4795,7816.265,7775.129,7720.2085,7804.416,7800.6855
7944.206,7955.2817,7970.61,7983.38,7984.352,7979.365,8013.066,8008.513,8008.5693,8005.953,8029.2656,8016.5376,8029.5894,8034.7314
1041.0155,1046.5225,1044.8776,1046.6632,1038.5381,1037.5605,1039.5221,1037.3027,1034.2721,1035.7013,1038.7288,1030.912,1032.2129,1050.8751
9226.025,9225.974,9257.705,9261.386,9262.706,9246.853,9300.205,9311.781,9303.501,9292.746,9321.098,9300.973,9320.562,9335.964
1680.0048,1652.4519,1651.7979,1632.7056,1604.1255,1606.8033,1596.4779,1630.6929,1637.3872,1620.9734,1611.7225,1609.1515,1598.7474,1601.1724
3382.3943,3394.6035,3407.9648,3387.7764,3360.1572,3393.9998,3416.0596,3366.0413,3337.5237,3353.1895,3363.519,3345.1804,3369.605,3348.8882
9656.552,9635.283,9663.389,9634.027,9663.823,9665.153,9679.428,9660.859,9646.813,9630.989,9612.881,9610.367,9665.113,9721.537
8289.957,8266.714,8297.054,8255.615,8248.047,8292.669,8332.306,8346.242,8289.559,8245.343,8219.803,8205.483,8265.338,8293.189
9487.211,9447.4375,9493.036,9484.923,9511.039,9499.25,9543.888,9557.883,9536.977,9503.278,9503.571,9500.051,9545.641,9559.132
10724.997,10737.741,10792.85,10742.538,10774.001,10792.915,10801.6455,10774.327,10717.465,10687.255,10632.122,10633.979,10734.363,10809.999
8465.005,8450.997,8463.273,8466.313,8475.946,8464.179,8465.216,8457.112,8449.309,8444.569,8460.049,8459.381,8472.349,8482.662
9691.203,9698.79,9718.062,9720.342,9719.401,9707.481,9769.644,9783.719,9783.964,9761.021,9788.478,9765.285,9785.154,9805.966
7123.209,7070.2314,7060.7866,7002.2944,7056.0435,7119.761,7153.4214,7171.0273,7090.35,7053.9067,7053.7983,6970.553,7025.2646,7151.7056
7008.0103,6974.1196,6944.792,6932.297,6890.191,6862.0107,6874.2056,6937.5146,6939.092,6912.9727,6900.427,6876.5327,6853.6846,6891.2295
6304.803,6339.0146,6352.5737,6346.833,6356.894,6389.0093,6430.284,6400.0474,6372.628,6401.425,6400.0435,6380.9653,6410.1006,6439.8784
9941.849,9898.502,9929.232,9892.051,9902.602,9900.68,9990.465,9984.542,9980.619,9923.911,9932.793,9897.282,10007.39,10018.041
1165.5187,1158.8436,1167.631,1163.2644,1162.9899,1165.1985,1178.8176,1175.4524,1169.0273,1164.3782,1167.7593,1158.7178,1174.5209,1175.4128
3076.189,3079.3132,3075.9312,3083.2432,3093.4607,3096.699,3097.476,3118.174,3118.1348,3126.076,3124.605,3104.9695,3097.139,3114.476
7052.596,7030.714,7049.7217,7027.4478,7031.6245,7030.4004,7071.082,7067.469,7090.1016,7078.2124,7070.635,7060.617,7095.4746,7092.6494
5451.937,5408.7,5429.936,5383.3276,5366.5454,5378.078,5373.9663,5387.4697,5421.912,5410.575,5413.4907,5419.378,5453.19,5452.386
10239.494,10235.84,10210.247,10240.463,10278.728,10331.135,10345.583,10344.298,10328.49,10305.782,10255.775,10282.293,10319.905,10382.34
973.3102,968.5967,967.48926,969.0936,968.0826,969.0151,971.54114,973.51074,974.5527,971.292,963.6179,962.7921,962.3764,966.78503
8907.8,8883.171,8956.175,8918.617,8961.687,8979.9,8990.9,8995.165,8989.856,8996.967,9006.463,9006.708,9057.812,9099.079
7655.935,7610.586,7641.8228,7588.7793,7511.0933,7500.2104,7475.714,7532.137,7624.162,7603.682,7585.0376,7554.603,7538.401,7572.4927
1528.0386,1518.2837,1545.1292,1546.7695,1554.2112,1563.7722,1588.5067,1582.4302,1603.3486,1595.5315,1599.603,1594.2075,1623.0061,1601.7522
831.68866,833.7281,837.2558,839.2251,836.66174,838.6831,841.7567,842.3323,843.07104,845.44324,844.82306,843.5911,847.3085,846.3183
705.4489,703.7496,704.1733,704.78485,705.0637,706.24664,706.76556,704.5184,705.7992,705.4754,705.19556,703.9932,706.5246,707.239
4258.308,4246.809,4237.785,4241.1274,4226.55,4234.957,4249.837,4219.815,4239.9253,4247.657,4247.4614,4241.7905,4264.8228,4277.756
15347.88,15312.457,15287.401,15283.22,15290.141,15282.141,15236.428,15199.835,15219.098,15206.403,15214.899,15224.809,15251.06,15311.297
8215.87,8181.4053,8161.4595,8111.3433,8092.4346,8068.7407,8071.217,8136.931,8136.3843,8078.214,8027.4375,7986.7437,7986.291,8027.7666
2917.2463,2869.8735,2825.3438,2812.9343,2777.3025,2760.5474,2763.3384,2806.6301,2795.5989,2769.6506,2771.2192,2808.373,2836.5356,2847.5586
9875.402,9984.528,10010.779,10117.857,10136.106,10199.059,10072.435,9972.204,9964.331,10043.014,10117.224,10168.396,10001.502,10053.117
6022.457,5956.0083,5916.2036,5905.364,5861.8667,5850.057,5806.953,5872.287,5874.688,5843.73,5819.067,5835.5513,5818.739,5834.2134
13059.292,13205.964,13339.871,13381.403,13266.376,13353.257,13259.466,13289.513,13330.301,13465.119,13441.938,13359.861,13321.304,13430.077
10590.887,10580.87,10657.991,10645.751,10626.193,10632.482,10655.674,10686.63,10688.671,10633.615,10656.756,10657.529,10685.546,10703.455
5254.5386,5248.4194,5250.918,5237.057,5203.043,5196.442,5194.1045,5217.0264,5239.8247,5238.2827,5254.738,5225.027,5205.248,5268.887
10073.182,10063.337,10137.017,10124.868,10106.201,10112.512,10134.695,10165.468,10167.066,10112.724,10135.48,10136.51,10162.926,10180.651
9879.176,9858.066,9860.656,9846.1045,9838.389,9836.297,9847.101,9855.383,9870.401,9836.151,9828.317,9840.689,9871.317,9911.234
8507.675,8506.721,8541.566,8569.461,8588.246,8587.884,8600.255,8572.935,8578.692,8563.154,8557.476,8551.82,8591.77,8597.918
9949.399,9934.183,9959.445,9941.582,9953.11,9937.202,9924.435,9896.394,9882.879,9850.922,9863.7295,9862.659,9904.761,9947.816
5008.008,4987.8794,5023.567,4966.685,4948.4004,4977.863,5037.069,5037.9414,5057.241,5080.2915,5100.7754,5062.4233,5046.572,5029.5923
10618.958,10613.152,10661.964,10663.843,10650.675,10649.12,10659.941,10661.103,10658.771,10641.635,10649.925,10641.774,10691.357,10715.914
10448.265,10390.928,10368.118,10414.4375,10390.21,10386.472,10433.911,10437.706,10457.279,10400.915,10366.606,10393.779,10437.344,10438.542
13234.104,13130.655,13096.324,13082.619,13060.814,13030.009,13050.479,13066.107,13089.779,13014.699,12941.389,12978.335,13000.226,13078.918
13571.481,13517.678,13470.305,13473.339,13504.807,13508.965,13536.964,13524.295,13574.161,13540.403,13567.889,13639.704,13669.23,13708.653
8092.198,8219.678,8350.639,8281.783,8176.724,8240.904,8154.9644,8095.338,8274.561,8257.019,8373.57,8381.772,8277.021,8308.67
1351.9783,1334.3928,1340.5558,1312.6469,1305.7463,1302.3108,1283.9204,1290.4047,1313.3549,1305.4323,1295.137,1302.7522,1299.4606,1302.1288
1720.4861,1709.0533,1729.2065,1724.9473,1731.0488,1738.1694,1756.1241,1746.9531,1768.5581,1762.1237,1754.8654,1752.9679,1787.1129,1770.7936
829.9784,827.1039,828.6091,827.75256,826.9857,826.7997,827.5124,823.67004,826.39417,824.52386,822.48804,820.01843,825.776,826.5563
883.8982,882.15924,883.79285,882.9846,883.0653,881.12854,881.2101,879.08405,881.07587,879.1289,879.7143,878.4602,881.6122,881.415
748.3708,746.1774,747.60583,746.97595,747.00446,747.654,748.9859,746.6104,749.2035,748.4507,749.07275,747.8214,750.2406,750.0731
772.77905,760.16754,749.6014,744.9587,746.3292,749.02893,753.2803,750.0687,751.90784,755.3938,754.76965,755.3022,749.6942,744.3564
959.1088,956.37445,954.0206,960.9327,957.8635,959.8432,958.93195,961.2663,959.9148,962.2672,962.39624,965.1232,970.93365,980.87115
9605.427,9586.878,9626.671,9662.105,9676.56,9673.064,9688.778,9644.18,9660.377,9639.21,9637.22,9630.33,9676.341,9687.405
11924.71,11920.123,11986.753,11991.161,11976.729,11975.167,11992.114,11986.337,11981.739,11962.636,11971.069,11960.676,12021.316,12055.239
10631.789,10494.048,10464.885,10535.243,10537.899,10483.918,10470.717,10529.033,10571.514,10468.586,10299.785,10311.48,10371.372,10392.168
5174.9146,5122.954,5110.7227,5112.0254,5114.8647,5084.368,5086.16,5099.2036,5111.472,5064.6543,5032.476,5033.9404,5051.383,5071.922
10905.952,10857.489,10878.779,10872.925,10860.489,10847.39,10861.377,10856.698,10866.128,10843.263,10848.931,10835.519,10869.548,10921.276
5745.1997,5800.0884,5762.1025,5716.486,5662.014,5656.8394,5622.7383,5564.408,5544.4673,5564.1504,5554.786,5455.997,5437.2915,5499.294
9681.394,9665.693,9692.254,9684.439,9632.511,9667.367,9658.197,9668.326,9695.885,9671.384,9626.142,9644.904,9651.344,9654.783
11332.405,11277.422,11313.375,11304.094,11310.442,11352.845,11316.657,11296.051,11300.458,11262.506,11190.635,11164.645,11215.514,11323.501
13991.056,13912.652,13961.413,13962.688,13929.611,13954.697,13956.419,13912.54,13998.581,13934.05,13792.68,13746.516,13812.845,13856.203
16150.527,16150.382,16149.79,16137.884,16088.64,16079.068,16098.054,16078.06,16122.253,16133.708,16140.683,16176.2295,16224.814,16220.221
2292.479,2280.7375,2280.7793,2282.1655,2274.8818,2277.502,2285.8762,2282.6487,2293.8625,2287.97,2280.4895,2277.8892,2281.0693,2284.6182
2155.2004,2158.578,2167.851,2170.27,2175.7034,2177.2292,2173.8145,2170.1157,2165.4507,2160.6072,2154.0269,2164.2786,2168.7905,2165.454
15467.853,15406.148,15365.72,15327.298,15281.99,15332.912,15301.568,15311.642,15361.027,15326.401,15296.538,15297.892,15307.992,15354.466
4439.105,4500.962,4576.3374,4664.562,4744.6064,4781.75,4729.328,4745.296,4764.909,4731.6367,4762.955,4616.508,4625.4346,4553.866
10483.725,10399.979,10424.936,10409.293,10445.925,10464.345,10487.1045,10466.652,10473.549,10461.3125,10412.9,10404.485,10474.558,10499.314
5208.8125,5249.985,5297.252,5326.271,5345.6255,5369.736,5433.6113,5399.098,5470.5396,5512.9404,5502.304,5440.6387,5450.246,5423.452
9711.89,9753.933,9865.956,9903.433,9900.955,9916.853,9946.729,9966.284,10079.7705,10076.28,10041.818,9975.061,10019.787,10002.681
8770.959,8790.032,8821.19,8833.117,8835.566,8893.043,8932.32,8831.98,8955.628,9096.807,9100.303,9078.365,9127.798,9063.888
1546.8596,1532.5935,1543.7893,1546.6696,1558.4357,1553.8629,1556.2103,1538.591,1546.0083,1539.8278,1540.5488,1532.5409,1537.2322,1550.7533
17493.195,17504.836,17563.703,17545.203,17616.797,17750.258,17883.727,17614.355,17717.14,17562.438,17437.17,17285.137,17451.658,17623.35
9883.146,9857.542,9882.943,9899.767,9923.957,9943.202,10019.469,9917.2705,9920.59,9852.392,9834.492,9750.202,9841.197,9914.583
12288.972,12354.788,12508.315,12514.631,12458.328,12471.06,12455.849,12414.547,12459.541,12483.934,12528.773,12554.549,12645.083,12671.072
5741.5903,5667.713,5753.544,5786.3574,5767.734,5693.655,5767.11,5758.603,5837.3286,5752.8413,5817.626,5842.979,5943.562,5934.789
1439.557,1423.9592,1416.0261,1418.5098,1425.9183,1432.1677,1438.0955,1438.13,1429.0802,1425.4153,1420.5238,1417.9733,1416.0825,1422.8099
9821.752,9819.639,9830.201,9857.171,9832.542,9849.928,9880.806,9835.266,9849.023,9827.474,9815.473,9793.957,9838.921,9854.071
15146.091,15073.508,15082.276,15076.298,15044.8545,15073.886,15081.318,15067.382,15127.49,15105.117,15049.018,15013.234,15033.275,15059.592
7041.5806,6943.079,6947.8887,6899.0483,6915.001,6864.507,6939.6753,6902.167,6953.806,6798.041,6779.782,6734.72,6789.4595,6805.4614
11291.396,11255.478,11249.719,11263.362,11232.727,11250.124,11287.667,11271.027,11309.59,11292.492,11252.701,11243.803,11268.936,11290.021
15111.295,15077.595,15056.092,15022.495,14991.134,15079.842,15018.601,15029.894,15058.854,15031.623,14980.24,14992.714,15026.212,15079.498
9007.189,8989.176,9007.842,9009.582,9037.997,9082.407,9131.121,9112.6,9143.114,9161.883,9172.102,9183.342,9202.077,9225.155
9691.866,9672.427,9692.447,9694.315,9724.838,9772.661,9825.12,9805.232,9838.067,9858.253,9869.188,9881.314,9901.522,9926.381
9643.429,9539.45,9646.715,9646.723,9603.463,9559.165,9497.415,9444.201,9562.155,9513.287,9313.515,9310.747,9408.758,9389.84
962.8914,965.9006,976.82825,986.285,986.7004,984.28644,981.4909,982.42267,986.1378,988.4238,994.95984,983.8407,971.19324,971.8892
10474.199,10549.813,10739.908,10852.231,10807.445,10859.758,10938.906,11011.401,11111.683,11100.292,11121.207,10998.876,10992.173,10992.976
10267.739,10272.927,10261.142,10234.164,10268.335,10321.601,10477.05,10539.46,10504.145,10502.749,10457.471,10422.04,10540.562,10578.328
8622.609,8601.9375,8623.275,8625.679,8626.091,8641.448,8665.796,8608.811,8625.375,8587.405,8592.649,8574.277,8605.855,8649.844
15060.081,14996.628,14980.101,14945.553,14938.63,14893.677,14839.152,14775.683,14703.931,14700.578,14804.962,14810.788,14871.003,14992.947
15133.703,15061.419,15075.032,15043.533,15070.464,15049.485,15048.908,14974.888,14946.542,14898.416,14965.75,14906.178,14993.501,15126.816
13988.447,13944.249,13919.975,13926.385,13906.499,13931.401,14007.355,13931.847,13914.758,13874.56,13887.267,13852.588,13924.851,13992.103
2594.503,2564.3086,2556.1228,2560.0474,2565.207,2573.3562,2575.2805,2582.4197,2582.3086,2569.322,2535.6868,2512.9285,2508.881,2530.2278
13264.145,13222.213,13199.215,13205.295,13186.44,13210.057,13282.077,13210.489,13194.28,13156.165,13168.213,13135.345,13203.852,13267.605
14191.186,14141.884,14165.473,14149.927,14143.967,14144.9795,14127.412,14072.501,14073.451,14043.139,14052.947,14026.442,14074.648,14133.112
9180.074,9134.428,9120.868,9138.652,9219.143,9214.733,9256.365,9198.935,9209.528,9324.419,9383.787,9269.643,9255.854,9222.255
2411.1948,2366.0073,2402.756,2405.5088,2397.5444,2364.3596,2361.2917,2363.9285,2388.364,2363.4875,2353.5874,2342.14,2348.8176,2353.891
684.7152,681.0691,692.53973,687.49457,693.42554,694.052,703.2181,702.9748,706.9672,705.35693,705.8714,698.5616,704.2974,707.50415
14892.166,14831.827,14972.311,15073.416,15100.724,14983.864,15091.026,15066.734,15055.017,14904.292,15055.203,14914.459,15029.847,15224.963
11981.248,11964.76,12083.714,12058.444,12041.568,11926.097,11823.901,11731.824,11588.377,11540.724,11630.587,11578.062,11712.437,11943.692
4148.965,4115.9644,4117.488,4108.102,4104.417,4074.4312,4027.5986,4036.0466,4041.8525,4041.5178,4017.8672,3969.0132,3984.1018,4069.6206
1479.744,1477.7585,1488.4028,1492.0415,1493.4739,1482.1869,1477.0392,1467.6904,1455.0696,1439.3735,1448.7378,1439.6587,1452.8228,1478.0496
7231.9795,7264.09,7303.065,7308.1084,7244.872,7208.008,7152.258,7196.939,7258.054,7229.6523,7253.888,7275.874,7343.663,7370.1016
8029.82,8086.1895,8109.484,8089.767,8012.6084,7962.0615,7913.824,7964.629,8028.656,7984.9688,8020.109,8029.2197,8126.544,8198.079
7472.9,7494.799,7528.6084,7488.392,7397.384,7343.61,7274.582,7307.145,7348.522,7318.199,7339.3076,7357.974,7461.5986,7501.5034
1402.6677,1412.128,1442.9846,1464.899,1507.988,1519.0496,1481.9778,1472.949,1474.829,1459.2743,1438.5052,1423.4846,1413.2256,1415.953
4708.6553,4680.3696,4671.5522,4669.364,4675.404,4677.8994,4693.1904,4669.754,4663.545,4652.164,4666.0483,4663.069,4686.9565,4705.2827
4065.2793,4049.9316,4035.115,3999.8545,3950.1912,3936.8948,3968.3162,3959.2327,3958.6648,3951.2173,3953.8123,3932.6763,3995.2556,4009.0876
18362.734,18310.26,18199.316,18173.043,18200.48,18262.168,18526.928,18368.55,18325.072,18124.488,18199.746,18035.576,18228.312,18405.441
17467.22,17348.94,17261.215,17248.428,17204.756,17250.434,17481.002,17428.303,17407.355,17231.756,17234.469,17133.81,17252.416,17387.148
10924.721,10734.597,10691.968,10695.691,10601.275,10555.738,10373.83,10397.183,10302.606,10266.847,10272.676,10321.508,10304.496,10407.462
16040.937,15954.168,15906.506,15903.472,15848.566,15892.256,16044.699,15986.782,15960.867,15862.237,15861.172,15800.859,15902.389,15993.864
10295.433,10243.161,10256.635,10239.2,10257.675,10273.337,10294.338,10285.556,10291.239,10289.883,10288.169,10291.66,10327.135,10350.767
11473.162,11256.308,11297.454,11261.687,11188.093,11104.9375,11077.392,11045.888,11132.365,11053.349,11000.387,10780.903,10863.61,10995.306
6398.7607,6415.4604,6460.6313,6498.8755,6466.9243,6404.687,6422.342,6481.7974,6485.454,6529.1943,6595.2876,6526.887,6472.166,6545.6816
9175.08,9163.342,9227.374,9179.521,9264.54,9306.342,9465.74,9466.714,9457.496,9427.712,9458.709,9400.295,9485.39,9516.496
11697.821,11745.682,11884.381,11911.494,11879.927,11741.188,11777.16,11795.23,11808.0625,11838.988,11853.537,11772.473,11771.166,11919.972
12715.602,12767.645,12918.44,12947.891,12913.549,12762.729,12801.829,12821.491,12835.436,12869.059,12884.855,12796.753,12795.344,12957.097
4924.914,4933.3486,4974.593,4998.028,4993.3174,4941.609,4967.012,5019.1436,5024.083,5047.3154,5098.2275,5048.181,4993.784,5037.6733
2520.965,2518.9973,2454.3374,2440.4287,2392.4868,2396.1519,2399.2102,2484.643,2487.9185,2412.6,2412.8687,2440.6685,2333.0369,2391.9705
16091.032,16045.383,16025.244,15977.543,15983.562,15957.687,15936.44,15857.995,15798.613,15782.089,15876.249,15861.677,15940.189,16088.21
13608.226,13610.838,13614.498,13637.873,13638.648,13660.401,13674.623,13664.576,13619.554,13596.0,13594.928,13601.778,13570.621,13627.867
13257.992,13208.5625,13190.362,13179.991,13191.093,13182.2295,13114.613,13040.853,12990.494,13040.17,13046.845,13019.538,13052.054,13108.083
1523.5951,1532.0837,1534.9811,1536.0463,1538.6251,1533.8743,1542.975,1545.4038,1554.5944,1552.3373,1562.2238,1559.2518,1559.4094,1560.4055
2067.0896,2077.5842,2086.1353,2081.4126,2069.6548,2073.4548,2069.5464,2062.138,2070.8672,2072.4883,2068.5542,2061.0889,2055.5005,2080.4888
1001.0532,1001.1014,1004.1864,1001.9055,1001.1661,998.3229,1000.1625,996.9891,1002.72723,1002.6675,1005.2664,1001.1659,1002.85614,1001.21625
1880.975,1888.3029,1894.968,1894.3507,1885.1725,1888.8953,1894.2473,1887.9287,1894.2253,1888.7891,1889.664,1885.947,1881.7347,1884.098
7015.73,7017.482,7002.1216,6946.3887,6978.8696,6953.28,6960.365,7027.208,6997.8516,6920.867,6949.1587,6829.254,6898.41,7005.702
19948.518,19860.28,19791.357,19745.916,19633.322,19616.014,19485.412,19454.219,19363.873,19464.873,19529.133,19519.396,19446.887,19556.611
7647.196,7675.346,7746.2124,7759.6313,7751.4756,7700.7905,7695.8896,7658.7183,7629.3496,7584.8267,7605.614,7631.446,7699.5273,7740.1875
922.2956,939.13007,946.2908,953.28564,957.8612,954.97815,966.9557,978.0992,979.9387,996.28876,984.6256,965.2074,976.05035,995.17584
9726.227,9773.796,9867.13,9803.48,9776.553,9730.457,9701.44,9644.372,9573.175,9571.298,9593.861,9644.011,9766.273,9884.743
2210.0488,2191.0254,2224.7012,2214.8213,2207.7842,2197.9504,2193.7808,2168.8599,2186.1687,2186.0107,2181.9749,2177.4539,2199.9675,2201.9563
2446.7798,2395.6396,2438.8406,2429.4055,2426.0718,2399.8735,2388.653,2379.1936,2404.0146,2382.469,2365.4258,2352.8047,2368.9565,2382.1482
6669.7637,6549.166,6652.5586,6699.9907,6733.9517,6672.959,6657.935,6683.365,6686.328,6739.679,6870.9966,6962.8267,6941.597,6958.404
10566.639,10595.29,10591.533,10583.32,10607.444,10607.59,10696.287,10739.6875,10764.602,10722.754,10804.526,10781.236,10760.802,10779.576
10900.486,10853.498,10843.509,10825.021,10808.891,10790.802,10774.016,10773.334,10722.952,10727.145,10747.305,10717.32,10723.961,10771.054
10733.902,10689.901,10681.536,10662.8545,10648.312,10629.831,10615.012,10614.485,10565.836,10569.643,10587.865,10557.566,10566.027,10611.249
8248.512,8084.7534,8052.1177,8000.0654,7991.3315,7996.606,8027.0464,8011.2524,8061.19,7970.7847,7847.8364,7823.0493,7812.5186,7880.9814
1693.4213,1688.2754,1694.226,1691.0214,1688.266,1694.2175,1693.6665,1680.4375,1684.1016,1693.7509,1691.1198,1691.5123,1693.3279,1701.5659
3988.3806,3979.6804,3991.5154,3985.505,3977.7883,3992.445,3992.6738,3964.0225,3969.481,3990.8416,3981.8193,3984.2986,3987.429,4007.3071
1823.9463,1822.2745,1823.3663,1823.1873,1822.9707,1817.7069,1813.5115,1808.468,1803.7979,1807.6095,1815.7804,1815.0107,1808.68,1814.7324
1672.4976,1663.5925,1663.8042,1661.8556,1664.3784,1660.879,1656.216,1656.3196,1650.002,1651.2343,1653.6151,1649.7693,1649.0559,1657.6624
14113.344,14155.716,14159.642,14160.81,14172.985,14189.767,14216.433,14215.6,14230.723,14205.117,14225.975,14223.465,14177.47,14224.196
1283.2435,1284.8063,1313.3702,1300.052,1300.5156,1313.8586,1321.9653,1324.2477,1320.8016,1319.8938,1335.8221,1308.2222,1322.5042,1318.8649
718.5544,713.2229,697.6003,710.43677,691.9446,686.4269,668.0399,689.5991,688.83093,688.6111,683.7208,663.10736,665.65405,687.26917
1343.2231,1338.111,1337.9723,1337.3403,1336.4214,1333.9866,1328.6255,1323.9205,1318.9016,1322.4717,1324.7603,1321.457,1320.8865,1327.4878
12551.081,12523.034,12576.575,12627.592,12531.325,12605.252,12525.566,12421.607,12458.868,12530.126,12432.439,12454.911,12405.992,12550.524
1492.9174,1489.7083,1495.4857,1505.909,1498.7815,1502.1127,1493.9261,1485.9702,1499.3157,1505.548,1496.2445,1496.6416,1475.0913,1491.4629
7364.1235,7348.401,7344.996,7366.848,7363.6216,7383.8193,7379.4536,7389.1978,7414.4653,7415.9717,7398.118,7436.158,7429.1885,7417.1055
1591.7749,1592.1554,1593.674,1596.096,1584.026,1582.5692,1586.0996,1583.0796,1583.0382,1591.2346,1592.3027,1585.6158,1581.8674,1593.7877
9534.583,9539.469,9546.927,9546.525,9478.669,9471.129,9505.238,9491.625,9484.948,9530.308,9542.194,9498.719,9490.357,9560.883
13480.948,13465.336,13480.826,13480.923,13435.104,13449.747,13489.33,13416.053,13474.435,13487.487,13413.564,13413.92,13411.667,13414.969
12554.981,12552.585,12542.889,12533.205,12494.254,12500.863,12532.693,12484.5205,12523.103,12512.255,12479.866,12455.444,12461.544,12472.375
5850.6187,5770.4146,5981.169,6041.993,6049.3345,6021.0464,6136.1914,6075.6104,6163.58,6141.947,6287.082,6213.333,6154.173,6068.1553
17037.809,17004.934,17068.48,17050.264,17023.445,17047.264,17107.908,17086.658,17190.57,17141.734,17073.61,17050.17,17019.094,17113.625
4854.7134,4846.605,4918.631,4924.9897,4983.8394,4991.825,4994.425,4978.3574,4950.384,4969.809,4997.759,5004.0283,5044.166,5081.3594
14146.454,14075.836,14182.92,14200.39,14218.169,14246.913,14256.7705,14164.998,14258.637,14245.844,14112.003,14098.225,14097.548,14158.752
1560.3904,1560.1886,1562.1111,1560.6473,1559.2677,1556.3356,1558.4603,1556.4413,1558.7778,1557.0953,1556.7916,1555.3115,1554.7971,1556.3926
17518.164,17482.623,17547.125,17520.47,17562.031,17633.123,17679.014,17580.053,17715.246,17771.148,17761.719,17729.123,17749.865,17861.568
1481.3622,1484.6782,1492.3292,1493.3475,1496.2345,1498.1033,1500.413,1496.7985,1494.0146,1494.7451,1498.0045,1497.8761,1494.4637,1496.5259
13433.401,13376.018,13355.409,13349.017,13353.775,13346.184,13271.957,13196.583,13147.017,13198.153,13204.101,13175.189,13206.617,13264.999
14170.421,14161.591,14149.019,14178.001,14176.629,14197.395,14218.227,14213.346,14169.232,14139.164,14135.172,14138.926,14096.836,14157.021
16061.864,16024.711,16086.859,16042.484,16058.943,16077.409,16094.868,16046.875,16091.554,16088.267,16044.159,16018.113,15997.698,16097.739
14880.965,14846.251,14847.932,14747.895,14838.405,14933.944,14924.413,14860.155,14949.952,14937.129,14892.656,14846.226,14977.492,15061.053
7655.9927,7482.9707,8441.913,9220.544,8945.438,7896.713,7826.189,7633.829,8111.343,8024.312,9381.069,9066.776,9054.584,9123.588
14927.94,14943.559,14959.275,14968.508,14971.763,14945.434,14973.364,14950.084,14946.758,14925.569,14949.2295,14930.713,14892.133,14928.418
4447.233,4440.9517,4490.4204,4461.3076,4361.0483,4343.8286,4544.9946,4512.7974,4485.8086,4467.602,4515.7896,4511.4307,4473.1455,4546.31
13032.257,13016.046,13030.368,13013.332,13000.434,12972.4,13000.194,12935.219,12982.799,12982.016,12967.648,12928.011,12936.954,12969.498
9986.952,9982.981,10151.075,10247.601,10254.98,10250.237,10178.556,10103.923,10132.755,10099.234,10092.998,10169.291,10172.519,10169.029
17273.988,17250.041,17342.953,17331.92,17278.498,17278.117,17235.277,17164.371,17266.22,17298.639,17315.87,17342.906,17307.182,17257.719
1904.9703,1900.5638,1902.3984,1891.8228,1886.4359,1884.7108,1885.5742,1885.66,1893.8479,1895.0378,1892.1298,1896.5234,1896.6547,1897.2405
2247.6453,2253.048,2265.6655,2263.6648,2263.2087,2251.8408,2231.317,2224.1692,2236.4604,2242.2712,2238.7295,2236.613,2226.4146,2258.0972
17781.44,17720.29,17768.984,17654.154,17631.379,17636.729,17568.98,17525.383,17648.572,17673.002,17593.201,17640.395,17688.523,17752.652
2011.9817,1999.5339,1998.8027,1989.7618,1984.7574,1976.4915,1961.4082,1958.5596,1962.1608,1970.4592,1977.8989,1984.6,1979.01,1980.7249
10553.772,10586.334,10795.659,10709.033,10615.804,10600.722,10644.858,10818.124,10895.507,10845.255,10858.95,10727.508,10693.635,10730.54
8530.411,8528.744,8548.321,8572.065,8564.522,8538.011,8518.514,8494.157,8499.623,8509.409,8519.929,8500.577,8514.582,8554.525
17491.34,17567.098,17726.107,17773.934,17691.867,17657.99,17706.787,17705.684,17801.525,17790.457,17864.047,17896.877,17724.627,17695.316
17418.898,17459.68,17491.438,17520.266,17476.191,17467.947,17501.729,17477.137,17495.086,17511.682,17531.361,17521.229,17466.92,17489.227
1528.2539,1526.9873,1528.3556,1524.3417,1518.8296,1518.6497,1520.6553,1520.4463,1524.5829,1527.4476,1526.6309,1529.0421,1526.8602,1527.397
2822.7424,2821.8613,2797.7957,2780.7417,2830.0757,2788.0193,2788.5603,2786.337,2815.9028,2866.8418,2894.2622,2881.5671,2880.647,2894.5205
1478.7947,1468.9746,1468.5433,1467.7771,1468.1809,1468.8193,1469.2672,1470.2113,1466.0563,1465.0446,1463.3073,1460.838,1458.8704,1470.0725
1605.027,1600.2076,1601.7034,1598.4757,1596.6074,1591.7739,1584.9305,1582.7865,1583.5874,1591.3395,1597.5406,1600.8029,1592.6432,1593.3726
1734.9846,1729.0582,1727.809,1723.6641,1720.1599,1715.1501,1707.7172,1705.809,1705.5686,1713.813,1719.6132,1721.2775,1714.2976,1715.9305
5950.36,5854.3423,5870.2583,5915.2197,5850.1484,5962.9243,6166.505,6158.408,6199.395,6248.322,6222.577,6309.8965,6352.095,6305.4487
518.94855,515.9975,516.7335,518.0048,519.1821,517.05145,515.029,513.40955,516.0174,515.7914,517.8303,516.4747,515.0148,515.21344
12559.272,12404.152,12431.445,12343.257,12318.617,12243.88,12221.273,12210.676,12244.83,12164.822,12146.277,12066.629,12094.374,12231.225
12733.722,12588.433,12632.358,12571.335,12549.789,12478.973,12420.09,12370.698,12377.512,12315.455,12310.491,12246.019,12256.181,12386.208
7678.0903,7666.4766,7691.3354,7703.504,7598.038,7642.157,7700.3716,7758.1846,7879.0884,7825.2427,7752.856,7731.6685,7713.691,7862.2295
1729.9954,1732.92,1736.9745,1742.3234,1758.1554,1772.8401,1768.3884,1757.2141,1782.6808,1789.0,1770.1577,1762.4185,1776.1724,1806.3069
10590.781,10563.348,10581.405,10566.882,10550.134,10525.14,10515.6875,10493.774,10552.376,10536.983,10494.392,10443.624,10465.885,10507.423
929.15155,926.9964,928.6034,927.4523,925.9169,923.41614,922.917,921.32367,925.61456,924.0561,920.93524,916.5257,918.8082,922.0698
2718.0696,2715.896,2703.7812,2705.6504,2704.4585,2708.6396,2704.1646,2704.296,2708.2068,2702.6821,2705.941,2704.5215,2696.8708,2715.6924
1060.5634,1057.846,1057.5796,1057.7533,1059.4219,1057.1627,1046.2778,1043.2372,1043.5521,1043.9207,1046.5671,1045.9523,1047.7173,1055.9304
1576.6428,1569.1368,1565.902,1570.9015,1569.6757,1563.5924,1555.3446,1564.92,1577.3446,1570.2017,1556.7783,1558.6787,1557.7765,1568.8027
2850.449,2815.9888,2845.4307,2857.5762,2846.915,2821.773,2833.2876,2858.3674,2908.8823,2884.0737,2858.7178,2865.1484,2875.9385,2904.5808
2167.8293,2165.253,2153.155,2154.8113,2155.0767,2158.9062,2159.037,2159.853,2161.698,2160.3855,2161.2354,2162.297,2155.8054,2166.1187
4113.319,4132.3037,4093.3145,4090.8389,4092.6902,4151.103,4182.6606,4156.137,4186.082,4173.054,4132.9453,4173.986,4168.735,4211.8203
4013.767,4043.599,3982.5881,3964.6184,3999.0662,4057.7998,4090.4946,4056.2783,4103.692,4082.7869,4087.101,4120.796,4155.0356,4219.7
3960.5266,3986.7642,3951.3875,3958.9404,3994.328,4050.2017,4064.5303,4024.2112,4041.3352,4036.5422,4044.5527,4081.808,4088.5134,4135.788
2191.6482,2179.6738,2182.004,2179.1013,2172.742,2170.368,2164.8787,2168.6492,2173.23,2169.1787,2168.7502,2168.6975,2169.0278,2170.2878
5326.378,5387.306,5508.915,5589.5156,5560.7407,5540.218,5569.147,5543.695,5532.9688,5564.618,5622.3438,5560.249,5631.752,5665.131
11410.459,11338.924,11377.164,11318.613,11277.913,11281.016,11229.688,11236.028,11264.387,11193.597,11183.071,11127.743,11087.852,11188.558
1210.4801,1205.1476,1205.3972,1203.6246,1197.7788,1195.9225,1183.3466,1173.2803,1165.9209,1171.0397,1176.5741,1171.8691,1169.5958,1182.5737
10720.882,10692.082,10743.261,10759.325,10728.862,10699.151,10715.753,10675.469,10689.415,10690.785,10728.935,10678.492,10672.836,10710.669
440.848,434.08047,436.03406,433.58536,432.6964,431.6439,434.28427,434.50107,435.51572,434.30917,435.99954,435.77896,437.2303,437.61575
1111.8141,1102.531,1111.341,1107.8982,1102.4216,1101.1425,1096.4521,1091.0612,1095.969,1092.6891,1090.1344,1085.4266,1084.1256,1098.2295
1195.7396,1196.2211,1189.5206,1185.6156,1185.9426,1185.5883,1191.9749,1195.5414,1196.0491,1188.1881,1186.3086,1180.2131,1181.2896,1186.2727
877.20715,873.06525,883.2365,883.67664,883.6721,881.25085,887.5572,890.6058,891.07666,886.5895,889.42755,888.7653,892.3109,895.0698
13802.731,13785.253,13795.344,13801.616,13806.032,13829.497,13869.869,13869.491,13840.619,13815.623,13810.355,13808.027,13785.148,13833.729
876.3001,875.5648,876.7168,873.93427,873.5616,873.6592,864.72614,858.8154,866.3691,868.4218,868.85974,865.2158,869.0023,881.6022
1526.8983,1523.247,1513.7252,1511.1279,1508.9901,1507.3905,1503.853,1505.0621,1508.467,1505.5405,1510.3336,1508.0322,1505.8889,1521.8582
582.22644,576.52606,570.8539,575.5171,586.53064,589.03064,587.61096,578.27997,572.06665,565.09503,558.6523,545.0805,555.91956,555.1843
1955.2979,1958.9011,1956.0002,1947.9939,1952.1824,1942.9812,1930.5687,1921.4447,1922.0581,1918.5585,1918.2006,1910.5099,1912.7164,1907.3516
1388.2054,1390.0216,1389.2126,1388.9951,1396.7368,1395.0658,1385.2175,1378.5258,1389.1417,1388.0665,1375.2213,1379.7513,1381.0635,1398.5732
1429.069,1421.7008,1416.1562,1422.367,1437.202,1435.4663,1418.2866,1417.1807,1416.7705,1417.1265,1426.8096,1439.45,1426.7657,1445.9692
1739.9543,1740.4464,1736.1969,1736.6876,1739.1361,1739.6547,1742.5635,1747.5867,1748.9232,1741.6864,1741.7632,1739.1024,1734.4341,1740.566
1483.9617,1486.0723,1480.9708,1483.4524,1480.7206,1483.7751,1485.1794,1482.7482,1486.2808,1485.9049,1480.8928,1480.8395,1481.7192,1486.0123
1678.0376,1679.5936,1666.201,1662.7916,1670.806,1676.841,1678.0227,1673.605,1677.3707,1676.0321,1675.1108,1678.4835,1685.0913,1701.5293
2004.8464,2001.2457,2002.8916,2003.088,2007.953,2010.3368,2011.5422,2012.3364,2010.2572,2003.9895,1998.9775,1992.3142,1995.8179,2001.1315
11289.44,11254.233,11173.177,11169.11,11058.378,11043.102,10914.274,10961.468,10899.636,10966.917,10964.637,10906.674,10866.343,10944.715
19572.674,19542.604,19449.502,19481.258,19577.049,19643.018,19590.266,19529.209,19480.406,19483.14,19506.559,19552.193,19593.08,19738.773
1201.9045,1202.4762,1201.0818,1194.9412,1196.6943,1189.1353,1200.4437,1205.5874,1209.9379,1207.6056,1209.4791,1199.697,1198.3024,1208.4806
3241.9978,3286.2163,3286.6091,3291.6785,3323.0708,3338.0483,3313.2876,3288.834,3411.3926,3394.6355,3388.2607,3387.4043,3402.284,3447.9048
3420.0432,3419.4912,3428.204,3459.2751,3496.2134,3493.5742,3429.7559,3392.155,3458.3625,3475.0967,3482.4268,3486.955,3482.1985,3515.567
2934.1292,2937.915,2922.1064,2930.0522,2933.5833,2945.7517,2912.498,2899.3662,2919.7974,2912.2576,2914.6023,2920.3916,2900.0925,2931.02
612.07306,590.8518,583.41754,576.0602,572.7334,573.1854,573.15717,575.4595,582.33185,574.27924,558.0156,555.37573,563.34717,582.8229
463.01093,448.83994,445.21713,441.9273,437.9634,438.6123,439.6118,439.6621,443.7116,438.76273,429.59143,428.6091,433.4915,446.24863
1965.0726,1904.6587,1888.7566,1873.1593,1856.4491,1858.1798,1860.4061,1861.8918,1880.3699,1858.6255,1817.7755,1813.0739,1832.9329,1888.5074
573.42975,555.92834,547.92163,542.5117,538.5085,540.101,539.83484,540.7941,545.55975,539.3152,526.50146,527.56226,533.00024,549.21497
595.70764,576.3288,568.6077,563.17957,558.69275,559.9838,561.0422,562.39954,567.3736,560.7916,546.9766,546.5952,552.271,570.6068
480.62863,473.66986,489.41074,483.0393,490.66852,490.77942,495.73672,501.21457,519.5089,515.34906,523.27527,517.54266,519.53503,501.77805
6044.858,6145.017,6224.292,6268.1357,6142.0244,6011.998,5988.083,6112.9146,6052.427,6091.729,6150.0044,5878.129,5877.4194,6033.661
15834.946,15936.713,15890.35,15867.207,15821.819,15923.483,15878.335,15880.533,15860.426,15842.946,15802.364,15847.592,15765.224,15911.203
9844.373,9695.513,9605.308,9888.311,9877.78,9871.039,9923.69,9927.063,10074.287,9910.483,9978.969,10196.364,10137.343,10206.043
11358.765,11268.361,11207.528,11194.768,11161.083,11196.262,11162.91,11190.514,11236.217,11161.651,11029.735,11039.899,11084.884,11229.281
11938.996,11904.152,11879.342,11898.464,11932.481,11904.301,11863.555,11841.591,11863.151,11870.002,11915.484,11885.144,11843.554,11847.469
9594.731,9572.709,9587.055,9565.724,9583.961,9591.206,9501.19,9513.663,9466.188,9479.341,9483.441,9513.763,9574.877,9664.63
9073.641,9058.609,9060.98,9051.274,9063.976,9064.995,9017.234,9036.652,9000.093,9031.692,9045.866,9081.6045,9129.698,9176.876
12975.009,12817.021,12851.832,12757.934,12734.406,12660.088,12643.093,12629.382,12667.925,12582.266,12561.204,12476.103,12509.486,12651.981
15371.273,15285.344,15327.679,15298.468,15277.768,15280.274,15245.794,15224.137,15244.347,15232.988,15232.322,15181.197,15151.642,15234.348
3663.4175,3614.1733,3617.7678,3621.864,3591.63,3564.5676,3553.5747,3581.0728,3641.083,3601.293,3570.4802,3549.5127,3534.9844,3590.226
2748.6475,2733.231,2712.1606,2723.8958,2707.389,2715.973,2707.272,2724.4275,2790.8162,2759.1565,2730.8325,2754.6077,2759.2163,2836.6226
2243.781,2246.6855,2252.1602,2280.9963,2286.5017,2288.135,2286.688,2305.7812,2299.7117,2294.6272,2304.95,2281.9014,2263.8865,2286.531
2284.807,2282.202,2277.8574,2276.324,2274.525,2279.9128,2273.0837,2269.279,2279.5771,2276.5962,2263.057,2264.4673,2260.4338,2281.2166
943.3751,937.0094,934.93713,932.2344,929.70557,929.94354,922.2999,918.26825,912.40924,919.0931,921.7218,918.8861,919.74615,923.1513
3222.3477,3217.548,3225.0251,3223.5388,3216.6768,3216.4373,3214.1047,3206.825,3222.7056,3218.2932,3215.5996,3214.2368,3214.307,3221.1692
2663.1997,2651.6587,2658.1877,2649.8892,2641.9736,2648.2239,2637.3176,2639.5117,2646.5034,2642.844,2628.808,2630.6416,2631.875,2654.3179
1410.4309,1400.6536,1409.5458,1404.9355,1395.8618,1392.3947,1394.7583,1393.5686,1402.37,1393.6439,1386.3186,1389.0654,1393.8446,1391.3728
2679.656,2670.5662,2669.692,2659.257,2658.784,2657.1328,2648.2698,2656.5576,2662.6072,2660.6965,2655.644,2652.3625,2646.653,2661.465
14997.501,14959.752,14863.573,14794.208,14853.778,14870.964,14914.234,14924.57,14906.835,14831.047,14906.297,14855.76,14816.067,15050.514
11718.686,11695.725,11619.718,11572.95,11626.355,11630.654,11655.617,11662.298,11654.575,11595.998,11650.404,11604.134,11572.716,11752.896
14597.313,14563.21,14438.276,14376.489,14391.999,14421.721,14441.712,14519.967,14540.486,14429.747,14420.667,14411.447,14362.26,14530.139
7770.5933,7759.436,7689.581,7653.9473,7663.5093,7680.163,7693.8945,7738.554,7745.3716,7679.4204,7672.878,7668.8535,7641.1694,7745.9297
14402.915,14339.988,14285.686,14328.987,14395.622,14301.457,14272.826,14236.131,14194.727,14158.143,14285.14,14258.737,14145.205,14321.132
14952.164,14876.872,14814.314,14865.401,14930.848,14839.511,14816.939,14781.594,14723.301,14682.68,14825.757,14803.793,14680.267,14871.193
2237.0823,2221.5044,2220.1965,2202.0837,2188.6433,2194.672,2189.431,2215.1677,2228.2805,2208.4675,2198.7856,2192.354,2183.9192,2201.4995
2522.9404,2520.7466,2520.9194,2537.1357,2549.0352,2546.66,2579.5027,2599.9028,2639.7314,2610.673,2609.5417,2597.7239,2603.213,2606.3235
2570.312,2568.0461,2568.1753,2584.6711,2596.825,2594.4004,2627.842,2648.6182,2689.1702,2659.5417,2658.3743,2646.354,2651.939,2655.099
16182.61,16260.077,16218.225,16254.22,16227.569,16239.579,16244.905,16241.074,16239.319,16228.696,16269.717,16266.822,16150.976,16231.765
16377.814,16402.314,16355.777,16446.834,16471.654,16467.867,16317.216,16271.863,16165.76,16190.546,16284.402,16337.845,16184.387,16325.446
10550.134,10545.737,10620.217,10632.028,10647.714,10618.111,10595.943,10551.367,10557.077,10522.985,10559.177,10593.3545,10645.5205,10680.211
7520.375,7504.014,7542.621,7531.0864,7558.906,7536.002,7526.7227,7531.0874,7526.446,7499.208,7501.958,7519.258,7560.181,7577.632
6819.9883,6815.706,6887.6357,6894.52,6933.545,6909.8076,6885.64,6868.4365,6869.858,6840.5225,6832.4414,6858.806,6898.13,6918.769
923.74927,919.314,920.15454,926.5359,931.43604,934.97784,924.0109,936.638,929.3068,926.0719,921.8877,929.69556,935.54034,949.22546
8213.506,8205.064,8269.397,8325.463,8360.117,8319.358,8356.916,8367.657,8342.088,8289.3,8342.473,8341.731,8388.183,8417.765
9101.116,9115.153,9197.934,9239.43,9265.207,9234.842,9267.427,9246.278,9234.761,9208.805,9251.272,9251.017,9299.942,9320.49
1998.2942,1997.7627,2022.3894,2026.352,2038.256,2036.772,2044.6359,2038.5934,2028.6837,2023.8695,2035.7352,2038.747,2052.4077,2060.266
2274.4602,2274.1426,2232.7876,2249.2715,2248.3054,2259.3154,2230.1157,2262.0408,2276.4006,2246.4185,2239.5664,2287.7036,2277.002,2314.1995
905.05475,907.6075,905.4536,895.04584,896.38947,902.0315,905.7527,907.61536,916.132,924.10016,929.10126,924.8965,921.95654,923.4473
1322.3446,1328.5018,1325.4186,1324.5723,1322.6299,1326.2974,1322.6372,1318.4325,1316.9674,1319.4076,1320.5874,1321.7693,1322.2412,1327.1909
1039.3984,1033.6509,1045.7117,1054.3857,1067.1635,1065.647,1096.6566,1098.0597,1093.9819,1107.734,1125.9622,1108.5516,1119.0857,1111.1204
15976.909,15958.75,15902.23,15927.198,15959.072,15909.835,15920.958,15922.673,15933.286,15832.946,15900.623,15873.475,15908.977,15965.918
13150.659,13084.508,13091.201,13069.338,13081.673,13054.935,13039.363,13018.232,13022.114,12986.582,13003.627,12985.604,13022.219,13107.2705
13553.343,13572.714,13537.611,13532.496,13573.37,13571.506,13624.615,13663.068,13713.578,13606.033,13681.696,13650.642,13674.588,13734.567
16055.428,16043.416,16012.596,15983.03,15965.661,15993.44,15953.618,15938.821,15934.355,15890.468,15929.475,15939.221,15954.925,16026.585
12291.005,12308.564,12276.732,12272.072,12309.161,12307.467,12355.635,12390.5205,12436.335,12338.803,12407.423,12379.268,12400.9795,12455.362
9942.748,9924.593,9932.485,9948.04,9962.603,9937.591,9957.248,9925.494,9930.386,9914.522,9930.166,9949.688,9986.507,9996.987
1978.8773,1968.0872,1965.7229,1957.3943,1955.9385,1958.2578,1957.0344,1959.5302,1958.4752,1950.0336,1951.9296,1942.8447,1947.9906,1967.2118
14541.361,14443.514,14457.799,14403.421,14427.704,14416.933,14410.668,14391.861,14402.981,14331.272,14332.4,14266.51,14319.037,14462.119
14869.35,14906.531,14840.742,14840.142,14873.89,14885.959,14917.823,14931.7705,14963.107,14841.638,14894.2,14843.825,14867.827,14957.067
13949.777,13878.617,13870.021,13815.245,13808.083,13808.509,13791.884,13804.007,13795.021,13741.717,13750.31,13697.528,13730.065,13858.42
10278.2,10250.327,10259.271,10244.381,10252.43,10233.726,10248.871,10254.501,10257.612,10219.357,10237.564,10232.383,10256.854,10282.955
4517.396,4516.334,4554.7964,4545.7456,4547.851,4544.816,4566.024,4559.2817,4547.4653,4506.217,4538.744,4528.198,4561.82,4586.336
3128.2742,3111.9707,3126.1133,3107.4758,3102.9124,3101.8362,3106.983,3090.7314,3076.0203,3083.3003,3091.5195,3088.6165,3111.5715,3124.589
4492.398,4472.8696,4497.045,4441.2354,4417.159,4395.2666,4360.1016,4339.0776,4300.9097,4293.9595,4329.618,4325.743,4377.7314,4407.744
4154.4507,4129.2695,4129.2363,4070.728,4052.825,4043.1428,4043.7964,4056.214,4037.9702,4020.8464,4040.75,4030.82,4077.1672,4092.6965
1080.5018,1077.8497,1089.7844,1093.6565,1096.0399,1091.2152,1090.2223,1087.0403,1087.7338,1083.3121,1087.6283,1090.2411,1094.7312,1098.3297
1461.9976,1459.4485,1469.7336,1480.8422,1484.444,1477.5471,1487.2861,1492.7949,1488.5518,1474.6208,1485.6555,1482.6228,1487.9706,1494.9728
2208.067,2200.5586,2208.956,2201.944,2203.2397,2193.9429,2192.609,2191.079,2192.9563,2190.0854,2198.5798,2202.8284,2210.0757,2217.0862
2166.4167,2163.6792,2167.9097,2168.734,2173.0994,2159.2812,2157.9197,2153.4573,2154.0054,2146.8428,2153.8284,2154.8745,2162.7244,2170.5
12166.134,12154.546,12122.408,12148.3955,12174.943,12130.096,12129.147,12127.319,12126.369,12049.201,12102.398,12087.501,12113.76,12162.666
887.4866,899.6058,911.7883,911.0099,918.9894,916.3411,913.2675,900.0625,899.2492,909.1021,915.70715,924.0805,930.5152,936.54694
925.82825,939.2452,954.42505,954.299,962.3014,957.8829,956.4147,943.5283,943.7817,954.81366,965.41754,971.4586,976.91595,981.8698
1759.9109,1779.8778,1777.8375,1772.982,1749.9896,1753.1316,1744.4686,1752.0228,1741.4749,1744.978,1752.0789,1740.9384,1740.5685,1793.5597
1036.2456,1050.1976,1064.4437,1071.374,1074.5237,1081.9375,1083.9374,1084.7007,1087.0568,1067.492,1085.3944,1080.9575,1065.5328,1094.3945
1024.8687,1032.8539,1044.601,1043.8369,1049.8485,1048.215,1049.1896,1040.0409,1034.462,1024.4858,1035.9441,1027.9863,1028.8766,1052.587
14793.081,14852.782,14960.691,15063.185,15095.797,15068.14,15055.591,14993.017,14908.509,14875.036,14883.35,14863.244,14938.048,15002.25
1273.3123,1280.7147,1287.3055,1295.5585,1294.9552,1299.4115,1300.2064,1307.5509,1304.5142,1297.931,1307.6587,1303.7738,1297.1366,1310.295
1296.2816,1299.7491,1305.8754,1304.8994,1305.9287,1304.4739,1302.1118,1300.175,1292.6177,1286.1027,1286.106,1287.2975,1295.3356,1304.3037
1274.4382,1277.6201,1283.7756,1284.3868,1286.5233,1283.8546,1278.7909,1274.7084,1266.8363,1262.318,1262.883,1261.2496,1269.0093,1277.3055
14065.786,14161.897,14262.5625,14311.753,14409.209,14456.676,14538.055,14559.832,14521.134,14525.117,14506.915,14469.009,14527.558,14656.95
1873.8966,1879.7878,1886.7869,1882.048,1877.2759,1877.5002,1896.6196,1917.0032,1931.2725,1922.8096,1919.2045,1898.5123,1895.8425,1882.9242
6403.3667,6390.267,6407.4087,6354.8667,6452.495,6467.0483,6488.4346,6473.334,6510.142,6546.469,6523.91,6470.8345,6489.6616,6509.1733
14524.262,14502.947,14515.6455,14591.914,14593.673,14574.318,14618.252,14726.396,14584.036,14571.301,14559.737,14546.151,14611.149,14773.833
13777.231,13755.543,13758.483,13744.899,13742.662,13727.591,13726.787,13716.661,13731.372,13703.944,13730.026,13705.925,13723.848,13786.186
5025.3774,5033.9736,5054.6987,5059.441,5065.6313,5065.7954,5071.4214,5086.986,5087.0493,5024.934,5044.405,5022.747,5061.3936,5125.023
1631.1096,1628.4233,1628.5332,1626.429,1625.6206,1624.1274,1623.9506,1622.6184,1624.5432,1621.1785,1624.4967,1621.8037,1623.7457,1631.6553
10629.106,10588.75,10573.124,10567.438,10542.236,10541.27,10565.202,10581.824,10572.727,10561.312,10565.422,10554.484,10543.522,10552.746
2565.0393,2578.261,2590.9023,2594.7363,2602.4666,2602.2356,2602.7444,2601.5667,2596.179,2600.4973,2599.1555,2599.978,2616.4004,2632.19
18923.668,19083.889,19113.848,19134.326,19172.363,19152.596,19166.484,19190.865,19214.568,19211.188,19146.191,19175.68,19359.62,19502.582
21814.654,21928.432,22036.42,22063.057,22133.95,22124.926,22137.387,22129.826,22108.03,22147.127,22137.758,22145.1,22288.766,22407.348
22889.709,23009.023,23121.139,23148.932,23224.834,23214.21,23226.943,23219.072,23195.957,23235.879,23225.941,23233.258,23384.074,23508.262
6940.2085,6954.866,6966.9297,6984.935,7043.489,7051.429,7124.7583,7036.2427,6926.8896,6807.335,6976.29,6708.317,6785.0825,6893.519
1366.081,1353.214,1352.2689,1340.1,1349.0432,1355.4531,1358.0472,1352.6548,1350.6501,1357.4669,1373.192,1373.8939,1379.1178,1385.0972
19026.19,19181.596,19189.518,19221.287,19339.572,19346.56,19377.912,19383.117,19382.201,19412.852,19330.764,19298.426,19419.168,19581.82
19577.479,19661.08,19784.973,19963.385,20019.822,19935.215,20045.922,20042.164,20162.42,20276.629,20333.146,20363.203,20438.885,20402.69
1709.1259,1715.6552,1717.8837,1719.2479,1728.6698,1729.1376,1728.6868,1715.2078,1715.516,1712.7468,1712.1338,1707.1143,1720.9696,1731.5225
9329.3,9255.545,9440.186,9330.388,9451.781,9434.904,9669.121,9744.779,9815.167,9559.635,9851.394,9611.634,9834.798,9898.073
1069.4911,1071.7996,1070.7268,1071.3745,1074.5658,1072.7433,1066.5093,1063.6805,1061.1951,1063.2886,1067.942,1060.1453,1060.3508,1070.3201
1163.7709,1167.3828,1171.2324,1174.2887,1173.4471,1169.9149,1169.7682,1170.0897,1173.4059,1176.0792,1183.857,1179.021,1178.736,1180.7684
2297.0876,2318.8005,2347.2258,2368.7004,2355.7542,2363.969,2367.8228,2387.0852,2380.2488,2399.4854,2411.2852,2413.0989,2402.6204,2416.679
7390.7524,7401.031,7406.1987,7366.4155,7217.2285,7221.0015,7142.2803,7202.928,7206.97,7182.6045,7203.5757,7223.6284,7253.4336,7378.016
2234.4338,2230.1453,2233.1885,2244.7688,2231.853,2237.222,2263.5906,2249.7178,2255.2893,2251.7146,2257.5188,2258.6553,2264.8696,2283.3726
23077.184,23258.57,23299.738,23357.01,23376.115,23354.477,23408.453,23405.297,23479.8,23530.92,23509.307,23648.002,23823.406,23973.428
8035.271,7828.2427,7712.217,7612.159,7481.483,7464.8447,7209.9834,7270.9165,7272.344,7312.219,7279.688,7366.593,7446.999,7582.8384
10547.621,10535.844,10576.589,10562.118,10517.102,10499.941,10456.897,10495.97,10559.301,10515.383,10494.837,10529.005,10525.883,10541.147
10269.785,10243.684,10312.399,10343.093,10366.717,10316.9795,10367.36,10363.98,10386.924,10400.235,10420.066,10402.836,10396.86,10381.013
8058.2715,7962.617,8098.6274,8076.253,8143.056,8162.326,8309.815,8338.763,8452.96,8396.575,8370.355,8334.09,8462.83,8346.098
14857.827,14848.759,14702.162,14811.948,14905.109,14931.562,14899.908,14933.745,15064.678,14962.951,14920.629,15032.909,15044.179,15264.412
5857.199,5758.145,5763.9395,5757.895,5710.502,5718.1157,5695.6694,5779.3076,5784.2627,5752.0283,5671.317,5629.2964,5622.3926,5697.3184
13073.083,13130.7,13112.323,13140.421,13198.127,13179.133,13122.917,13154.12,13148.632,13103.463,13081.694,13114.3545,13138.987,13231.583
14399.639,14441.882,14311.835,14273.305,14310.78,14316.178,14303.008,14394.477,14408.473,14345.118,14258.526,14292.331,14351.887,14464.889
11238.366,11223.048,11100.905,11124.757,11102.661,11119.8125,11136.655,11237.337,11230.228,11174.845,11103.917,11097.483,11164.211,11263.811
3490.7427,3491.7998,3486.6392,3486.3542,3493.6868,3489.3687,3490.359,3509.55,3516.2434,3494.2808,3484.3127,3484.7542,3505.9565,3518.1658
3358.0032,3350.3137,3358.7837,3351.473,3369.7185,3362.041,3377.6125,3419.6877,3434.634,3373.2185,3386.7021,3384.4092,3381.5398,3400.6936
5237.1694,5214.2456,5239.767,5241.692,5258.2964,5259.6177,5284.865,5301.94,5346.158,5313.485,5299.3315,5304.9165,5355.819,5333.2896
5719.111,5717.197,5851.215,5876.873,5830.523,5838.4697,6004.1094,5922.5835,5918.98,5902.132,5968.556,5938.3716,6050.9473,6007.9883
5322.3125,5357.6978,5317.2046,5330.5176,5349.9707,5352.1396,5322.2974,5337.547,5344.817,5336.8047,5324.14,5341.1465,5353.6177,5418.007
1706.2802,1689.2006,1712.8044,1712.6725,1693.5421,1675.8534,1664.8317,1668.3783,1696.5753,1696.8838,1688.9622,1693.028,1669.0919,1683.3488
1463.1768,1445.938,1468.2035,1458.3135,1442.4,1424.6523,1411.7335,1426.9579,1457.1968,1449.3071,1451.5415,1449.3666,1423.8655,1439.272
1401.4677,1385.0763,1405.768,1396.5929,1381.9863,1364.9805,1351.9321,1366.1721,1394.1414,1387.0337,1389.2533,1387.6589,1362.9675,1376.6832
15573.591,15665.812,15654.19,15709.327,15820.71,15776.292,15678.8955,15742.193,15751.977,15697.168,15660.831,15708.484,15721.186,15855.2705
13884.977,13938.251,13871.848,14131.049,14293.975,14417.879,14537.614,14623.625,14745.253,14742.482,14684.337,14570.054,14489.308,14452.764
17849.32,17912.998,17919.178,17950.516,18016.707,17938.217,17826.148,17835.299,17779.855,17742.588,17748.182,17741.232,17749.59,17915.238
4742.935,4721.478,4729.943,4709.3643,4706.4844,4698.5156,4686.786,4685.3394,4720.339,4716.146,4726.5957,4737.039,4745.6265,4685.5503
4659.052,4668.9673,4724.9575,4734.367,4718.3887,4704.0815,4710.6216,4720.3154,4730.7134,4722.247,4736.799,4715.5186,4744.7686,4743.64
17257.186,17319.484,17331.33,17362.596,17427.91,17353.662,17243.56,17248.363,17191.29,17154.695,17161.188,17152.678,17161.975,17319.184
16595.182,16666.496,16542.045,16528.31,16652.426,16597.41,16474.625,16556.38,16535.432,16519.066,16479.436,16476.795,16550.566,16710.05
22733.797,22888.111,23054.889,23198.242,23236.621,23171.26,23074.564,22975.785,22868.498,22865.389,22871.66,22905.824,22983.152,23211.828
7263.5566,7235.4087,7305.433,7255.869,7228.3926,7189.454,7180.1357,7250.3022,7454.0835,7375.259,7395.5864,7377.042,7324.201,7513.6367
12571.801,12450.611,12406.212,12374.363,12485.8545,12517.88,12427.287,12392.594,12430.829,12424.857,12462.905,12485.734,12436.508,12503.411
1408.1078,1396.9683,1383.6857,1382.5731,1387.4181,1381.8446,1366.3483,1364.012,1362.6769,1370.4448,1376.5183,1371.6674,1367.4987,1374.5834
14897.669,14874.263,14782.172,14798.131,14869.305,14796.185,14651.546,14658.96,14603.771,14632.645,14703.177,14719.104,14722.823,14826.662
14618.247,14535.047,14531.78,14514.061,14454.614,14416.74,14406.856,14412.833,14519.901,14451.146,14363.317,14290.16,14287.652,14431.121
1991.359,1983.5493,1976.5615,2000.8162,1999.1296,1994.289,1997.0801,1995.3895,2024.7515,2001.2867,2004.7007,2025.6594,2024.7906,2046.8086
13887.033,13952.898,14213.484,14262.924,14367.995,14396.682,14477.786,14378.442,14194.091,14200.896,14175.838,14116.77,14178.84,14316.68
20752.414,20709.16,20573.94,20539.006,20702.9,21048.223,21044.182,20700.543,20814.7,20887.55,20946.291,21112.94,21248.762,21462.406
3753.7017,3658.8452,3671.4275,3629.5608,3641.8035,3593.743,3610.705,3607.293,3620.6592,3514.694,3431.4812,3391.2625,3398.203,3425.0806
13470.736,13474.145,13479.716,13466.888,13481.171,13551.685,13548.411,13469.368,13523.349,13527.691,13475.774,13478.432,13506.437,13636.82
15307.803,15342.157,15211.479,15210.472,15214.794,15202.112,15155.655,15291.747,15337.266,15251.78,15140.645,15179.119,15207.497,15349.911
6013.1353,6022.675,5980.367,5988.674,6003.7974,5988.32,5957.002,5985.7803,5983.45,5965.6196,5956.507,5967.415,5989.9663,6057.9404
12971.966,13026.508,13010.486,13046.914,13098.802,13077.881,13024.923,13055.027,13049.301,13001.82,12986.272,13026.549,13041.693,13123.942
14821.84,14786.729,14794.005,14811.493,14773.686,14824.485,14802.039,14783.44,14838.007,14805.326,14722.277,14717.172,14706.5625,14842.942
14807.267,14793.849,14872.914,14886.289,14864.771,14942.307,14935.201,14785.908,14905.561,14915.355,14774.826,14793.49,14859.277,15002.036
12735.014,12709.041,12693.852,12725.921,12694.725,12699.8,12652.376,12624.473,12704.043,12705.071,12578.743,12584.021,12586.983,12656.06
17380.992,17646.277,17495.926,17714.664,17623.748,17732.086,17732.748,17671.416,17829.729,17970.104,18126.557,18094.375,17920.46,18513.592
15343.271,15341.976,15267.832,15372.663,15384.107,15409.474,15379.672,15399.651,15567.163,15545.105,15382.494,15400.152,15394.068,15562.78
19191.715,19159.66,19100.586,19144.594,19158.494,19191.83,19176.705,19173.727,19336.879,19283.592,19127.582,19142.49,19127.477,19337.871
6596.077,6593.557,6623.419,6844.1245,6765.903,6644.1445,6564.934,6649.9336,6757.0225,6804.1177,6788.373,6927.449,6784.9546,6928.375
16862.918,16843.76,16798.627,16758.195,16726.37,16747.113,16765.223,16767.781,16807.844,16813.064,16805.541,16812.477,16819.48,16832.78
11616.084,11389.435,11458.385,11388.481,11264.997,11276.318,11287.553,11374.73,11519.577,11434.724,11414.272,11418.352,11364.743,11338.193
15937.135,15910.15,15886.263,15842.82,15833.644,15846.519,15845.938,15849.67,15873.587,15878.169,15873.068,15858.86,15850.899,15874.255
19422.674,19416.508,19398.656,19301.102,19280.055,19349.406,19324.656,19237.422,19354.328,19378.336,19305.883,19300.027,19381.951,19527.57
14473.723,14425.641,14423.045,14427.015,14379.261,14380.604,14448.608,14400.066,14476.703,14407.195,14274.037,14276.502,14337.177,14362.719
11849.083,11912.16,12014.18,12038.708,12065.25,12140.184,12180.931,12069.977,12147.313,12215.984,12126.646,12040.103,12059.027,12207.9
12762.883,12812.6045,12831.795,12824.602,12802.458,12856.029,12876.321,12854.104,12916.164,12944.258,12883.22,12824.871,12808.449,12929.638
13495.518,13464.702,13396.838,13352.03,13313.226,13409.365,13442.393,13410.792,13355.184,13354.137,13381.397,13406.769,13326.308,13483.949
4541.5713,4555.4756,4530.856,4555.526,4556.2104,4581.623,4578.671,4590.7256,4676.4014,4609.8066,4604.113,4668.7886,4646.2026,4700.7383
4026.9956,4148.7993,4876.4043,4077.3994,4809.7188,4238.3564,5200.454,5225.8833,4702.6543,3809.103,4706.9814,3773.2656,4938.462,6533.4272
17153.232,17098.49,17015.488,17001.06,17020.203,17013.885,16949.113,16947.547,16976.576,16930.7,16971.365,16975.594,16963.934,17101.574
1708.2035,1702.4911,1694.0533,1687.1512,1686.0941,1689.6398,1685.6301,1688.0596,1697.2222,1692.9142,1690.0033,1693.2815,1698.4695,1716.065
3890.6826,3986.9766,4316.0854,4333.599,4334.985,4367.5645,4383.241,4465.202,4566.975,4354.6084,4574.1157,4464.723,4525.287,4599.3394
2313.8508,2305.386,2295.0986,2294.2334,2297.7373,2296.0066,2289.655,2287.7922,2293.1633,2286.5322,2292.8157,2292.4873,2292.2302,2310.4792
11957.768,11895.191,11753.323,11861.16,11909.848,11978.794,12101.164,12035.682,11996.541,11999.894,12089.994,12165.564,12127.607,12309.5
2791.8242,2575.4707,2390.4973,2232.13,2245.035,2438.3137,2418.454,2385.3867,2248.704,2283.26,2384.5803,2007.0444,2053.7197,2270.6782
1430.8928,1419.6493,1394.274,1399.8948,1385.9211,1389.0619,1398.1965,1403.8287,1406.9973,1396.4336,1369.0972,1352.6445,1376.7848,1392.1727
391.3545,393.5985,405.39127,419.63998,422.63443,419.5933,411.07883,419.4436,414.8891,416.36813,432.0577,431.50742,421.22064,425.08563
1258.754,1253.7056,1269.2861,1270.8112,1299.4983,1305.0055,1319.8262,1324.076,1329.9653,1326.9318,1350.5475,1326.8069,1327.4109,1348.2998
1643.7701,1606.2225,1604.0402,1589.3302,1580.3998,1568.4375,1574.7542,1576.6246,1566.8268,1539.0126,1516.2714,1503.6978,1509.454,1525.8765
4112.0845,4124.5723,4092.1565,4101.1055,4104.463,4136.501,4156.946,4159.3896,4168.312,4169.671,4162.5977,4157.52,4142.9663,4160.3926
10153.172,10184.112,10187.091,10288.069,10289.538,10351.334,10445.52,10471.12,10421.808,10433.369,10431.69,10404.732,10417.349,10448.752
1490.7893,1480.1522,1474.2588,1475.1661,1472.1018,1462.2227,1458.7391,1463.5287,1463.4575,1460.0902,1452.6428,1447.893,1448.1218,1452.7245
4099.9272,4035.8896,4112.891,4096.644,4122.947,4121.7725,4097.443,4076.6519,4071.577,4103.7734,4146.2695,4170.5337,4211.8047,4264.0728
1492.6235,1497.2019,1495.2672,1494.6172,1502.5952,1514.7627,1514.71,1506.0249,1516.7412,1521.4714,1517.6704,1514.1271,1519.0914,1534.9905
14376.677,14464.8125,14468.317,14493.178,14589.772,14728.483,14751.752,14650.236,14976.742,15012.638,14849.594,14802.58,14958.379,15241.176
12001.167,12085.168,12055.856,12102.904,12108.462,12159.817,12162.925,12120.7,12303.026,12326.783,12234.1455,12269.407,12312.044,12475.588
685.58984,677.8255,688.47107,685.8088,684.3972,683.96686,685.4222,685.87585,690.89386,693.58936,694.2531,686.9213,678.6864,671.6432
1378.6036,1374.9847,1368.8851,1368.2642,1367.041,1368.0913,1368.5312,1369.3076,1367.977,1365.156,1371.3912,1373.4302,1366.225,1374.5532
9182.155,9128.781,9100.358,9061.113,9039.341,9053.281,9041.803,9051.867,9120.89,9061.906,9056.614,9029.7705,9035.017,9079.605
1461.9734,1454.2627,1457.7323,1458.7876,1458.4579,1455.879,1444.8243,1438.7285,1434.9125,1433.9286,1440.4694,1443.7588,1440.6952,1451.5626
1682.1411,1673.273,1677.2666,1678.4863,1678.1064,1675.1415,1662.4222,1655.4077,1651.0104,1649.8794,1657.4056,1661.194,1657.6675,1670.1765
3932.7886,3913.3323,3910.9834,3919.5347,3927.127,3920.7036,3907.6802,3894.1833,3888.881,3893.306,3903.438,3906.2,3915.1785,3935.6025
17660.576,17640.406,17595.027,17584.695,17589.738,17615.562,17646.248,17639.55,17650.389,17637.91,17652.863,17644.066,17648.959,17690.887
16774.297,16721.963,16779.812,16768.129,16792.31,16909.938,16971.97,16867.646,16929.76,16911.035,16752.889,16681.826,16780.07,16906.463
7831.135,5866.006,5553.9883,4213.666,6797.977,9075.493,11572.936,9793.49,8006.1733,7370.879,7596.001,5502.589,7399.4014,8376.461
19003.846,19015.516,18906.424,18881.95,18843.936,18898.525,18881.84,18925.535,18924.479,18900.938,18847.06,18856.766,18833.88,18999.164
14686.382,14666.283,14563.073,14545.259,14535.166,14569.437,14574.5,14580.646,14573.659,14555.256,14602.503,14633.518,14568.143,14657.41
10594.78,10560.259,10604.027,10528.448,10566.545,10604.307,10497.85,10415.728,10498.281,10464.652,10424.473,10412.308,10473.285,10605.329
1510.8932,1505.8916,1505.4343,1500.6584,1498.918,1499.4072,1493.161,1490.3292,1491.528,1488.6288,1484.5033,1485.6104,1489.175,1501.5334
1135.5682,1133.9695,1130.0887,1123.2582,1121.2777,1126.6703,1120.3398,1119.0717,1122.3445,1118.1447,1116.1602,1119.151,1123.6803,1136.8585
1116.8804,1111.0823,1107.1403,1105.2703,1105.9696,1106.7908,1094.1506,1088.1735,1088.162,1086.691,1089.4652,1093.866,1097.7982,1108.0627
11198.079,11157.783,11156.532,11119.104,11106.986,11107.915,11061.201,11039.217,11051.022,11028.097,10995.119,11002.4375,11030.232,11122.648
896.93134,908.4509,906.2796,912.8907,894.2053,905.67755,873.7901,865.2119,872.83527,898.06793,879.5005,893.29767,878.16675,894.71967
1537.5083,1547.0366,1584.4453,1576.6691,1584.4844,1593.8705,1595.7206,1596.3265,1609.2659,1599.43,1602.5441,1614.48,1629.1667,1651.916
1675.5237,1679.6776,1677.0266,1672.6426,1679.2983,1694.7151,1713.1447,1700.2959,1685.8954,1696.8031,1690.5739,1674.8292,1692.395,1708.7043
4023.0671,3964.1616,4019.3247,3990.8,3990.9204,4008.8281,4093.7043,4087.983,4169.691,4117.1406,4074.2473,4067.452,4167.1167,4102.6064
12837.169,12807.088,12682.507,12661.045,12648.599,12714.082,12671.671,12648.402,12665.72,12609.715,12640.31,12720.772,12633.539,12764.025
17217.174,17187.588,17032.576,17013.775,16994.043,17075.973,17008.613,16986.031,17015.4,16956.695,16986.98,17077.736,16953.953,17107.115
14550.8,14509.266,14455.654,14429.895,14363.028,14406.248,14333.287,14382.828,14469.124,14393.418,14327.295,14291.047,14244.953,14420.412
3867.8293,3855.5762,3865.909,3856.0786,3854.076,3851.6104,3860.8657,3842.1494,3857.2593,3844.0835,3818.6736,3810.6567,3824.6602,3836.3984
12049.226,12011.668,12043.337,12019.395,12014.824,12008.374,12038.689,11979.249,12028.027,11987.049,11907.637,11885.71,11927.727,11962.255
3446.497,3439.8342,3480.1353,3479.7131,3492.591,3483.3076,3465.0664,3486.97,3510.6194,3500.1125,3469.6948,3462.1023,3473.227,3448.9446
1853.8041,1858.2168,1849.585,1853.3934,1852.9128,1868.934,1874.2239,1859.8088,1856.8907,1871.0265,1868.8676,1871.1425,1873.7838,1902.8789
1915.7151,1907.3927,1905.6055,1913.2123,1917.8622,1920.0665,1914.2659,1900.969,1887.8315,1896.134,1906.9954,1906.9241,1901.7456,1921.0459
6640.8433,6559.4062,6670.2075,7047.997,7227.1167,7192.9507,7241.8257,7017.505,6795.434,6725.4536,6710.4624,6507.6475,6597.3926,6583.4487
14883.003,14951.994,14962.245,15030.817,14989.943,15049.533,15014.595,14994.723,15010.868,15037.154,15021.849,15050.0625,14986.707,15076.084
1764.7917,1765.9572,1763.3416,1759.9152,1753.6135,1765.943,1763.3328,1749.263,1756.5044,1766.3467,1752.3824,1749.8805,1766.1023,1782.4519
1727.4329,1737.1117,1740.3752,1749.1663,1744.5427,1751.3928,1744.9303,1741.8887,1746.9059,1750.4608,1747.6217,1750.4333,1746.4707,1755.8604
8122.931,8065.002,7978.8623,7981.2544,7943.046,7934.3247,7818.043,7812.8354,7815.696,7899.2695,7957.088,7845.9404,7749.2812,7813.55
13609.111,13430.535,13446.358,13478.152,13476.425,13339.861,13225.728,13191.896,13245.1045,13240.652,13286.396,13229.928,13245.732,13214.824
996.08575,987.9028,989.7866,989.9987,990.86505,984.42725,978.6424,977.908,983.25354,982.3889,977.6978,976.3832,980.3496,972.7725
1090.6621,1029.8464,1104.0162,1085.8912,1114.8517,1137.8315,1215.6433,1254.1958,1318.3438,1282.5516,1262.8502,1254.6073,1325.4362,1236.814
1550.922,1549.9844,1537.3297,1527.2297,1523.4026,1527.4182,1524.5458,1529.3448,1533.0403,1537.7999,1533.3965,1534.8671,1538.5474,1544.3789
13038.369,13042.72,13111.073,13042.068,12985.061,12981.9795,12993.518,12977.414,13001.615,13015.656,13014.265,12984.724,13026.147,13070.347
13875.824,13960.043,14097.936,14143.797,14031.292,14086.225,14109.906,14126.636,14188.686,14150.525,14260.417,14247.653,14149.842,14235.9375
1726.7122,1719.6726,1695.0516,1692.8042,1690.9203,1688.1061,1673.1168,1698.9688,1710.8004,1697.4254,1664.9252,1666.8849,1664.5752,1674.3844
11254.063,11250.961,11334.825,11346.157,11347.374,11320.987,11310.633,11296.345,11307.281,11296.807,11319.348,11326.767,11335.54,11349.613
2397.639,2399.7744,2467.5906,2372.9238,2328.741,2326.6353,2347.0735,2365.7676,2353.1506,2306.6436,2330.9915,2185.838,2230.4421,2260.7192
10851.615,10848.606,10929.43,10940.348,10941.547,10916.101,10906.1455,10892.395,10902.9375,10892.799,10914.501,10921.638,10930.1,10943.688
1740.1174,1750.6205,1767.3057,1773.0856,1759.0746,1765.8141,1768.7466,1771.4087,1778.7585,1773.8599,1787.0258,1785.8086,1773.553,1784.3119
2425.3694,2416.5183,2419.2424,2402.9448,2383.5603,2402.5234,2416.2993,2424.723,2422.6016,2418.094,2410.19,2408.425,2392.525,2392.0527
1534.3424,1543.6024,1558.3142,1563.4116,1551.0577,1557.0052,1559.591,1561.9314,1568.4141,1564.0968,1575.7051,1574.632,1563.8257,1573.3104
1626.0691,1628.1232,1634.6625,1634.3105,1633.1207,1627.6682,1618.6277,1612.9131,1610.6843,1610.5868,1618.1171,1615.283,1617.578,1624.0706
2577.558,2559.378,2547.7603,2536.9607,2535.2627,2540.0046,2551.6873,2576.0264,2587.3127,2582.5227,2564.2754,2574.9893,2577.5305,2576.9583
1641.6897,1607.205,1615.1918,1572.817,1532.0237,1543.0316,1574.8951,1603.7279,1614.9578,1587.8685,1556.4401,1505.4373,1490.7828,1531.0703
3893.652,3895.2163,3876.2227,3927.7822,3934.7454,3965.0703,3952.1304,3904.8967,3925.4583,3953.872,3977.0874,4005.2751,4005.2668,4068.9946
2112.573,2101.66,2090.3547,2093.01,2097.6543,2102.7488,2093.818,2085.661,2091.9348,2087.045,2099.849,2104.984,2105.1716,2126.7883
16992.873,17005.508,17075.982,17126.248,17134.139,17163.41,17284.326,17342.838,17328.363,17282.55,17356.56,17300.127,17301.19,17354.451
15618.92,15586.615,15568.731,15559.027,15574.445,15627.123,15652.239,15651.083,15634.058,15644.551,15645.512,15644.21,15645.793,15671.916
4155.295,4216.778,4201.384,4212.911,4252.3276,4277.003,4284.093,4244.001,4373.4604,4383.476,4381.978,4366.1187,4408.305,4492.603
6066.116,6040.8086,6022.5703,6017.9126,5995.614,5970.299,5930.962,5933.8755,5927.7583,5936.0093,5971.0005,5968.6323,5976.286,5996.25
19715.94,19779.59,19743.861,19777.418,19859.76,19889.791,19775.05,19652.088,19802.662,19840.54,19913.498,19925.693,20029.7,20249.16
1903.7473,1903.4286,1897.8403,1899.1736,1900.5167,1900.5109,1896.8456,1888.4851,1881.2601,1882.9894,1886.3899,1889.1116,1887.3446,1894.9292
1376.8636,1376.7736,1373.1248,1375.2968,1375.7709,1375.1539,1371.2643,1365.1652,1359.2438,1361.1035,1363.8552,1364.2892,1362.5166,1369.334
1191.2263,1202.6968,1198.9877,1211.9122,1215.2983,1221.3789,1207.2136,1205.4724,1200.5955,1208.8365,1202.0924,1195.0992,1202.152,1208.755
5872.651,5838.2256,5855.5703,5830.9785,5814.7295,5825.9575,5842.74,5848.955,5883.8125,5885.028,5882.314,5859.826,5863.78,5869.186
13405.042,13325.867,13323.749,13200.337,13230.911,13303.941,13153.233,13082.948,13200.18,13166.558,13120.4795,13106.73,13155.004,13388.955
14134.326,14039.577,13933.117,13882.439,13868.536,13879.243,13699.817,13661.092,13636.8545,13645.485,13700.667,13763.164,13790.463,13988.838
584.4885,593.00385,599.9238,607.4216,603.39264,595.2985,586.0143,598.1258,613.22107,615.5326,604.1436,591.7279,594.77997,590.13293
947.2352,952.6464,962.33136,964.19275,962.71136,959.0142,955.8114,952.5167,959.49347,967.11346,962.4266,962.40186,965.16046,962.42004
16651.691,16622.252,16571.674,16570.188,16562.729,16575.332,16569.713,16548.678,16564.22,16548.557,16563.553,16563.367,16549.904,16600.291
3779.2937,3783.2002,3795.4265,3801.7812,3802.1133,3806.2263,3821.732,3809.63,3818.117,3819.6929,3825.8455,3817.615,3833.804,3836.6248
8806.843,8820.425,8753.3955,8754.023,8776.254,8752.644,8819.2,8847.402,8888.863,8829.798,8874.078,8831.128,8861.196,8898.252
16313.386,16270.325,16246.093,16209.6875,16174.995,16203.629,16190.973,16178.02,16203.984,16189.876,16155.838,16144.386,16169.907,16237.344
2282.349,2281.2402,2282.5627,2280.0173,2276.5532,2284.8918,2283.5598,2258.6118,2260.4402,2261.174,2257.531,2245.3206,2250.243,2256.8428
11215.891,11280.585,11328.942,11290.406,11349.95,11343.603,11190.916,11232.27,11226.165,11199.195,11309.927,11161.81,11132.335,11230.961
12597.544,12578.149,12516.386,12481.269,12486.194,12478.806,12492.824,12504.81,12536.203,12473.474,12511.622,12479.237,12471.988,12558.985
8524.375,8498.028,8580.632,8578.314,8613.099,8550.486,8441.453,8456.448,8678.432,8620.2705,8588.892,8560.621,8529.896,8653.791
6191.9824,6181.4355,6135.3823,6151.0728,6170.11,6195.101,6232.2344,6232.9053,6238.0435,6184.472,6209.43,6206.4146,6212.956,6282.74
774.0157,772.97974,775.94104,770.73395,756.0708,757.682,760.2976,764.55725,764.5095,764.5928,765.09625,754.6658,753.2887,749.8014
854.71484,864.3057,884.5851,874.5649,874.4933,880.985,894.7972,898.2289,870.7451,867.2627,870.038,861.6858,875.9664,895.218
2527.183,2540.295,2484.2578,2500.4,2495.5144,2535.2239,2536.0889,2519.5144,2506.4568,2537.795,2506.5444,2507.43,2517.6401,2597.1257
2263.3933,2263.5676,2261.0198,2262.6584,2257.5657,2253.3535,2255.0144,2251.4558,2260.707,2261.6924,2261.5698,2258.7256,2258.903,2267.5747
867.80566,863.4911,862.3933,861.61835,862.7509,859.306,859.63434,863.05145,865.8634,865.3176,865.6109,863.9367,863.0051,865.1626
1215.4254,1203.3757,1207.3473,1204.6982,1194.7302,1164.773,1161.0027,1163.9623,1174.644,1169.346,1190.186,1181.1671,1179.283,1179.4249
1079.5217,1079.2328,1089.4779,1084.776,1089.5822,1083.7468,1084.07,1092.4269,1093.9377,1097.7765,1100.8105,1081.3654,1081.3201,1085.351
1752.5648,1740.3152,1728.3181,1720.4341,1717.3381,1714.5226,1694.353,1693.258,1692.5841,1696.2832,1704.1287,1709.5435,1712.4333,1729.2139
1732.5219,1722.9535,1722.0387,1709.4292,1717.6901,1719.1669,1701.6467,1691.4559,1689.856,1698.0492,1711.9843,1710.8134,1721.5581,1738.072
6435.706,6413.151,6430.844,6424.088,6424.5967,6408.6123,6401.7866,6376.995,6401.877,6394.005,6381.282,6356.283,6373.475,6393.0884
5740.7866,5723.897,5695.4683,5712.1665,5659.2188,5698.6914,5650.283,5672.736,5665.5776,5670.1636,5584.745,5609.1753,5604.563,5647.929
5061.169,5036.0503,5038.3335,5048.2363,5016.8247,4995.932,4971.459,4986.4766,4973.533,4953.7163,4975.474,4977.8022,4953.9043,4980.071
7613.354,7511.282,7529.067,7536.042,7495.375,7456.163,7442.5034,7445.3906,7507.7354,7462.694,7452.512,7427.414,7414.3057,7425.8643
1806.463,1801.2292,1810.3558,1804.0187,1799.8221,1796.8519,1788.5126,1777.5212,1792.439,1793.3247,1784.1578,1784.2029,1794.2933,1805.8542
10030.034,9971.654,9939.946,9944.116,9932.251,9940.263,9948.361,9968.845,9947.975,9913.19,9883.13,9877.142,9898.236,9931.112
15068.661,15034.754,15006.93,14962.756,14874.517,14868.244,14836.152,15006.308,15114.498,14981.7705,14914.51,14913.982,14896.334,15028.588
16386.04,16327.408,16275.153,16239.112,16268.562,16251.554,16187.995,16246.607,16312.811,16252.23,16310.985,16313.399,16304.286,16388.787
16646.725,16557.26,16539.34,16564.443,16604.52,16608.979,16576.42,16490.62,16485.87,16498.854,16597.88,16639.098,16660.904,16720.922
1409.6469,1415.2449,1405.8104,1415.7744,1409.2659,1421.0939,1421.7751,1429.1562,1430.2212,1432.5786,1430.6711,1436.6091,1430.3225,1426.107
11993.763,12035.897,12057.418,12178.638,12189.121,12251.134,12232.5,12080.629,12132.342,12287.575,12338.279,12342.866,12350.365,12477.805
6035.9126,6075.2285,6035.5825,6060.1304,6103.6973,6120.306,6118.232,6102.6465,6089.328,6121.839,6127.905,6123.8965,6111.3667,6175.0005
1596.3114,1590.7968,1590.5532,1591.2888,1596.0543,1596.6813,1583.5754,1575.088,1572.0696,1573.2499,1581.0629,1583.427,1582.5573,1594.8506
14692.21,14733.527,14726.725,14854.151,14845.594,14934.315,14873.644,14702.522,14687.865,14848.266,14907.553,14958.696,14965.998,15134.862
2628.4104,2612.6106,2606.0413,2612.0312,2629.1184,2609.7412,2644.0059,2680.0215,2691.3062,2671.9624,2681.0635,2661.3826,2672.6428,2649.8525
896.3754,892.6986,891.76733,886.6501,890.1505,893.1838,886.40704,880.8597,888.5089,887.8404,887.8373,885.84283,889.9705,899.54175
10405.487,10359.04,10354.698,10325.902,10301.192,10306.278,10291.061,10291.331,10327.725,10314.6875,10300.046,10266.895,10258.695,10303.823
14302.138,14288.217,14247.393,14243.785,14220.542,14252.84,14248.411,14235.874,14240.299,14188.966,14214.826,14244.996,14189.042,14243.762
14886.389,14796.591,14872.699,14906.817,14643.335,14577.582,14493.3125,14540.229,14641.049,14549.626,14458.24,14490.887,14527.496,14529.184
16975.361,16961.729,17061.566,17040.77,17066.396,17143.45,17075.902,16934.979,17060.018,17058.105,16942.29,16929.41,16979.963,17150.873
12342.265,12368.168,12365.635,12329.887,12370.538,12428.224,12397.674,12333.213,12393.281,12398.45,12375.538,12361.385,12397.05,12510.872
1510.0693,1508.5801,1517.3953,1515.341,1517.5526,1524.2821,1517.8683,1505.4711,1516.4426,1515.9042,1505.5304,1504.4056,1508.9207,1523.8223
13173.584,13167.781,13095.15,13087.729,13100.23,13137.496,13127.817,13112.6,13168.09,13072.583,13108.163,13098.004,13069.188,13154.404
7242.8574,7209.34,7242.5396,7204.5254,7149.218,7169.906,7175.0312,7190.8438,7220.872,7241.127,7248.728,7220.2905,7215.2056,7226.779
8704.086,8765.549,8766.247,8784.8,8833.372,8900.7705,8901.659,8829.11,9002.7,9028.858,8956.259,8926.024,9007.448,9199.792
1612.6028,1603.7434,1598.0962,1596.3193,1594.813,1595.4371,1574.3956,1564.5756,1562.4968,1560.8138,1567.7566,1572.0845,1573.5531,1593.4642
14778.268,14885.549,14799.419,14869.879,14917.037,14990.686,14994.748,15005.462,15254.319,15208.799,15076.658,15072.191,15104.254,15339.269
706.1877,704.05676,704.0933,699.94116,692.7054,693.53204,697.1147,703.2309,700.90955,701.7096,699.2476,691.2503,687.1586,691.7081
1109.8971,1105.3994,1099.6506,1092.9491,1093.1088,1090.8923,1091.2247,1093.8456,1097.1365,1093.2059,1096.9922,1093.8628,1093.6978,1104.8549
8052.079,8016.114,7985.2544,7925.6494,7894.3657,7892.0474,7756.2227,7745.949,7726.2983,7722.478,7763.9033,7787.078,7791.3984,7936.642
1511.0258,1499.126,1493.0112,1478.253,1476.1652,1483.0651,1473.7762,1474.8387,1483.129,1481.8217,1474.7023,1474.1481,1480.937,1502.6267
3476.4321,3487.3352,3499.9753,3498.6292,3490.084,3475.089,3453.5388,3448.3152,3442.844,3438.1353,3444.3855,3445.3713,3447.0317,3478.1167
2374.8936,2362.4502,2377.0134,2376.8723,2373.2397,2372.2012,2382.8481,2373.6448,2390.817,2374.2927,2356.1306,2345.7249,2352.5386,2366.6125
11841.556,11764.55,11867.841,11874.139,11893.538,11910.541,11933.588,11831.391,11929.228,11869.3125,11743.309,11661.231,11728.838,11804.964
10884.199,10813.418,10907.393,10913.106,10930.669,10946.302,10967.216,10873.328,10962.633,10907.27,10791.526,10715.683,10778.245,10848.147
11525.679,11480.169,11599.091,11624.552,11669.531,11683.094,11709.817,11627.0205,11699.213,11709.757,11691.564,11671.062,11643.767,11700.329
4687.3804,4727.3574,4753.0894,4696.778,4797.2456,4839.217,4885.337,4882.4287,4913.778,4885.109,4839.0776,4756.2754,4860.641,4878.3076
14476.102,14382.61,14507.414,14516.857,14541.682,14561.985,14587.031,14462.123,14581.899,14508.869,14354.517,14254.408,14335.459,14429.341
12916.641,12870.409,13064.006,13251.65,13266.71,13275.465,13497.199,13446.927,13387.817,13454.794,13499.579,13517.371,13595.982,13596.026
1035.4548,1028.9763,1023.2569,1017.14703,1013.0879,1017.19794,1020.86304,1025.6649,1029.4673,1026.7457,1021.4517,1020.75903,1025.4344,1030.065
483.45526,477.3944,479.5691,474.7414,475.0835,472.7875,471.036,470.11658,473.50253,471.17468,468.71146,465.59564,468.32028,474.45624
11542.728,11531.544,11560.938,11599.486,11672.735,11691.216,11744.003,11732.915,11768.552,11761.689,11759.009,11767.797,11798.601,11786.345
2439.6345,2415.5212,2499.6855,2529.9092,2544.9297,2526.548,2544.4875,2565.9365,2569.4246,2559.0557,2587.2368,2583.1873,2617.3643,2643.6907
5965.363,5958.676,5953.954,5963.23,5962.74,5948.414,5929.232,5924.974,5918.7803,5904.0093,5891.3794,5896.362,5921.045,5964.527
7295.985,7282.1016,7404.0747,7419.7944,7468.874,7442.7764,7435.515,7444.6226,7396.647,7348.869,7314.0444,7287.941,7340.1934,7403.292
2492.074,2444.5598,2444.2954,2467.5117,2512.9158,2505.656,2511.3723,2461.686,2486.6904,2491.9485,2509.5898,2480.3113,2485.069,2488.8706
16379.094,16318.355,16246.391,16261.109,16343.978,16296.965,16190.831,16174.863,16149.263,16165.329,16249.975,16345.114,16346.724,16383.775
15762.994,15744.571,15691.523,15686.827,15692.497,15660.518,15585.664,15638.357,15655.231,15631.262,15564.153,15600.276,15643.625,15674.651
1910.3932,1902.9751,1926.5336,1937.0636,1904.6887,1903.3553,1905.5585,1915.1962,1914.9891,1934.1787,1934.7251,1918.5549,1911.5634,1919.3894
14999.754,15018.408,15035.355,15067.889,15066.591,15076.268,15077.273,15037.961,15082.455,15002.663,15075.73,15105.703,15048.357,15109.395
2737.6611,2729.7073,2757.0361,2758.6846,2750.3796,2745.9202,2749.5854,2734.0408,2742.866,2742.623,2758.4902,2756.7515,2762.5322,2769.1873
12009.978,11916.168,11906.532,11815.77,11773.544,11765.14,11743.283,11866.643,11918.164,11873.843,11823.967,11826.984,11814.678,11816.628
1282.0535,1271.2919,1268.3259,1267.99,1270.7798,1264.3154,1259.2306,1257.9799,1260.304,1259.769,1252.2667,1244.7122,1248.1597,1252.5806
10933.028,11064.971,11099.914,11244.276,11205.816,11130.665,11054.986,11033.066,11172.668,11267.904,11265.9795,11260.445,11100.957,11504.147
14852.19,14728.428,14793.715,14793.969,14797.648,14723.739,14614.571,14598.391,14727.143,14584.68,14417.536,14468.9795,14567.121,14591.37
2153.0676,2132.899,2130.9148,2118.512,2134.643,2140.651,2137.606,2122.1147,2150.676,2134.6382,2154.304,2168.8782,2167.4382,2177.483
16250.743,16331.503,16305.755,16262.721,16336.622,16302.619,16273.593,16249.206,16209.573,16155.144,16140.3545,16215.177,16393.621,16545.59
2292.0557,2290.1626,2296.8389,2300.3757,2303.2893,2310.6243,2331.4226,2339.6296,2346.368,2337.2627,2333.565,2324.0261,2330.516,2323.1228
6448.215,6372.0625,6399.6294,6447.277,6435.436,6362.37,6310.433,6365.4697,6404.999,6386.311,6383.0586,6391.668,6342.2056,6335.8887
8299.577,8306.963,8297.577,8312.378,8365.693,8422.647,8440.891,8421.097,8444.336,8345.122,8378.334,8388.017,8382.551,8471.0
20192.453,20098.041,20097.113,20087.219,20259.443,20350.969,20443.984,20461.715,20513.277,20183.031,20264.648,20268.188,20289.275,20448.713
10400.389,10387.935,10409.746,10420.506,10402.121,10394.667,10434.385,10434.309,10440.439,10451.879,10472.682,10461.674,10475.267,10489.616
14428.705,14418.909,14474.9795,14505.049,14504.438,14512.932,14528.332,14636.614,14603.457,14527.479,14562.756,14563.131,14530.686,14608.295
12618.486,12664.252,12706.126,12721.913,12801.219,12794.887,12785.818,12781.185,12710.21,12664.447,12639.057,12530.002,12611.004,12772.215
14817.924,14836.668,14762.855,14735.562,14777.481,14726.302,14724.454,14917.006,14885.1875,14740.366,14722.391,14574.542,14630.452,14838.495
1591.6014,1592.2129,1591.602,1586.4384,1576.7313,1576.1091,1569.3921,1577.68,1576.972,1571.7363,1573.7981,1571.2706,1572.8695,1595.6277
14807.483,14825.828,14827.187,14821.242,14931.942,14856.03,14855.957,14962.908,14945.174,14858.3955,14929.466,14767.778,14823.972,14990.363
16438.92,16403.785,16537.523,16648.723,16607.094,16595.732,16609.498,16881.355,16815.834,16554.664,16835.5,16667.236,16531.744,16766.697
13372.831,13417.679,13410.83,13406.358,13450.537,13430.346,13414.044,13433.993,13433.132,13366.366,13341.597,13384.771,13515.965,13629.397
5854.068,5818.8237,5808.9097,5806.9204,5842.2036,5868.809,5921.8315,5889.671,5897.3623,5921.3325,5952.542,5927.918,5928.091,5915.9717
4054.9414,4070.8374,4083.5183,4094.877,4103.497,4098.3057,4087.3335,4078.656,4086.9963,4083.0554,4088.2056,4094.3892,4113.734,4134.0005
14668.543,14638.088,14642.33,14695.711,14675.389,14678.603,14668.146,14721.075,14658.602,14625.356,14583.879,14586.368,14634.897,14717.132
11794.347,11814.868,11802.255,11897.68,11952.176,11945.789,11943.247,11941.507,11914.383,11919.584,11870.601,11879.894,11959.37,12009.013
17108.107,17124.48,17141.074,17186.352,17242.645,17237.805,17222.088,17192.793,17146.316,17144.975,17159.209,17151.982,17189.805,17250.707
10367.496,10386.497,10389.928,10452.831,10571.118,10561.355,10571.635,10616.684,10636.891,10638.336,10624.12,10631.883,10657.812,10703.498
15441.888,15438.979,15354.145,15311.381,15314.977,15374.046,15397.97,15370.298,15374.208,15337.511,15309.345,15349.56,15443.847,15509.816
15098.508,15070.691,15064.807,15006.933,15026.719,15093.776,15081.943,14997.555,15012.63,14995.998,14935.311,14933.314,15039.199,15163.698
14023.05,13998.868,14001.317,14023.854,14005.579,13995.213,13935.617,13940.29,13934.631,13910.942,13833.3125,13859.514,13943.429,14045.57
11885.444,11884.434,11913.465,11923.3955,11942.61,11915.122,11894.442,11874.716,11859.891,11839.962,11833.174,11820.053,11898.64,11927.596
11339.344,11333.424,11394.898,11343.126,11226.832,11232.775,11179.324,11221.068,11263.707,11223.793,11198.864,11139.045,11209.316,11429.126
13103.998,13129.085,13152.01,13160.701,13160.559,13146.216,13178.101,13200.387,13212.21,13184.468,13187.241,13189.131,13266.2295,13306.81
13530.739,13535.716,13559.072,13567.433,13569.319,13559.625,13586.778,13598.44,13608.882,13588.832,13596.326,13617.694,13684.263,13725.993
12142.836,12156.963,12261.509,12303.409,12306.195,12297.004,12347.747,12466.2,12449.29,12381.936,12454.982,12383.283,12366.129,12404.678
2078.8206,2087.8,2080.4985,2100.7388,2103.573,2115.6584,2115.9556,2106.621,2108.7832,2127.63,2126.5908,2123.742,2119.75,2118.7715
10077.214,10121.832,10223.92,10238.676,10271.499,10282.504,10294.1875,10310.311,10342.819,10367.79,10391.358,10343.332,10367.125,10370.461
10245.52,10290.969,10394.126,10409.16,10442.974,10454.021,10465.99,10481.65,10515.188,10541.261,10565.052,10516.439,10540.663,10543.999
1219.9028,1221.8804,1230.5056,1234.183,1235.475,1234.0082,1226.0568,1225.0164,1224.3414,1221.9564,1225.1078,1225.81,1226.2865,1226.9529
1170.6389,1172.3962,1176.1632,1178.6934,1183.4705,1182.7366,1178.2854,1176.9626,1180.2645,1178.6036,1179.2476,1177.3839,1182.3903,1183.754
13535.657,13553.078,13630.494,13673.986,13723.898,13710.588,13715.065,13690.975,13686.567,13662.498,13654.71,13669.815,13705.35,13740.438
13349.222,13366.2,13442.561,13485.892,13534.735,13521.874,13526.536,13502.825,13498.09,13474.613,13467.146,13482.042,13516.751,13551.588
11355.8545,11363.452,11362.427,11353.809,11371.711,11347.969,11337.871,11332.058,11326.98,11297.682,11292.555,11277.497,11311.531,11355.332
15178.77,15140.355,15160.942,15235.782,15192.576,15126.477,15041.508,15068.044,15108.191,15066.306,15023.388,14996.633,15017.242,15117.032
14174.4795,14208.469,14244.52,14271.213,14311.234,14278.147,14232.346,14191.801,14157.763,14091.55,14104.865,14108.613,14139.931,14230.691
1637.3027,1622.9857,1630.514,1631.1138,1629.8378,1621.0585,1606.7589,1604.0009,1619.3467,1602.4634,1582.3821,1590.3685,1602.8754,1608.207
644.4417,646.2691,642.6756,638.80975,632.3277,639.33234,637.0787,635.6699,625.1384,626.5698,631.1072,604.64185,609.03345,621.0347
729.5418,730.0747,727.9989,720.80414,717.3795,722.5678,721.7251,722.7944,712.7773,710.13,716.2854,689.4799,695.66693,708.7074
1410.2072,1431.0037,1460.3696,1385.7047,1396.6453,1438.439,1455.9384,1473.2383,1488.6494,1503.8687,1543.8452,1493.2361,1485.7532,1494.434
7657.5303,7613.8296,7734.1777,7754.094,7838.7646,7845.0684,7896.951,7972.375,7881.091,7834.902,7914.002,7866.011,7909.233,7948.7505
1034.2234,1039.0642,1027.4294,1032.217,1027.5975,1048.1433,1045.8291,1052.6826,1043.5963,1050.6915,1067.9478,1031.5543,1037.7931,1032.2671
1232.3221,1238.9271,1215.2225,1239.7474,1243.5603,1263.8473,1268.4574,1294.8263,1295.9412,1287.4445,1312.1709,1268.0972,1266.6456,1256.5089
1243.4786,1250.1428,1226.2148,1250.9551,1254.806,1275.2745,1279.9237,1306.534,1307.6619,1299.0918,1324.0355,1279.5621,1278.1017,1267.8734
16794.8,16768.484,16894.027,16964.305,16930.867,16951.701,16993.611,17097.916,17036.652,17005.676,17050.268,17057.957,17026.004,17091.727
13686.044,13661.483,13766.997,13822.486,13793.093,13812.01,13845.662,13936.097,13882.843,13854.284,13894.933,13900.271,13871.122,13926.158
1268.0688,1267.2097,1269.0425,1270.5194,1278.2162,1285.098,1291.2468,1286.2758,1286.4037,1287.6731,1284.3423,1279.5686,1281.2316,1285.6008
917.33575,917.3081,920.66296,917.41486,932.8882,946.2069,951.5017,945.27,939.29865,934.8779,930.97046,916.1566,926.19977,932.2191
1222.6869,1222.2438,1223.6962,1225.4255,1233.354,1240.6412,1246.0934,1241.3497,1240.9225,1242.7151,1238.8157,1234.2822,1236.6979,1241.1682
12511.973,12498.905,12523.929,12527.514,12639.448,12709.951,12812.638,12796.973,12813.491,12784.176,12704.344,12630.166,12677.331,12673.677
1058.2391,1057.9501,1059.3014,1063.7845,1074.3683,1080.8988,1083.2894,1082.1543,1076.5857,1072.6945,1073.4536,1068.5901,1071.9957,1071.7545
11469.538,11429.806,11424.395,11401.217,11406.054,11544.826,11535.039,11487.896,11376.129,11439.487,11444.993,11232.556,11366.339,11437.704
12873.759,12830.049,12838.042,12811.251,12832.27,12973.38,12968.327,12913.564,12801.528,12868.215,12869.337,12658.565,12803.091,12870.542
12766.231,12768.457,12770.281,12790.426,12760.805,12892.139,12966.045,13093.202,13094.021,13010.18,13238.357,12994.237,12956.959,13003.98
11197.535,11178.144,11158.582,11101.537,11061.924,11152.556,11189.628,11283.198,11246.986,11198.97,11223.5,11014.968,11101.752,11153.418
13366.688,13330.612,13345.057,13317.572,13371.37,13452.009,13494.992,13532.838,13522.559,13537.546,13615.547,13423.569,13527.254,13520.488
7629.5337,7661.861,7662.899,7707.17,7791.8555,7849.389,7872.323,7844.6846,7735.81,7683.6816,7735.3193,7661.8735,7695.253,7750.7754
8256.292,8286.117,8264.831,8323.99,8343.438,8418.297,8469.292,8522.548,8434.052,8359.05,8491.788,8445.2,8417.969,8483.606
7260.609,7294.384,7271.0747,7278.059,7305.9375,7375.147,7407.51,7416.007,7421.341,7369.664,7414.8696,7391.5864,7378.2017,7433.7124
8040.494,8106.722,8129.573,8181.535,8210.236,8289.433,8292.909,8231.197,8162.3604,8121.987,8199.138,8147.151,8166.218,8223.1875
7143.336,7228.8345,7235.5093,7293.703,7306.785,7407.1074,7408.887,7372.865,7360.5312,7329.579,7397.4663,7407.7563,7374.6567,7477.3574
7838.7803,7876.7827,7862.193,7864.6084,7929.1377,7989.5977,8021.386,8008.6826,8025.9873,7983.388,8033.57,8018.8965,8023.5986,8065.1626
7742.1475,7781.3174,7773.4854,7835.867,7850.0776,7944.8145,7989.812,8013.216,8001.084,7923.8315,8052.354,8014.3516,7962.251,8028.8633
10561.5205,10575.825,10664.397,10624.865,10654.1875,10725.478,10720.218,10691.371,10668.485,10689.292,10603.665,10531.471,10616.996,10673.049
10384.468,10393.831,10495.638,10418.167,10432.214,10495.014,10512.864,10521.185,10503.858,10485.956,10400.795,10320.565,10427.414,10440.637
9919.008,9896.048,10037.414,9986.45,9970.45,10107.909,10117.651,10176.623,10059.065,10038.087,10035.461,9962.422,10047.838,10077.888
13054.553,13039.389,13070.473,13076.602,13024.348,13222.362,13262.922,13335.868,13205.648,13062.343,13234.428,13080.315,13039.472,13212.739
9241.841,9205.491,9205.491,9224.956,9302.744,9328.69,9392.859,9376.001,9394.231,9408.52,9410.584,9408.438,9441.457,9426.661
11250.36,11224.972,11191.507,11195.772,11244.143,11234.936,11295.258,11306.266,11357.942,11336.452,11301.2,11310.647,11364.944,11360.529
1429.8372,1420.5262,1416.8522,1420.383,1424.1958,1421.8322,1413.6115,1408.7179,1414.7891,1406.2734,1399.4012,1412.8298,1427.4657,1436.0212
1653.2294,1638.5746,1646.2091,1646.817,1645.5985,1636.6838,1622.0823,1619.3855,1635.1108,1617.9663,1597.4366,1605.4532,1618.058,1623.4543
15445.967,15489.633,15598.701,15661.476,15731.405,15677.784,15656.482,15605.2705,15594.468,15525.261,15559.076,15547.224,15573.656,15684.327
12604.098,12645.897,12651.763,12640.735,12686.354,12819.147,12841.419,12809.288,12679.526,12705.985,12676.419,12573.753,12640.417,12765.1045
10962.507,11009.655,10979.028,10997.361,11030.529,11160.123,11163.784,11134.958,11013.759,11035.287,11008.307,10887.109,10957.456,11087.2
11782.417,11821.192,11814.444,11811.733,11856.245,11980.564,11996.69,11970.642,11854.862,11869.572,11830.672,11731.011,11807.692,11921.01
11450.348,11501.775,11436.098,11494.642,11473.416,11589.676,11533.097,11479.722,11304.042,11310.445,11423.252,11211.819,11205.737,11372.403
1163.282,1164.803,1175.0808,1184.0701,1183.0288,1190.0083,1186.1144,1183.5112,1177.3615,1164.3281,1206.6422,1185.2625,1176.0455,1192.0938
13097.09,13096.234,13010.242,12883.934,12896.036,13071.879,13129.786,13163.212,13051.967,12933.029,12878.824,12766.5625,12850.218,13019.913
1663.6475,1657.1593,1658.4727,1652.0785,1660.002,1668.5803,1688.1333,1688.577,1693.1466,1679.3541,1697.2445,1683.4972,1686.1919,1693.4569
1553.5299,1549.6167,1563.2368,1559.7568,1565.8577,1571.8186,1587.3798,1580.9891,1570.5303,1565.8568,1575.3137,1559.0,1572.4818,1584.9583
15009.255,14973.226,15067.359,15040.304,15096.32,15118.162,15215.093,15174.57,15112.506,15070.464,15151.3545,15034.28,15150.598,15207.624
1491.4176,1483.6605,1488.5051,1482.9358,1495.1332,1499.8015,1519.0444,1518.0343,1521.5995,1515.4883,1533.2578,1519.8657,1520.8868,1520.9597
722.2414,722.63837,730.89746,730.8591,737.7696,742.50714,744.8403,751.3159,754.5454,747.73944,756.10065,752.77985,753.1045,746.38306
665.3029,666.11346,670.70953,665.984,664.1256,670.603,671.06903,681.4713,682.2211,682.0607,697.89215,687.8134,682.13,677.9016
717.5958,721.1689,725.70435,733.16656,735.8709,744.27014,751.4964,769.09717,770.5808,757.77313,772.558,759.5559,753.915,750.71564
12293.419,12357.159,12314.041,12420.664,12375.399,12469.799,12394.653,12335.858,12142.061,12170.54,12303.449,12120.175,12076.614,12238.268
12870.584,12890.62,12950.807,12947.403,12981.909,13184.104,13205.0205,13136.339,13014.241,12936.378,12997.104,12965.334,12958.405,13081.953
12393.939,12365.448,12360.453,12281.346,12351.666,12530.324,12562.983,12519.878,12424.455,12355.807,12366.201,12274.397,12348.297,12470.334
13763.036,13729.121,13722.56,13624.397,13707.096,13896.072,13938.733,13890.571,13772.316,13708.206,13719.708,13625.4375,13708.759,13830.295
1179.5657,1185.273,1183.9607,1178.618,1178.9364,1199.1736,1200.8452,1196.9225,1181.953,1182.9525,1183.6433,1162.3789,1173.1909,1198.1068
12508.114,12477.46,12481.749,12525.644,12505.519,12505.433,12506.8545,12555.336,12499.576,12475.217,12438.456,12431.713,12475.26,12541.46
12048.932,12021.098,12025.523,12067.664,12052.136,12052.165,12054.918,12099.064,12042.58,12020.391,11986.099,11980.096,12022.596,12086.876
13488.769,13477.388,13451.623,13480.157,13468.172,13475.315,13511.239,13566.492,13518.483,13490.3125,13461.674,13454.781,13479.641,13539.407
15897.68,15923.813,15915.055,16011.402,16074.51,16060.948,16034.956,15994.144,15938.753,15954.132,15923.303,15905.694,15976.816,16033.1
7380.1694,7350.3223,7294.3955,7274.892,7325.1396,7396.9277,7368.8696,7313.4185,7277.5107,7297.5923,7297.317,7316.0093,7310.5454,7313.5044
6818.847,6764.923,6707.041,6626.8374,6680.3003,6745.542,6734.6377,6701.1953,6724.99,6730.4766,6705.1426,6731.0757,6776.8184,6818.386
5084.141,5055.6997,5023.2266,4953.507,4970.3022,5028.2207,5013.0796,5019.5244,5035.952,5026.3125,4989.0825,4990.6387,5024.03,5064.27
6817.065,6757.1587,6708.6006,6655.9307,6758.06,6820.555,6790.9985,6725.656,6734.8286,6753.7554,6769.9517,6793.37,6823.423,6843.32
7155.197,7128.7847,7075.033,6967.5596,6996.266,7078.877,7051.583,7060.804,7094.856,7090.0713,7046.3936,7053.0117,7124.2866,7189.032
571.8751,567.15204,562.555,556.6228,560.45685,565.6489,564.49243,561.96826,562.6161,563.49756,560.7877,562.7154,565.03723,567.40137
11967.607,11946.643,12055.369,12137.612,12164.57,12202.99,12251.203,12327.268,12342.726,12355.028,12340.521,12286.081,12397.598,12427.728
11697.434,11665.559,11795.691,11910.866,11932.891,11977.104,12057.399,12221.856,12241.406,12269.122,12317.085,12253.089,12302.21,12281.911
14235.45,14193.818,14416.6875,14522.929,14542.922,14570.356,14645.408,14830.452,14806.641,14805.917,14876.937,14806.038,14844.379,14835.05
1044.1489,1047.3829,1057.9205,1057.189,1053.2599,1063.456,1064.1548,1073.257,1077.4359,1083.8842,1080.9028,1075.9253,1081.1635,1081.0564
17041.99,17045.518,17097.498,17166.672,17207.79,17198.291,17232.895,17190.475,17194.248,17128.1,17122.324,17119.672,17136.174,17237.613
549.5708,549.538,541.18567,538.8259,556.61945,557.267,563.1606,567.5567,560.39014,555.2605,558.76196,556.22424,562.5361,566.2251
6469.4395,6450.446,6393.801,6377.6016,6569.747,6596.1396,6657.7,6710.512,6585.4634,6500.0654,6544.5576,6516.582,6600.712,6648.87
6203.326,6202.9434,6108.662,6081.965,6282.8203,6290.1772,6356.675,6406.3003,6325.4507,6267.5073,6307.0596,6278.479,6349.7256,6391.359
19642.414,19617.34,19702.39,19531.908,19659.596,19809.746,19951.021,19847.42,19800.428,19706.775,19667.783,19607.375,19829.12,19957.477
21817.973,21661.926,21741.898,21621.955,21772.986,21958.355,22072.19,22099.736,22064.96,21651.312,21798.32,21714.58,21782.156,21980.242
20110.184,20011.328,19963.29,19766.96,19964.021,20150.09,20286.887,20163.79,20157.47,19940.416,19871.684,19814.805,20056.102,20229.729
20150.496,20100.328,20011.658,19824.43,19971.674,20146.031,20309.195,20249.076,20287.07,20041.834,19882.35,19860.75,20131.998,20320.63
15920.23,15893.069,15892.033,15934.933,15958.187,15904.886,15925.412,15925.549,15910.4375,15810.812,15765.942,15735.755,15758.96,15862.87
12133.754,12189.181,12251.956,12411.77,12355.984,12456.358,12462.516,12604.549,12590.123,12556.822,12631.408,12576.033,12513.585,12516.006
11568.521,11631.093,11674.857,11788.775,11803.668,11844.626,11751.7,11742.009,11763.823,11774.967,11759.016,11814.212,11776.622,11771.927
1249.3782,1239.656,1257.4492,1268.5933,1271.4873,1266.9146,1280.7017,1289.7903,1280.6085,1281.9763,1291.5852,1286.1168,1286.4048,1293.6105
10016.387,10043.46,10072.259,10189.223,10163.882,10272.171,10144.162,10244.72,10115.739,10232.524,10230.67,10149.885,10093.295,10139.621
11241.758,11280.322,11257.479,11334.366,11262.787,11410.279,11296.387,11456.814,11350.17,11374.352,11317.685,11242.292,11205.677,11296.086
11551.54,11590.428,11571.735,11654.289,11586.779,11733.339,11618.773,11783.874,11680.71,11703.816,11646.179,11566.679,11529.749,11617.437
1459.1035,1462.3752,1488.6989,1509.3762,1516.8826,1523.464,1535.5104,1547.3342,1542.9614,1551.7645,1564.3333,1554.6526,1554.5206,1548.8569
13205.284,13217.538,13461.037,13767.955,13804.032,13856.925,14021.595,14204.126,14142.117,14130.131,14274.532,14085.479,14087.325,14075.605
10547.2295,10562.536,10561.624,10647.115,10701.242,10691.159,10687.506,10677.355,10637.089,10640.227,10593.09,10591.726,10669.209,10733.201
11356.833,11406.329,11376.103,11411.781,11475.734,11468.0625,11480.888,11539.991,11547.323,11520.078,11469.763,11482.668,11567.431,11668.843
11997.557,12020.57,12030.565,12075.925,12151.014,12124.811,12137.409,12166.431,12159.228,12128.119,12108.094,12115.773,12187.632,12240.494
10386.011,10405.288,10452.84,10468.926,10501.533,10494.635,10450.993,10442.393,10474.17,10452.959,10458.806,10437.657,10496.98,10495.708
17345.488,17238.76,17268.688,17495.422,17401.191,17297.037,17199.03,17340.146,17364.918,17302.617,17198.037,17232.928,17193.664,17385.318
10559.933,10544.171,10506.972,10537.371,10582.503,10579.444,10631.918,10587.506,10621.317,10598.064,10574.212,10562.536,10655.791,10665.841
11208.838,11193.336,11240.364,11257.86,11305.2,11287.366,11316.569,11301.066,11303.606,11269.154,11289.278,11285.521,11312.503,11317.026
11328.6455,11331.615,11322.566,11337.927,11338.997,11266.24,11283.518,11301.938,11323.747,11306.103,11375.094,11337.137,11349.823,11360.131
13172.349,13177.931,13182.077,13194.74,13187.124,13126.265,13124.409,13150.835,13156.155,13147.335,13209.157,13172.658,13187.1875,13197.535
19901.416,19791.156,19750.445,19680.588,19731.092,19754.057,19654.145,19668.139,19736.379,19621.594,19495.26,19547.328,19755.312,19933.266
16317.019,16282.042,16215.97,16249.893,16237.109,16213.567,16151.107,16223.94,16283.062,16205.767,16095.222,16154.276,16199.021,16261.519
16699.025,16659.904,16581.328,16572.621,16584.422,16521.375,16430.857,16517.594,16567.764,16507.527,16452.125,16516.11,16542.744,16576.19
15098.816,15061.561,14995.451,14987.104,14998.602,14943.466,14863.749,14937.806,14982.238,14932.5205,14883.751,14938.891,14965.345,14997.302
1702.0023,1685.1997,1683.4203,1691.0159,1692.5664,1685.6503,1670.3674,1665.5532,1676.7815,1661.847,1650.5192,1670.6117,1688.9353,1704.8608
17819.074,17638.123,17650.674,17696.621,17705.031,17621.66,17464.537,17435.793,17549.756,17390.766,17271.465,17451.367,17597.47,17742.994
14936.582,14781.754,14876.861,14877.976,14861.485,14750.399,14612.578,14598.295,14747.416,14572.783,14383.694,14457.549,14568.285,14623.631
11108.862,11096.451,11080.576,11048.806,11076.288,11114.917,11084.079,11069.988,11059.174,11081.211,11043.762,11035.35,11059.494,11058.082
11312.42,11317.672,11272.284,11243.059,11249.67,11313.1045,11283.308,11295.799,11308.813,11325.692,11255.091,11250.73,11291.808,11299.008
9445.876,9431.861,9416.403,9378.187,9401.724,9433.697,9416.265,9412.511,9408.519,9418.693,9377.759,9365.66,9386.074,9392.851
9435.778,9411.718,9548.28,9745.867,9656.4375,9714.255,9626.531,10009.521,9989.8955,9888.66,9997.045,9874.572,9781.189,9814.553
1505.0294,1510.3794,1517.8135,1525.1251,1530.9468,1527.4482,1528.9786,1521.9528,1520.8986,1518.1191,1519.0198,1517.7848,1527.5044,1538.7622
9644.677,9679.136,9691.767,9738.12,9743.367,9799.296,9825.885,9884.537,9878.804,9823.001,9830.785,9808.069,9800.998,9821.922
12203.169,12306.949,12409.7705,12542.07,12531.819,12682.126,12513.759,12554.134,12499.424,12521.686,12505.897,12543.735,12504.337,12555.236
11628.138,11665.81,11671.857,11740.114,11705.487,11824.677,11727.313,11883.506,11824.821,11833.251,11772.795,11708.6455,11688.214,11736.54
10303.078,10328.867,10295.113,10350.813,10305.219,10425.834,10336.252,10487.769,10413.422,10429.513,10369.582,10294.966,10280.665,10333.539
1082.0249,1080.3333,1090.3787,1097.8182,1098.2452,1103.7812,1098.4467,1107.8435,1105.2273,1108.6105,1108.256,1104.5465,1118.106,1122.418
1104.4894,1104.3499,1114.3724,1119.487,1118.5334,1122.9982,1116.6105,1134.4788,1133.056,1134.0452,1137.1681,1132.4618,1143.736,1147.1116
10162.776,10168.051,10142.601,10149.76,10162.095,10206.651,10198.736,10171.821,10182.82,10196.017,10151.749,10128.171,10141.897,10161.83
15733.938,15782.173,15831.095,15934.312,15957.658,16093.061,16113.667,16130.304,16127.522,16182.761,16140.684,16023.075,15988.734,16015.526
11366.072,11365.594,11345.634,11362.057,11386.182,11460.829,11454.776,11440.513,11443.934,11459.665,11413.224,11364.012,11359.215,11378.668
8857.305,8890.333,8970.921,9046.856,9051.725,9123.25,9141.169,9157.12,9102.552,9147.99,9169.255,9180.366,9154.693,9171.637
13111.091,13100.901,13087.091,13090.447,13132.086,13215.27,13217.187,13200.416,13225.765,13237.469,13192.223,13132.551,13130.139,13137.506
9611.292,9622.996,9657.088,9703.111,9743.293,9770.939,9760.787,9721.661,9703.397,9687.702,9663.14,9675.59,9705.685,9734.039
10152.225,10182.273,10230.253,10287.969,10291.032,10335.852,10336.653,10357.785,10313.816,10326.6875,10340.718,10348.152,10356.174,10372.038
11825.2705,11836.253,11905.046,11958.825,11994.859,11974.281,11993.7295,11974.083,11954.766,11923.964,11922.493,11919.726,11954.163,11998.878
7233.072,7222.4385,7223.6035,7186.6143,7172.3623,7185.51,7195.3037,7224.463,7241.744,7227.1504,7212.3496,7214.066,7230.2905,7241.7593
7261.29,7256.001,7293.9507,7267.7583,7257.418,7289.5684,7300.7363,7346.785,7365.377,7313.56,7316.8184,7309.5107,7326.957,7341.822
7354.9688,7333.1597,7337.113,7311.0166,7299.8374,7301.0957,7300.0703,7321.4023,7329.943,7334.2046,7335.9355,7343.6514,7354.3643,7362.688
1048.399,1048.2174,1046.7139,1047.3883,1049.2861,1058.5657,1053.8574,1047.0239,1045.3558,1045.4902,1040.7036,1042.7701,1045.491,1041.8131
13027.48,12983.405,12944.654,12969.034,13006.261,13040.943,12942.997,12842.411,12740.26,12781.587,12775.674,12799.2,12829.212,12786.138
16996.803,16810.775,16924.217,16911.057,16890.303,16763.203,16597.742,16593.102,16785.133,16574.658,16347.812,16429.264,16553.617,16613.47
12445.145,12481.878,12573.64,12629.401,12702.744,12683.47,12681.181,12692.786,12701.385,12668.316,12692.316,12714.473,12798.862,12873.816
14862.671,14892.771,14896.435,14903.198,14941.218,14915.172,14890.9,14919.124,14932.234,14877.54,14869.414,14936.111,15059.332,15161.527
16091.289,16125.801,16151.448,16198.66,16289.351,16168.889,16053.85,15987.883,15968.116,15934.834,15997.835,16035.271,16093.699,16228.849
14092.058,14103.457,14088.324,14105.489,14143.089,14109.259,14057.422,14077.313,14112.064,14054.484,14056.645,14102.58,14206.229,14273.973
15950.932,15966.897,16011.039,16055.373,16080.214,16100.325,16136.152,16135.906,16069.925,16071.304,16087.424,16085.126,16119.327,16185.726
13705.916,13670.821,13676.654,13691.131,13614.984,13609.1455,13620.649,13715.815,13661.152,13621.99,13602.688,13618.206,13647.864,13705.141
14818.09,14796.573,14765.012,14804.404,14764.254,14763.064,14806.994,14882.81,14823.915,14779.538,14769.369,14770.941,14781.675,14845.004
14558.371,14531.557,14515.632,14527.449,14470.598,14451.626,14490.013,14572.45,14521.635,14489.815,14493.3545,14495.346,14512.388,14550.565
14362.088,14343.366,14313.558,14350.906,14319.967,14320.975,14363.385,14431.72,14372.045,14331.482,14319.635,14320.346,14332.471,14398.419
15615.31,15584.625,15549.791,15586.183,15627.893,15608.229,15664.037,15737.537,15626.747,15542.518,15660.094,15639.907,15610.648,15748.131
16353.812,16376.136,16426.656,16470.79,16480.506,16454.148,16466.387,16576.314,16567.37,16514.479,16547.072,16523.506,16501.068,16585.754
14586.915,14601.348,14635.701,14658.635,14698.679,14639.204,14584.463,14579.71,14552.033,14514.114,14521.848,14521.465,14567.072,14639.66
14497.185,14520.411,14619.16,14675.534,14767.887,14712.895,14690.379,14696.535,14700.593,14640.115,14636.981,14669.657,14718.451,14756.794
16317.485,16315.867,16335.669,16352.719,16423.246,16375.667,16277.573,16270.983,16236.031,16215.441,16164.165,16169.208,16256.233,16365.214
16228.462,16226.554,16255.948,16295.865,16335.381,16291.638,16245.13,16258.139,16227.947,16169.148,16137.366,16165.453,16228.122,16300.318
1872.5066,1876.5023,1884.9258,1889.5387,1897.5326,1892.2773,1889.3997,1886.9913,1882.311,1879.4824,1877.1036,1876.906,1883.1586,1891.9078
1869.849,1874.7544,1878.1915,1884.9086,1894.7838,1890.4817,1888.565,1886.8251,1883.0851,1881.4274,1880.5839,1878.2649,1885.3877,1895.4037
2006.3604,2012.6753,2007.6849,2022.3262,2032.6226,2029.6085,2022.589,2020.4714,2008.5553,2011.8291,2007.973,2007.401,2017.1276,2026.3657
11467.314,11423.259,11415.918,11459.757,11435.457,11412.4,11412.971,11479.453,11510.846,11415.5,11390.002,11405.887,11425.834,11489.125
12348.238,12299.601,12258.858,12279.835,12312.144,12282.233,12199.88,12182.891,12143.147,12128.327,12180.581,12207.262,12225.059,12288.277
13206.534,13151.43,13110.877,13131.259,13165.454,13134.397,13046.746,13028.976,12989.563,12971.278,13028.195,13059.238,13081.788,13151.18
14381.716,14377.401,14322.842,14315.702,14319.063,14289.087,14291.874,14320.263,14327.888,14283.871,14252.157,14286.972,14348.439,14450.457
14103.335,14095.483,14100.382,14140.13,14185.635,14121.338,14066.407,14028.605,13973.147,13967.635,14003.614,14013.148,14032.206,14147.173
13270.683,13294.676,13317.427,13381.943,13420.876,13400.449,13411.532,13381.084,13368.57,13373.04,13379.376,13396.349,13433.537,13466.73
12295.349,12314.099,12328.262,12389.111,12419.054,12403.645,12411.205,12384.801,12372.8125,12373.606,12373.836,12387.49,12422.129,12448.993
14095.59,14112.218,14125.559,14169.618,14194.69,14163.357,14172.422,14153.825,14112.551,14100.696,14103.255,14098.61,14175.942,14202.855
13696.359,13706.522,13806.593,13870.944,13914.157,13897.477,13967.009,13979.71,13990.989,13968.15,14031.934,14020.252,14051.342,14060.428
14891.4,14915.661,14942.403,14977.991,14985.254,14962.881,15007.069,15011.113,15006.946,14981.263,14991.74,14973.922,15049.329,15078.113
15562.482,15552.632,15582.712,15609.531,15613.146,15584.986,15617.306,15637.327,15641.57,15612.152,15637.93,15646.8125,15711.466,15730.092
16986.084,16988.092,17028.748,17062.857,17112.938,17052.318,16966.627,16904.188,16825.857,16792.463,16834.352,16866.057,16902.652,17019.172
14489.209,14480.814,14512.771,14515.687,14539.549,14493.4795,14507.023,14509.534,14501.92,14467.975,14528.067,14522.121,14572.484,14593.275
13909.525,13889.964,13834.555,13873.201,13871.132,13843.502,13813.724,13850.206,13867.218,13815.91,13742.759,13778.724,13850.5205,13907.218
7931.652,7967.626,8005.7563,8019.0923,7991.439,7988.1187,7989.5015,7990.6074,7997.914,7997.608,8008.6597,8055.101,8083.3267,8111.663
8886.419,8924.8955,8988.228,8994.05,8948.133,8922.916,8910.126,8909.967,8869.954,8876.44,8890.294,8918.888,8980.695,9038.84
1027.0393,1029.822,1046.9181,1052.8829,1040.8901,1040.9045,1044.1921,1053.7996,1046.3226,1040.4192,1050.6862,1045.156,1041.1647,1049.4263
907.51,909.8138,915.5002,915.88116,912.578,909.72595,910.6621,911.9362,912.6435,910.4247,911.56006,913.1344,918.0608,919.3184
9240.367,9261.246,9276.291,9251.62,9217.33,9177.158,9154.955,9157.34,9109.652,9103.924,9154.102,9207.171,9243.963,9306.984
8519.548,8525.401,8516.45,8512.012,8468.153,8461.411,8460.728,8506.16,8502.606,8497.785,8475.322,8499.46,8526.724,8550.36
8856.161,8854.568,8859.33,8839.24,8791.947,8773.906,8776.334,8817.322,8819.242,8802.004,8789.314,8810.386,8840.72,8866.424
14252.465,14238.903,14216.142,14222.124,14273.551,14233.869,14195.64,14191.321,14159.81,14125.934,14118.125,14143.881,14208.937,14284.047
12474.274,12501.358,12560.38,12596.425,12654.433,12620.783,12613.369,12593.794,12595.041,12553.939,12543.361,12570.322,12628.877,12667.301
12125.172,12112.136,12082.275,12139.141,12191.501,12101.304,12059.093,12192.47,12108.152,12075.22,12165.225,11994.175,11980.638,12140.471
15075.139,15163.556,15191.293,15264.44,15374.196,15276.014,15262.052,15359.862,15342.0625,15261.029,15349.21,15210.293,15204.226,15383.283
15323.755,15325.604,15287.863,15287.4,15342.632,15224.7705,15228.215,15470.784,15452.552,15298.351,15299.488,15131.352,15179.461,15399.011
13961.899,14044.023,14070.806,14134.399,14237.558,14151.902,14147.635,14235.581,14218.204,14138.626,14224.294,14095.08,14094.118,14257.208
14383.312,14418.28,14399.205,14436.677,14452.337,14453.953,14464.973,14480.979,14475.282,14460.893,14453.439,14512.5625,14570.912,14647.777
11096.542,11135.119,11160.269,11220.959,11290.284,11266.373,11284.625,11295.018,11291.215,11297.964,11313.725,11334.833,11357.192,11383.362
14013.775,14025.836,13975.173,14054.786,14053.825,14009.203,13964.673,13969.012,13969.912,13963.882,13887.719,13917.903,14022.032,14041.468
15691.901,15698.141,15669.321,15753.179,15746.3,15748.01,15759.266,15794.472,15814.237,15795.608,15767.222,15818.223,15886.298,15932.087
14814.764,14814.386,14850.527,14856.306,14903.443,14874.604,14813.581,14800.053,14752.429,14736.978,14707.806,14720.733,14763.999,14865.657
13014.934,13013.945,13050.237,13061.736,13103.973,13079.467,13032.691,13022.35,12977.468,12962.674,12934.456,12942.36,12978.528,13066.675
14038.819,14054.902,14075.074,14091.628,14107.387,14058.314,14051.731,14062.366,14055.308,14016.899,13980.607,13969.9,14017.466,14087.214
15949.482,15959.334,15967.294,15962.577,15988.592,15934.553,15925.899,15929.466,15926.735,15895.659,15892.947,15854.729,15894.834,15950.503
13811.834,13817.466,13830.855,13826.981,13851.661,13805.537,13799.35,13801.422,13798.926,13770.901,13768.385,13736.139,13771.44,13819.327
15735.307,15722.269,15825.463,15905.053,15874.283,15885.187,15944.379,16083.433,16023.377,15945.158,16017.777,16010.854,15974.795,16054.423
14875.131,14828.251,14856.451,14945.855,14901.206,14828.554,14733.303,14767.163,14803.022,14766.944,14729.118,14706.951,14715.865,14829.437
14732.124,14685.795,14713.738,14802.252,14758.036,14686.193,14592.019,14625.505,14660.962,14625.29,14587.971,14566.024,14574.833,14687.205
599.24713,587.6447,579.612,581.30994,591.7204,592.43036,587.78076,579.46497,568.15894,568.9942,566.12744,568.19604,573.3198,568.8246
884.4451,878.8622,873.92444,874.7369,879.4907,879.1081,876.4554,875.63495,868.09247,866.2682,863.3865,867.04,869.5926,868.2161
940.9545,939.5433,942.6606,948.2266,952.0114,947.91595,949.1465,946.30884,938.06104,929.8351,928.123,924.90765,928.0684,925.1982
840.0038,834.6996,830.01056,830.78204,835.3008,834.9354,832.41095,831.6288,824.46655,822.73175,819.9973,823.46893,825.8957,824.58344
8292.115,8220.984,8188.3354,8201.133,8234.899,8224.608,8190.7793,8172.3374,8092.4355,8101.302,8108.828,8115.815,8136.302,8124.889
1614.0869,1595.9224,1594.4729,1589.7136,1592.4873,1588.9773,1579.8096,1584.156,1584.2378,1578.0425,1575.803,1581.3707,1588.3948,1596.4594
1475.5343,1463.0647,1457.0963,1455.1865,1457.1661,1454.6455,1450.3395,1458.0466,1457.1635,1450.0992,1445.0845,1448.9674,1448.094,1449.7273
13030.832,13018.464,13013.819,13011.126,13017.837,13009.209,13009.663,13015.816,13045.002,13007.913,12991.3125,12994.938,12986.535,13012.76
15932.314,15851.722,15812.349,15821.127,15815.694,15812.479,15720.483,15712.623,15642.623,15669.442,15679.196,15673.391,15672.734,15760.844
17476.027,17464.473,17436.656,17365.422,17348.898,17389.29,17394.05,17396.885,17423.775,17396.555,17396.598,17379.154,17442.266,17512.36
13451.047,13473.976,13371.93,13438.546,13485.614,13491.465,13506.76,13678.48,13604.279,13593.084,13651.679,13609.536,13578.512,13764.973
13021.108,13092.114,13038.817,13091.244,13151.778,13146.825,13158.042,13223.322,13225.268,13204.102,13163.913,13174.3545,13288.416,13416.867
15830.333,15818.397,15789.584,15760.461,15746.606,15741.548,15697.082,15664.0625,15641.063,15652.053,15685.573,15691.975,15697.095,15766.996
1145.3578,1136.6001,1135.6971,1136.2666,1135.1094,1134.6448,1134.1625,1133.7985,1137.468,1132.0062,1122.095,1119.766,1120.6146,1131.3922
2055.5935,2064.7668,2059.0342,2057.791,2051.2031,2056.4531,2049.042,2056.3389,2065.913,2057.4175,2052.2297,2069.7744,2064.6797,2086.1238
1923.2494,1920.5299,1918.476,1914.1766,1914.8192,1922.0082,1912.399,1908.6616,1905.5991,1907.0939,1900.9386,1908.7291,1916.9359,1935.6508
1673.3177,1670.8665,1669.4929,1665.3232,1666.4777,1672.4291,1664.5786,1661.1852,1656.9731,1658.7053,1654.7748,1661.7184,1669.4128,1685.8054
1778.6566,1778.5244,1783.2917,1781.6006,1782.5317,1778.49,1768.8066,1764.2178,1755.4048,1754.106,1760.7045,1762.2566,1768.1234,1779.3268
1821.9651,1817.7495,1818.1694,1818.8069,1819.1091,1818.2198,1813.2131,1814.3163,1811.5034,1811.1023,1812.282,1816.2726,1820.0358,1827.4728
528.4555,512.552,508.1862,504.55075,499.8639,500.66043,501.79443,502.47232,507.1168,501.24533,490.3158,488.9586,494.41495,509.10977
3420.0432,3419.4912,3428.204,3459.2751,3496.2134,3493.5742,3429.7559,3392.155,3458.3625,3475.0967,3482.4268,3486.955,3482.1985,3515.567
544.41583,525.6484,519.10876,512.7176,509.54492,509.92798,509.86737,511.6759,517.775,510.78925,496.59814,494.4398,501.6195,518.80646
644.56165,624.67255,615.66583,609.4879,605.2843,607.0788,606.9115,608.2979,613.6948,606.3406,591.67914,592.62164,598.5826,616.8728
1169.8811,1160.551,1154.2579,1152.9319,1149.3734,1153.1692,1149.5442,1152.5114,1157.3416,1149.4918,1135.693,1136.9186,1141.606,1156.6616
1601.0758,1607.4277,1604.8417,1605.4689,1601.3364,1604.2422,1601.981,1598.3279,1597.1016,1599.4954,1602.3033,1604.1447,1601.8372,1608.6091
1618.9714,1631.0133,1625.895,1627.3306,1628.9442,1632.2736,1631.3308,1628.481,1626.163,1626.1204,1636.178,1637.8285,1627.572,1636.973
9915.378,9935.471,9954.315,9949.109,9988.125,9984.935,9972.786,9964.027,9962.727,9957.7705,9981.997,9985.708,10015.868,10062.593
9714.814,9692.526,9707.037,9685.408,9703.856,9711.216,9620.088,9632.719,9584.638,9597.981,9602.147,9632.846,9694.75,9785.608
1730.0308,1742.8429,1735.2262,1735.7183,1732.0177,1742.5099,1746.1188,1732.0554,1727.7272,1733.4596,1735.4337,1737.6486,1734.8524,1745.1608
1776.4858,1786.6874,1781.3038,1771.9412,1768.5139,1778.01,1778.5123,1774.3026,1774.0944,1768.4558,1765.6188,1764.9851,1762.632,1776.6017
17112.203,17015.19,17060.037,17252.197,17235.002,17115.826,16970.81,17081.893,17127.92,17097.512,17012.695,17000.213,16981.312,17151.291
1057.956,1050.1051,1049.5957,1051.7429,1055.3414,1053.8281,1047.026,1045.9407,1045.3285,1038.5366,1039.3889,1046.9336,1046.1655,1045.1145
16599.053,16570.312,16526.795,16536.182,16596.664,16535.168,16476.395,16475.271,16459.15,16418.674,16406.898,16438.172,16523.945,16607.002
2731.7969,2747.2864,2767.3022,2790.0261,2803.2876,2823.9749,2845.582,2811.4468,2904.3433,2893.4841,2904.3994,2937.31,2941.7788,2967.4597
1053.358,1045.5437,1045.0372,1047.1754,1050.7562,1049.252,1042.4797,1041.4,1040.7881,1034.0264,1034.875,1042.3921,1041.6266,1040.5817
589.46344,575.48364,565.7459,566.53156,578.1112,580.48914,575.3575,566.3543,556.33167,557.0966,554.8766,557.13837,565.56866,561.20746
1086.6874,1081.2478,1074.2548,1071.6925,1072.3401,1077.8373,1072.975,1072.9529,1077.85,1073.6711,1062.0416,1064.0768,1070.5698,1086.7812
13985.022,14000.695,13977.482,14076.681,14099.676,14192.066,14255.941,14181.782,14309.738,14351.586,14280.082,14338.311,14413.971,14530.332
13940.385,13848.238,13941.479,13938.87,13987.383,14019.614,13983.552,14002.266,14127.647,14093.1455,13939.482,13902.065,13937.508,14116.655
14745.141,14694.512,14709.589,14678.016,14736.046,14768.626,14756.187,14786.459,14905.48,14877.918,14808.596,14763.023,14812.852,14958.729
16464.639,16405.77,16290.72,16266.984,16195.603,16293.234,16337.257,16420.064,16404.916,16319.44,16204.841,16223.934,16225.734,16367.41
15932.134,15872.846,15752.508,15713.264,15728.898,15789.372,15776.247,15764.305,15690.226,15673.255,15675.411,15755.08,15761.148,15880.216
14349.28,14263.012,14237.397,14166.523,14093.892,14102.599,13964.128,14021.906,14023.287,13990.515,13966.993,13979.823,14003.857,14143.336
16745.521,16676.484,16662.367,16633.352,16571.95,16601.602,16511.154,16608.559,16720.318,16635.781,16555.383,16554.902,16580.38,16777.924
14953.587,14937.855,15014.063,15031.694,15064.617,15147.79,15140.162,15034.938,15141.001,15160.787,15075.997,15052.081,15094.005,15247.146
13504.523,13490.906,13556.686,13565.724,13587.077,13661.198,13652.131,13566.588,13648.56,13669.621,13594.08,13577.514,13612.648,13744.026
1515.9852,1511.8501,1510.0557,1510.4813,1511.0144,1510.6885,1499.3143,1493.321,1488.4082,1488.8225,1494.0669,1495.0425,1495.3162,1506.479
16331.706,16258.919,16222.509,16165.347,16126.388,16113.55,15958.898,15940.033,15900.891,15921.866,15945.708,15957.401,15964.684,16079.144
15686.01,15631.894,15584.9795,15506.587,15472.164,15499.118,15469.03,15513.702,15562.193,15539.058,15513.8,15503.753,15563.454,15659.493
13096.597,13075.048,13019.949,13008.228,12986.39,12996.819,12989.162,13007.679,13015.519,12981.954,12971.306,12966.196,12923.433,13006.4
1549.3071,1551.2388,1543.7922,1537.8031,1535.3226,1546.8198,1548.4492,1542.3367,1556.3654,1556.4093,1545.5182,1545.3983,1562.509,1583.0265
11508.4795,11498.146,11483.973,11480.892,11474.906,11477.76,11490.497,11481.3545,11508.776,11503.331,11492.073,11471.704,11487.727,11513.609
17888.422,17856.74,17790.28,17785.668,17768.566,17790.953,17739.979,17711.812,17691.957,17689.203,17702.662,17696.56,17666.824,17785.947
11059.893,11047.679,11044.441,11005.494,10984.108,10989.615,10945.356,10928.62,10910.869,10935.187,10952.629,10951.678,10982.801,11020.61
1940.4197,1932.0748,1932.3947,1928.8257,1921.6792,1916.5596,1916.5216,1916.0385,1928.9606,1922.05,1917.2188,1907.057,1908.9562,1919.5032
16780.67,16750.28,16651.04,16667.328,16624.852,16650.562,16631.012,16645.709,16665.486,16644.52,16657.729,16665.314,16601.46,16680.238
17540.475,17507.197,17405.559,17416.752,17376.49,17404.836,17388.73,17403.78,17428.957,17411.955,17418.984,17419.96,17360.191,17436.121
1828.0674,1819.6385,1812.5544,1807.3503,1800.9384,1804.8463,1798.3966,1802.6976,1818.6865,1810.084,1800.8904,1801.3397,1801.0723,1820.7014
1630.4098,1628.6256,1627.6824,1626.4579,1625.0215,1627.1697,1628.9432,1624.901,1630.5682,1629.2551,1626.0135,1622.0709,1623.4563,1630.0251
12873.675,12802.425,12860.1875,12889.378,12935.301,12887.782,12863.873,12795.468,12885.475,12823.112,12987.157,12964.965,12963.819,13019.184
2327.5264,2333.49,2329.4502,2327.441,2304.7532,2300.0503,2298.946,2305.1985,2300.3943,2300.7869,2294.4106,2292.588,2293.7368,2299.553
930.2434,920.4046,921.1241,916.8697,913.18176,907.365,896.5912,897.06586,890.5363,883.8429,881.0635,878.7348,881.03595,890.22186
2046.0767,2036.7772,2018.5848,1993.7599,1984.7965,1981.0197,1985.1187,1989.5682,2007.0419,2019.1678,2021.8667,2017.4828,2021.4513,2004.865
1228.084,1218.4337,1225.0067,1231.6577,1228.5099,1225.3428,1221.7305,1221.0177,1239.3378,1236.0331,1227.7983,1228.0796,1221.2133,1223.8926
6342.4385,6340.5903,6359.731,6365.5493,6349.414,6340.652,6351.436,6371.78,6375.211,6364.585,6365.9556,6353.968,6364.9346,6376.775
1571.383,1571.9253,1571.9211,1572.6456,1561.7664,1557.6493,1556.2343,1559.9401,1556.617,1555.8463,1552.925,1551.6451,1552.0724,1554.5981
1130.2788,1120.0049,1118.4525,1120.252,1116.1456,1111.9661,1111.3867,1118.952,1120.689,1114.4158,1111.6722,1119.2437,1118.1227,1123.0504
1155.0403,1158.764,1169.482,1166.3982,1162.5918,1165.4335,1169.8997,1167.3656,1166.0171,1163.0927,1170.1194,1166.4392,1175.6108,1185.6399
5492.155,5484.0903,5471.531,5493.166,5518.8125,5529.358,5525.3745,5532.3467,5530.4487,5522.9697,5494.884,5495.725,5497.0312,5516.2783
22295.312,22286.164,22336.246,22362.781,22365.623,22343.818,22342.531,22349.822,22375.385,22385.88,22420.625,22406.488,22433.898,22406.88
11721.558,11728.778,11724.884,11741.332,11730.536,11732.853,11728.486,11713.586,11697.056,11709.617,11728.642,11722.839,11717.358,11744.195
2726.4963,2722.0996,2731.7368,2736.9421,2737.1587,2740.3672,2743.662,2743.2205,2741.695,2752.7417,2760.731,2762.4573,2755.6604,2761.3618
10094.038,10109.693,10208.315,10189.615,10239.056,10241.562,10283.592,10333.309,10359.144,10331.146,10407.391,10345.964,10366.234,10290.931
6076.184,6093.8228,6090.705,6065.582,6068.909,6086.6963,6085.416,6097.392,6125.07,6098.7397,6092.553,6108.0166,6182.8496,6190.0386
3915.5933,3869.1091,3841.9998,3840.7158,3862.0432,3866.7388,3890.3398,3890.6394,3898.7388,3913.728,3924.5356,3897.5786,3867.5193,3876.9116
1273.8577,1260.9932,1256.7101,1242.9462,1230.4861,1227.1047,1224.939,1234.6157,1236.9218,1234.4365,1243.6467,1253.6348,1245.4265,1248.6012
9167.564,9167.188,9117.275,9052.1875,9082.693,9098.808,9066.14,9063.444,9116.683,9034.872,8976.942,8964.356,9011.671,9060.607
7117.186,7032.6587,7052.053,7020.163,6966.4053,6967.06,6970.0195,7022.63,7037.707,7028.8145,7016.79,7011.0464,6978.6265,6998.501
2035.2302,2024.0591,2014.4603,1999.9392,1987.649,1978.8424,1979.488,1987.7223,1993.2012,2000.0095,1997.4459,1994.511,1994.7234,1994.736
2109.6638,2111.6335,2112.5608,2111.748,2104.0715,2102.1418,2095.23,2103.0464,2103.2998,2096.7578,2090.4321,2091.2075,2085.9546,2097.8713
2110.3057,2102.6787,2106.306,2109.6128,2110.3892,2105.5955,2102.268,2102.723,2103.289,2101.631,2101.3125,2102.7778,2104.6853,2108.6738
1469.2701,1479.022,1486.3285,1494.4056,1492.2024,1478.7755,1483.7596,1479.5441,1491.8085,1488.9912,1499.0339,1494.5004,1499.1873,1493.9001
1540.523,1535.5094,1520.4596,1515.883,1519.5991,1519.9425,1531.8223,1533.0797,1534.5686,1535.2201,1537.9537,1537.0697,1538.0037,1537.7783
1733.3868,1699.4052,1697.3821,1687.9341,1682.668,1678.363,1679.2755,1673.7921,1671.2184,1645.7957,1611.9922,1603.7036,1606.5662,1629.5118
339.62787,335.39395,347.2874,344.57516,323.9959,318.5796,312.84247,314.64624,311.13593,308.25192,323.2915,298.13144,294.9611,298.34604
358.3305,358.6407,356.3977,351.1576,345.2033,347.1382,342.06244,351.89948,348.894,351.2345,359.61533,338.43384,333.44824,348.63553
1929.6421,1938.6831,1992.5499,1959.1907,1971.6255,1974.7163,1988.1865,1997.3462,1997.698,1996.6766,2003.4833,1975.6936,1985.3827,1998.8883
2241.3955,2238.4524,2235.6985,2235.605,2237.6792,2235.814,2236.355,2239.7576,2241.4084,2235.3723,2234.483,2229.5068,2229.789,2227.142
1675.3408,1682.2289,1736.4513,1763.5553,1739.5494,1712.1978,1701.3912,1713.5265,1703.6895,1719.9093,1771.1165,1729.8597,1699.5366,1735.8335
8847.497,8832.127,9169.438,8943.446,8986.62,9104.619,9223.3955,9315.238,9456.269,9380.01,9530.5625,9376.579,9504.37,9367.357
4139.5005,4154.4497,4209.679,4229.1387,4279.284,4335.4556,4440.6436,4385.5566,4362.348,4380.7974,4394.0874,4331.6646,4348.093,4324.8345
9472.119,9442.783,9566.019,9650.506,9743.404,9756.797,9781.295,9761.333,9794.446,9759.057,9799.8125,9656.48,9718.681,9608.766
3111.117,3108.6077,3104.113,3100.3206,3113.1907,3115.6506,3133.6086,3143.567,3153.104,3147.212,3157.4766,3140.6123,3141.5505,3127.1982
1320.8118,1290.4524,1288.8058,1289.6187,1303.5046,1298.7521,1330.3455,1337.5132,1345.9711,1339.1643,1354.2385,1328.8739,1315.3405,1307.9255
2119.2805,2111.6829,2112.9253,2112.952,2109.5479,2119.2935,2109.6758,2116.9485,2130.323,2116.1045,2091.575,2096.5996,2103.8623,2105.0015
1213.3331,1217.2655,1220.8914,1224.64,1214.435,1214.2483,1213.7012,1218.8417,1214.7218,1215.5554,1215.103,1215.6887,1214.5978,1214.5112
3497.5461,3481.168,3582.4678,3578.075,3559.1626,3531.915,3531.9001,3515.6577,3507.2842,3506.2568,3548.605,3497.355,3497.915,3537.7458
3534.6716,3527.3042,3601.0618,3602.5273,3596.6206,3578.2861,3575.9397,3552.8127,3541.8777,3534.8901,3563.4424,3536.2573,3553.9282,3588.1025
3658.3416,3596.8105,3634.817,3645.585,3663.6843,3652.1616,3763.7954,3778.5872,3817.258,3833.5168,3872.6052,3852.8638,3826.0713,3817.8206
2831.8843,2831.5996,2832.3967,2838.6638,2835.609,2832.8303,2829.851,2827.5107,2832.3633,2831.0295,2826.6475,2822.3733,2830.4673,2835.1682
5126.222,5085.056,5119.284,5117.751,5177.0703,5181.502,5162.16,5126.325,5183.3726,5207.22,5213.934,5212.457,5237.8267,5234.6616
9984.121,9952.658,9900.873,9892.438,9985.739,9942.751,9940.509,9904.205,9894.286,9881.115,9897.464,9853.87,9934.113,9965.399
9981.287,9951.613,9898.254,9887.953,9983.529,9943.617,9939.612,9904.665,9896.383,9879.71,9896.963,9854.712,9935.088,9967.004
4940.208,4918.3594,4917.694,4931.3306,4901.1606,4873.3574,4881.996,4892.514,4881.798,4877.3706,4902.762,4910.4834,4896.54,4942.9243
5830.8774,5844.6895,5903.974,5879.3413,5910.4062,5978.7188,6056.884,6093.6533,6176.521,6136.54,6215.202,6139.717,6282.4683,6211.7754
1610.6191,1607.0001,1626.6348,1634.5068,1649.4648,1654.8271,1673.7833,1655.4528,1700.7997,1698.6194,1713.1025,1695.41,1703.7917,1736.6642
5653.4834,5663.5107,5665.4985,5695.8267,5715.2163,5683.999,5705.122,5730.63,5785.848,5744.576,5754.2466,5724.4365,5788.374,5761.7534
9455.724,9360.756,9335.384,9245.176,9181.637,9196.976,9200.133,9157.594,9180.117,9138.5625,9074.143,9008.493,9089.724,9096.044
8343.483,8308.275,8305.798,8328.419,8332.368,8279.898,8293.617,8286.401,8243.691,8217.207,8229.184,8213.128,8230.922,8175.8193
8799.242,8793.715,8832.849,8831.17,8809.8545,8793.005,8828.074,8776.727,8845.087,8840.037,8876.181,8833.234,8845.449,8844.24
2101.5002,2101.1506,2096.5796,2108.631,2127.4006,2128.8027,2132.2385,2139.8977,2159.7385,2160.6213,2159.293,2157.43,2163.9788,2163.7275
7511.929,7493.9316,7493.576,7472.423,7461.295,7485.4126,7492.544,7451.96,7476.862,7463.3447,7433.93,7455.519,7478.9116,7457.8467
9743.236,9707.1455,9694.626,9708.76,9707.141,9723.411,9753.803,9749.531,9742.222,9721.38,9731.447,9738.802,9760.613,9816.077
2613.0386,2610.7085,2624.4531,2625.5356,2626.3794,2633.5679,2655.953,2658.471,2667.601,2667.6975,2675.149,2671.2112,2675.5403,2670.1157
2586.7358,2599.0627,2605.4624,2605.6726,2608.0115,2622.3413,2641.3982,2642.7297,2644.233,2649.09,2657.1978,2651.796,2651.466,2653.5007
2103.9458,2078.402,2075.1838,2075.1638,2062.8196,2041.0277,2011.6538,2008.9037,2024.0886,2011.102,2002.5338,1984.7166,1969.3593,1986.6487
1600.0865,1606.1963,1613.0853,1607.7494,1606.1948,1606.548,1613.8274,1619.375,1632.7927,1626.5664,1636.7709,1631.5438,1634.6726,1632.3309
2154.0264,2148.8762,2149.9102,2146.439,2147.261,2143.6108,2142.9016,2140.184,2141.3596,2138.6072,2144.9902,2144.4412,2151.3992,2158.867
2324.592,2337.4097,2335.5112,2355.65,2354.013,2378.7866,2394.5195,2373.718,2400.8557,2400.8606,2405.7864,2435.4788,2443.0518,2468.2205
3542.7363,3516.752,3529.397,3540.5906,3517.0327,3516.3435,3523.0588,3527.9602,3551.2039,3531.1423,3485.7449,3496.686,3487.3926,3498.289
1060.9446,1054.892,1072.1068,1050.3181,1070.6221,1078.512,1080.5361,1070.1228,1088.6285,1086.1276,1084.0399,1055.3801,1078.0162,1088.2223
7416.1436,7422.9946,7411.4204,7415.1206,7451.26,7459.5854,7459.713,7436.2324,7439.78,7429.3394,7405.748,7389.4824,7419.242,7450.602
7331.336,7332.554,7305.698,7281.6343,7297.6826,7320.7573,7341.2803,7343.2383,7360.478,7365.2476,7347.4473,7323.675,7332.19,7353.0254
7372.247,7383.675,7341.9023,7328.9707,7368.38,7381.453,7387.168,7397.679,7418.4917,7421.5127,7402.174,7392.415,7408.198,7438.2964
8874.906,8797.175,8754.543,8794.808,8773.636,8734.21,8705.938,8693.711,8742.376,8737.97,8810.004,8896.883,8877.992,8869.646
1027.1135,1023.9169,1023.4846,1025.1132,1017.00006,1015.87976,1010.91,1013.26483,1016.9092,1019.58563,1012.4929,1010.75287,1006.1724,1009.97034
892.92535,886.2287,877.0124,880.1985,880.742,879.4295,882.1375,884.8131,885.4449,883.14606,878.92804,876.92804,872.9799,875.8757
898.2994,895.6194,889.70734,894.5421,893.0481,896.52875,899.68774,897.183,902.4432,902.63403,902.73456,905.8542,898.2261,898.51855
7334.1333,7314.304,7345.1016,7314.5664,7283.3726,7284.4414,7329.8164,7273.749,7258.9736,7275.3545,7346.278,7306.6265,7280.979,7302.058
7363.46,7295.7905,7336.5825,7311.3374,7310.135,7338.857,7370.0,7280.8584,7335.2617,7319.405,7392.6523,7359.2295,7337.209,7323.754
1772.2725,1774.4567,1785.7203,1781.9282,1781.8688,1776.9084,1781.305,1779.7501,1787.2352,1790.5101,1789.2299,1781.5538,1787.5547,1793.2814
1770.9861,1768.9426,1775.8997,1772.4349,1770.4597,1768.389,1770.8596,1771.7322,1781.4082,1779.4209,1777.8635,1776.6869,1784.008,1782.8503
1811.8335,1805.2657,1800.49,1796.0994,1796.9539,1795.977,1796.7994,1792.0978,1796.4191,1796.895,1798.6116,1789.9756,1791.012,1793.9762
1811.8967,1806.3511,1795.5387,1802.9381,1807.1956,1807.0669,1802.6261,1800.9174,1799.359,1802.1642,1795.047,1791.8275,1796.7388,1799.3031
7775.0615,7712.1113,7734.5815,7728.19,7733.9336,7726.1123,7711.1636,7713.5366,7693.308,7684.5913,7687.5776,7639.386,7627.4893,7691.916
5739.8906,5699.695,5720.217,5649.1973,5623.4707,5608.3135,5634.3647,5685.0684,5754.354,5748.267,5782.6577,5780.9263,5782.147,5752.2275
5791.0244,5719.102,5719.7217,5720.1094,5753.1396,5720.202,5711.192,5660.0547,5726.375,5720.849,5704.1284,5652.517,5684.8003,5716.956
6031.1626,5896.9556,5880.36,6058.12,6031.3096,6009.364,6072.9883,5982.8735,6078.5176,6128.023,6123.2354,6135.3833,6170.548,6186.2446
5679.554,5675.5815,5690.5874,5683.2954,5704.708,5710.2275,5713.097,5722.161,5724.6133,5724.3506,5723.1636,5708.4717,5722.1753,5736.8994
5710.2656,5699.5767,5700.499,5703.513,5725.492,5733.3745,5735.9937,5749.999,5740.9116,5744.689,5733.581,5719.0996,5737.767,5755.539
10228.942,10173.776,10148.301,10144.167,10028.994,9985.717,10092.215,10086.885,10104.684,10108.543,10040.726,9964.472,9947.481,9967.2705
3756.721,3716.5981,3733.0415,3751.0273,3757.2295,3746.2336,3722.5251,3701.6858,3695.2776,3707.06,3718.9075,3688.138,3684.3806,3694.4736
1343.9949,1333.26,1341.7251,1329.9963,1340.6921,1344.9364,1363.7854,1375.3563,1358.0624,1355.348,1351.2166,1328.1787,1347.006,1378.9028
3479.387,3467.418,3459.0725,3462.5583,3451.9265,3464.3792,3472.1775,3480.298,3488.1326,3473.6309,3468.0266,3474.501,3465.7134,3470.5845
4185.7603,4176.6387,4325.721,4404.1265,4356.9224,4320.191,4293.5557,4413.8447,4510.531,4467.8184,4560.7114,4539.0107,4557.622,4550.1426
5758.0674,5761.157,5751.006,5771.7505,5813.521,5836.073,5871.282,5894.5513,5889.684,5830.76,5825.6504,5812.669,5784.936,5770.015
5070.692,4988.67,4984.2593,5013.938,5010.374,4985.285,4956.018,4922.7573,4885.9834,4884.975,4883.5244,4871.767,4874.1216,4933.3584
5088.418,5010.2163,5002.7603,5021.936,5005.3276,4988.101,4954.2827,4930.629,4897.4253,4894.7793,4901.6035,4879.5957,4889.6187,4933.657
1707.3611,1698.497,1700.7391,1698.0613,1694.3622,1694.858,1691.0259,1687.6116,1687.8976,1685.8552,1681.3269,1684.8895,1691.4446,1699.0745
10669.185,10681.378,10680.027,10686.767,10710.157,10731.053,10753.572,10742.933,10721.155,10721.2,10693.705,10611.524,10617.261,10597.109
10745.99,10782.806,10793.903,10794.999,10850.922,10881.697,10854.755,10837.447,10855.503,10845.1455,10798.102,10725.123,10697.042,10719.773
1301.7445,1300.1548,1298.0687,1294.3585,1291.6522,1294.3645,1291.806,1293.3062,1297.2208,1297.217,1292.9269,1290.8073,1293.151,1294.5891
1011.8383,1019.3047,1015.2687,1013.0387,1007.3855,1001.3144,1003.10754,1012.6587,1022.8568,1022.8368,1030.3143,1023.6192,1028.9406,1033.172
5744.779,5713.102,5667.409,5663.7446,5685.681,5682.286,5669.9326,5677.5776,5701.3535,5687.5415,5660.9194,5629.9316,5570.501,5604.4224
2647.198,2644.3948,2645.932,2648.6182,2640.3872,2648.5361,2642.3472,2631.2324,2642.779,2640.4392,2640.4114,2641.8157,2642.7305,2656.406
2603.5762,2600.0227,2593.1172,2596.8818,2594.9844,2603.6763,2603.7,2600.0552,2601.6118,2602.0225,2605.0486,2611.264,2611.3845,2627.669
6821.3394,6730.453,6844.7285,6828.3867,6811.3613,6780.5547,6813.5405,6830.9517,6841.262,6873.342,6958.319,6981.5366,6969.134,6992.6797
6770.428,6703.622,6814.4175,6806.6772,6789.6396,6743.384,6754.23,6764.921,6803.2427,6841.195,6937.8467,6978.079,6924.191,6959.5293
1811.8834,1806.1481,1846.4949,1836.5958,1831.8035,1803.9424,1825.1185,1853.542,1831.5505,1812.2572,1823.7455,1786.7349,1811.1768,1841.5905
1809.8555,1801.7279,1849.5858,1836.6808,1834.1481,1809.1956,1834.3998,1860.6117,1832.9926,1809.5005,1825.9833,1791.6213,1810.5122,1842.1348
2517.5312,2486.4055,2477.4443,2484.3452,2483.3608,2467.0117,2444.9158,2455.801,2483.129,2468.1016,2456.5725,2453.4827,2446.4944,2449.2986
1330.5544,1331.2871,1330.8134,1330.9846,1338.0446,1340.9862,1334.2723,1331.1051,1329.656,1323.2762,1322.0793,1320.1589,1323.1821,1327.4933
1340.8251,1337.51,1333.7567,1335.1471,1348.2134,1346.2126,1342.8782,1335.4927,1337.0217,1335.2375,1334.6138,1330.7009,1339.3867,1339.3684
1321.3064,1317.5208,1318.9866,1317.2985,1312.941,1313.0675,1318.2927,1320.0907,1318.9023,1315.6671,1314.1887,1313.0404,1311.205,1314.61
4077.288,4085.874,4145.4526,4075.248,4053.3076,4032.0906,4042.9248,4083.2424,4085.612,4084.8186,4112.562,3998.4785,4010.067,4014.8782
1765.2059,1759.2294,1752.9946,1752.4774,1749.0154,1750.002,1748.7852,1760.5881,1762.2501,1756.7954,1754.2285,1756.3613,1740.294,1751.4459
1772.0924,1765.8126,1757.1566,1755.1304,1752.0343,1748.7161,1750.1248,1761.9012,1759.9774,1758.8545,1761.1663,1758.5183,1746.2593,1756.7693
1627.9722,1626.4794,1647.045,1664.5706,1648.4847,1669.5234,1674.0679,1676.9614,1660.0272,1645.6377,1660.112,1653.8333,1659.061,1682.7692
1651.9592,1656.2087,1621.4238,1637.6089,1651.6736,1648.4637,1642.8639,1638.189,1651.566,1646.0151,1636.5167,1626.21,1617.3309,1621.7598
7887.849,7853.4263,7834.9683,7797.113,7735.738,7721.2534,7532.0825,7403.028,7342.8975,7426.954,7442.6074,7339.0215,7397.8003,7567.8833
7785.245,7695.952,7637.9893,7606.397,7569.317,7537.0386,7341.163,7299.146,7235.4546,7302.276,7317.885,7320.9004,7380.3325,7493.8354
7727.467,7663.6826,7642.0806,7601.654,7534.867,7493.1714,7461.048,7565.2993,7615.8594,7588.857,7568.075,7562.7803,7526.9316,7536.8013
3247.8125,3237.7695,3266.1309,3265.9255,3264.9539,3235.9785,3244.72,3233.3657,3240.1616,3232.6707,3267.0571,3281.624,3276.739,3270.495
8450.103,8415.578,8517.204,8644.369,8621.195,8590.399,8668.4,8747.118,8649.02,8542.666,8518.219,8514.497,8509.924,8628.436
1342.3158,1343.4878,1359.5272,1359.6381,1355.8456,1351.031,1349.1671,1347.3306,1353.6082,1355.0051,1362.2823,1360.2505,1364.6382,1375.673
1557.8314,1540.4077,1534.938,1527.4209,1524.5204,1529.8083,1525.7112,1514.1938,1508.1683,1498.659,1503.1317,1498.5825,1502.7437,1509.0233
5335.9287,5309.582,5271.591,5227.4946,5193.746,5160.1997,5164.539,5182.793,5251.731,5254.3354,5213.9478,5152.534,5160.337,5170.352
1196.5685,1193.0042,1192.7117,1193.1273,1190.7932,1188.815,1191.825,1193.0721,1194.4904,1191.0801,1191.1887,1190.9409,1191.602,1192.5253
1204.8096,1200.2782,1199.9927,1200.9471,1197.8611,1196.1887,1198.7734,1199.4342,1200.8596,1197.0684,1197.9017,1198.0142,1197.6201,1200.0518
1670.2046,1672.8481,1667.4974,1666.5995,1668.625,1675.923,1663.6588,1656.0975,1662.3789,1670.5446,1666.126,1671.1667,1658.3958,1669.5176
3578.658,3544.7026,3581.2815,3587.3748,3581.5183,3597.0981,3586.893,3567.583,3564.461,3550.146,3554.2102,3558.8357,3533.5562,3550.731
2619.0288,2594.5227,2597.9158,2585.2305,2582.8503,2568.2224,2543.8425,2558.1853,2580.6174,2563.6655,2568.4285,2568.28,2562.6487,2562.2024
2623.8528,2589.644,2593.9143,2575.5537,2566.2144,2560.734,2563.811,2577.7961,2593.4675,2582.2686,2582.8079,2581.0085,2575.853,2568.3845
2625.1538,2592.333,2601.406,2577.0444,2555.5054,2540.6018,2521.1167,2537.4536,2543.7427,2525.454,2532.3733,2532.449,2530.7563,2528.8381
4513.4673,4495.5293,4458.3745,4520.4,4546.1035,4531.6177,4559.34,4549.578,4556.261,4543.424,4533.038,4529.7153,4547.5747,4505.6313
4476.264,4441.397,4404.4043,4420.7246,4452.0093,4421.31,4463.77,4446.3076,4487.8516,4465.28,4441.7153,4442.6646,4477.926,4426.824
8518.531,8548.556,8568.516,8575.03,8572.963,8592.03,8607.505,8621.867,8593.209,8585.526,8569.083,8533.124,8560.234,8626.256
6986.206,7026.131,7006.847,7021.548,7044.5293,7024.4688,7078.1074,7125.4443,7175.739,7204.284,7219.606,7154.2515,7134.8433,7152.961
6934.1943,6958.8296,6923.5234,6938.281,6967.335,6923.8643,6965.2217,7005.636,7055.965,7075.13,7089.4834,7053.6045,7034.5254,7046.848
1924.5461,1915.5186,1951.896,1924.3793,1903.4176,1907.3071,1921.8802,1923.8207,1903.4403,1879.7855,1905.5571,1883.8977,1893.1042,1905.2415
1887.5057,1890.3512,1910.087,1895.4956,1869.1084,1864.3196,1857.4027,1889.1254,1865.444,1846.5967,1863.5408,1830.9387,1821.2112,1861.4343
1909.2523,1910.4121,1921.3763,1915.3572,1899.1765,1888.9003,1906.3345,1922.5962,1902.1365,1896.2869,1908.3077,1879.3331,1873.9884,1903.9666
1359.7699,1359.0885,1364.2979,1364.9948,1367.1276,1366.7866,1376.0769,1384.6039,1391.6515,1385.2872,1384.2035,1379.4758,1380.1451,1372.4625
1356.7175,1354.6797,1356.7218,1355.065,1356.786,1358.454,1369.6577,1379.7584,1387.5208,1381.8308,1378.9497,1372.7949,1374.3313,1365.1798
503.464,502.03052,519.74603,528.9976,527.8644,519.79156,520.8347,521.56055,518.8295,515.2005,525.1903,526.7202,529.8075,534.1829
5661.2163,5638.2856,5625.5415,5611.1904,5592.782,5590.92,5579.9155,5608.602,5626.257,5629.481,5607.585,5605.845,5612.335,5622.696
1375.3663,1368.0217,1354.4161,1386.2959,1358.3328,1360.0623,1367.3953,1378.7411,1370.916,1382.1642,1352.4825,1364.5292,1366.5773,1363.834
1367.2003,1357.8121,1371.1125,1370.4315,1343.3192,1345.6456,1347.7201,1361.629,1359.766,1359.8711,1355.6069,1360.287,1355.8492,1353.8198
8138.894,8113.2197,8139.7617,8110.004,8079.5967,8050.8325,7982.0713,8035.156,8031.7925,7968.9873,7963.5474,8018.7437,7969.839,8034.126
9702.895,9689.807,9692.863,9754.592,9721.608,9651.572,9595.581,9622.6455,9689.688,9723.968,9660.961,9639.962,9617.596,9619.282
1401.636,1405.8721,1411.7952,1409.645,1411.9165,1414.9435,1401.3671,1389.7903,1392.223,1400.0856,1397.9631,1386.996,1380.5106,1381.8542
7962.5376,7917.922,8060.2646,8031.3267,8021.2583,8005.0747,8045.611,8055.544,8046.136,7989.267,8027.9053,8052.407,8102.506,8103.984
4877.665,4824.2163,4818.5015,4815.6284,4794.0327,4776.138,4773.8677,4762.6133,4770.7397,4778.538,4804.6807,4797.8506,4800.1587,4816.2773
4807.3325,4778.301,4791.12,4791.764,4766.4917,4756.52,4738.8184,4751.182,4747.4917,4760.3555,4804.119,4813.2886,4787.1436,4784.114
4138.919,4103.052,4126.8057,4098.488,4069.0796,4082.3044,4119.2964,4111.873,4180.8325,4173.843,4166.2544,4136.8096,4168.909,4130.137
1184.8389,1183.7968,1184.9565,1184.5328,1187.4657,1191.8121,1195.4485,1194.8853,1195.6436,1194.792,1193.8138,1194.5945,1195.0139,1199.3293
9348.53,9324.488,9289.135,9454.941,9426.541,9445.789,9448.245,9438.704,9574.92,9500.804,9505.793,9656.385,9570.453,9667.963
8564.584,8520.891,8476.318,8429.183,8414.877,8355.59,8365.804,8543.467,8518.434,8506.993,8601.773,8376.427,8383.866,8429.253
1322.2622,1326.7878,1336.1903,1344.4783,1346.2494,1352.3375,1359.7507,1365.4182,1370.4785,1371.1292,1374.4614,1367.6915,1367.6321,1359.4928
6668.3765,6654.739,6586.7803,6573.4175,6583.236,6531.72,6526.8374,6552.992,6567.0854,6477.343,6429.8213,6442.5024,6500.4385,6511.5225
8157.798,8431.983,8649.195,8815.268,8695.384,8805.594,8698.856,8662.844,8650.239,8803.559,8969.344,9002.683,8892.791,8977.341
8978.901,8911.075,9068.119,9038.358,9110.413,9091.691,9146.715,9208.0205,9067.652,9022.125,9187.643,9101.896,9132.263,9180.688
8569.211,8510.574,8583.965,8571.008,8652.162,8647.776,8640.155,8626.649,8640.826,8681.847,8714.895,8701.951,8718.155,8757.232
8388.203,8378.915,8375.402,8423.069,8480.672,8472.038,8399.101,8421.439,8432.238,8508.171,8483.5,8473.265,8483.706,8548.502
9159.945,9061.563,9097.999,9104.569,9092.23,9076.672,9052.368,9053.975,9132.505,9141.357,9129.677,9118.062,9141.647,9173.109
6633.9033,6618.307,6832.8525,6835.6187,6733.9736,6715.8647,6729.9927,6793.9956,6771.836,6771.2114,6764.5283,6783.85,6826.6826,6860.753
6631.3525,6604.928,6793.841,6802.119,6683.21,6647.419,6681.467,6769.4717,6723.3657,6681.8247,6687.44,6711.1265,6771.921,6807.9204
9581.721,9525.325,9528.9,9563.406,9500.222,9494.818,9539.014,9562.8545,9562.172,9529.24,9518.241,9513.931,9491.808,9548.583
10555.378,10531.163,10555.67,10533.414,10691.718,10710.688,10802.231,10786.886,10759.054,10774.576,10840.326,10816.162,10813.568,10821.603
924.9757,926.97864,940.6615,948.2676,949.6183,946.01227,946.48737,944.10986,944.9396,944.71094,951.57135,952.0955,952.69556,956.42126
924.47595,924.779,931.22046,936.0951,935.6099,930.03326,936.11017,936.4726,939.1423,939.18805,944.1817,946.3734,949.3539,946.49457
7930.0117,7959.1016,8020.6807,8043.2124,8036.6245,8010.175,8032.0347,8050.9014,8085.292,8086.8853,8124.774,8062.0986,8007.945,7965.691
8292.856,8320.093,8372.721,8412.506,8453.337,8429.035,8424.105,8411.885,8420.889,8389.55,8391.778,8394.99,8471.166,8517.831
991.34247,974.7995,1010.9235,993.1654,1007.7512,1013.8634,1031.4828,1022.091,1019.19037,1019.09314,1020.28815,1002.3667,1025.8147,1015.438
8518.699,8480.146,8457.996,8406.743,8410.675,8436.982,8448.533,8463.047,8483.591,8467.918,8437.823,8422.352,8412.354,8416.54
1079.5938,1062.5912,1064.246,1059.7279,1054.8,1056.533,1056.1852,1058.4121,1062.3176,1067.2085,1080.1599,1087.422,1086.657,1088.7113
1158.8478,1151.9583,1148.5647,1146.0358,1144.1512,1143.6051,1142.6412,1144.8787,1143.9506,1143.2476,1143.3033,1144.572,1146.1459,1148.0731
6414.3,6430.847,6445.178,6498.5713,6482.27,6528.371,6545.7227,6544.365,6604.6177,6619.5996,6560.3955,6596.3105,6569.7837,6675.6025
7794.01,7648.835,7651.088,7844.2373,7744.089,7725.1885,7733.075,7739.3306,7822.9043,7730.3525,7789.5117,7840.8457,7781.176,7921.791
7940.6543,7770.258,7806.2764,7900.3115,7854.421,7892.8945,7996.918,7882.374,7955.093,7873.9146,7987.445,8023.118,8084.247,8137.546
7705.467,7705.3145,7674.682,7657.652,7656.3447,7625.1636,7620.1274,7645.3257,7699.5376,7690.5737,7666.813,7641.512,7686.9897,7676.011
7289.4834,7209.406,7174.201,7098.626,7071.6997,7085.509,7056.8555,7112.5864,7111.458,7101.6274,7066.6143,6999.123,6951.1064,7052.577
5819.0986,5901.948,6052.679,6137.7095,6044.2227,6107.884,6126.107,6113.0283,6195.851,6103.25,6130.1772,6219.962,6203.2915,6242.777
1360.5901,1359.796,1361.9421,1358.6229,1356.7001,1359.6008,1354.6798,1350.8467,1353.2759,1360.642,1360.966,1353.4604,1354.1053,1349.5377
1478.6797,1489.0836,1497.9374,1502.9174,1494.1804,1492.0459,1496.0549,1501.5333,1495.672,1495.1431,1496.2439,1488.2035,1494.3805,1494.3118
5571.3955,5568.1973,5632.3853,5638.774,5654.7954,5606.0283,5617.2207,5519.5557,5608.5527,5570.677,5631.8193,5584.0625,5585.3477,5575.5894
1772.4856,1769.031,1768.7808,1769.2252,1770.73,1767.926,1766.2649,1764.3501,1762.6361,1760.9291,1760.55,1758.5831,1761.8108,1764.84
8910.316,8861.308,8868.732,8882.406,8883.704,8877.093,8900.28,8920.188,8917.462,8891.265,8872.719,8856.097,8852.458,8861.729
6953.0195,6956.2837,7055.565,6990.1772,6966.927,7019.6807,7119.596,7102.7227,7099.128,7111.559,7125.114,7017.482,7077.408,7191.7695
8073.3145,8058.557,8055.916,8021.368,7985.826,7995.6816,7961.594,7972.634,7978.5327,7956.924,7943.846,7908.802,7887.652,7928.5493
8103.3286,8070.7705,8081.524,8038.6323,8008.918,8009.6484,7983.2266,7989.291,7995.1567,7986.11,7965.795,7922.4746,7938.3447,7963.177
1620.744,1619.3607,1623.4781,1633.3986,1644.1619,1640.6744,1647.4362,1641.6749,1643.3643,1646.5154,1649.4458,1643.3759,1647.5463,1636.0538
737.458,729.2187,758.28046,754.54944,749.5981,744.9197,761.0186,767.55023,765.2797,761.9423,775.5908,776.4339,782.4341,778.4622
5239.664,5207.4243,5228.8853,5204.175,5165.5938,5169.7075,5226.1685,5254.8276,5407.07,5446.32,5510.026,5465.001,5452.4434,5362.582
5032.3765,4948.065,5014.942,5003.331,4918.529,4908.2124,4978.387,4970.0386,5183.2764,5247.489,5293.167,5282.287,5241.0337,5096.0283
894.649,881.44507,892.19543,889.6465,878.45074,877.4697,893.646,903.58496,925.3386,933.16003,943.2725,927.94604,923.8718,900.95624
5886.958,5899.8984,5937.268,5949.547,5955.134,5960.8267,6025.6914,6043.797,6060.2935,6010.798,6090.656,6045.7114,6038.691,6031.4497
7816.3516,7813.533,7788.819,7774.966,7764.7104,7762.4736,7775.679,7786.539,7796.229,7798.4917,7801.639,7794.031,7772.9834,7778.7295
1618.1598,1595.7598,1618.4928,1623.7434,1621.3984,1613.4801,1617.0381,1609.8917,1608.4961,1609.7334,1624.0425,1631.8677,1638.4957,1648.8762
1456.5565,1447.7654,1450.747,1463.7666,1452.6576,1451.4792,1455.8147,1462.1992,1457.9868,1441.7014,1443.6294,1457.7229,1449.6763,1464.3859
6674.746,6647.32,6860.015,6738.444,6687.657,6679.205,6725.7646,6782.9204,6825.2207,6808.3057,6858.538,6804.1143,6845.9155,6848.1875
1108.2474,1103.139,1109.491,1109.5146,1107.2733,1102.7429,1104.5383,1102.5356,1106.0538,1104.2034,1107.2361,1103.8262,1109.1243,1110.4728
6434.5635,6394.936,6362.4883,6356.44,6427.8535,6412.868,6383.454,6345.552,6381.7207,6347.4287,6352.925,6337.471,6342.329,6359.5864
5035.0845,5099.319,5064.841,5033.239,5084.2075,5151.0464,5203.464,5181.78,5167.31,5141.868,5100.9453,5070.7905,5119.104,5173.094
1603.7557,1595.621,1596.65,1597.9323,1590.0695,1590.4883,1588.2352,1592.7853,1597.5476,1592.0114,1594.4031,1586.3721,1571.0856,1597.0637
1606.2671,1597.624,1601.417,1593.2194,1587.975,1593.8401,1584.357,1582.2698,1595.3898,1593.2227,1588.2915,1579.0675,1574.443,1593.0968
5408.529,5373.7563,5339.544,5331.1206,5335.8687,5315.174,5306.6553,5298.7886,5265.0386,5250.917,5266.048,5249.9287,5271.5327,5357.286
5024.2236,4982.4155,4984.325,4930.9155,4977.5913,5019.6196,5100.636,5098.556,5107.6543,5088.8022,5069.123,5048.5386,5129.9663,5146.999
5116.5566,5099.489,5134.806,5122.649,5144.18,5158.3804,5195.7485,5189.3228,5189.4062,5167.5312,5153.0327,5153.105,5200.2354,5225.7715
4980.3784,4936.386,4964.0264,4944.0347,5027.356,5038.192,5082.487,5066.089,5062.0327,5045.1206,5055.479,5057.2144,5089.1416,5110.3755
1482.7242,1477.3859,1487.8563,1498.8844,1503.9482,1503.8099,1498.6831,1491.3699,1490.8989,1496.3402,1510.6676,1512.0889,1518.4663,1517.4198
1472.1759,1467.6077,1478.7157,1484.1577,1486.2019,1483.045,1481.6368,1477.5034,1477.2133,1486.3342,1495.6917,1497.8182,1505.5417,1502.5524
7512.7847,7538.398,7464.899,7521.9297,7546.834,7590.04,7556.5273,7576.197,7552.9688,7624.402,7663.202,7568.405,7544.9497,7644.833
7633.2227,7686.226,7670.998,7699.8516,7715.608,7760.4575,7760.3057,7764.371,7786.226,7835.5767,7852.7217,7778.944,7813.8037,7901.799
1603.5308,1601.2009,1624.5652,1627.8125,1619.4302,1605.2229,1610.6483,1619.0739,1622.64,1598.4156,1599.9366,1580.1987,1595.573,1625.1798
6598.897,6539.048,6552.014,6550.5654,6514.693,6456.357,6428.054,6488.055,6530.037,6514.282,6561.5933,6546.802,6457.5845,6483.625
6532.8174,6489.2793,6530.9277,6468.375,6398.9766,6382.8823,6366.584,6423.047,6466.6313,6472.7734,6460.4233,6396.2656,6363.1157,6394.903
5549.82,5496.9395,5446.394,5400.792,5424.6353,5448.19,5467.6655,5444.348,5482.2197,5475.4062,5423.288,5399.5967,5421.6685,5454.787
6585.6655,6548.349,6515.2563,6494.85,6495.9844,6508.2554,6518.2065,6532.2603,6542.8696,6527.2007,6489.499,6459.9927,6465.2334,6513.72
6653.3257,6602.2275,6563.8555,6544.8247,6571.5415,6582.998,6584.3706,6582.0566,6591.0483,6578.2666,6549.69,6531.0776,6552.2534,6596.557
5324.263,5248.4717,5249.962,5243.661,5231.139,5218.756,5231.4614,5221.743,5233.5557,5224.3164,5250.7256,5254.3896,5255.7686,5280.821
6731.797,6688.741,6767.244,6749.251,6774.0063,6792.8013,6859.877,6864.602,6890.809,6863.3975,6862.0063,6817.453,6881.693,6810.447
1181.461,1180.7373,1181.5211,1184.7821,1176.6162,1182.9164,1184.3748,1185.4258,1187.7592,1185.4878,1173.5269,1172.7476,1170.7573,1182.1879
1177.0145,1173.2781,1174.4377,1182.9867,1176.7283,1181.7144,1183.6964,1181.0707,1185.4865,1184.6824,1171.6174,1171.9452,1170.0952,1175.8458
6540.979,6469.0005,6566.026,6513.925,6500.5566,6417.584,6362.94,6362.9526,6435.6733,6360.9805,6402.2812,6319.341,6309.27,6371.069
6718.779,6609.66,6686.28,6728.6245,6731.404,6657.176,6657.6416,6609.116,6671.9316,6670.6577,6698.861,6648.1636,6640.7344,6670.799
1118.002,1111.1724,1106.668,1100.0717,1095.8171,1091.5028,1086.9244,1094.2328,1095.37,1091.417,1095.4734,1099.5505,1103.941,1105.8331
9761.291,9765.02,9785.495,9800.014,9879.686,10049.329,10137.417,10109.93,9894.395,9906.6045,9949.647,9916.263,9972.803,10154.872
1112.6592,1114.6157,1128.1713,1136.3462,1143.424,1157.1044,1164.615,1172.313,1186.2064,1173.7041,1179.6136,1173.2096,1177.7684,1164.9163
1416.9939,1429.1472,1430.7195,1441.0276,1458.3121,1469.3812,1474.7025,1464.4982,1449.7688,1442.1598,1433.9741,1418.0662,1421.2739,1428.2097
1376.5795,1382.3312,1393.208,1402.8486,1424.527,1429.1371,1431.7858,1418.1527,1411.6417,1412.728,1410.6497,1393.6301,1390.0042,1389.1843
10330.8955,10260.455,10189.036,10073.312,10007.263,10040.225,10025.053,9954.994,10123.264,10064.377,10036.012,10064.541,9999.785,9963.207
6059.554,6033.488,6019.7607,6079.4175,6099.318,6108.0024,6181.7554,6226.303,6183.135,6136.8496,6088.9785,6021.6006,6165.6113,6276.543
8028.666,7944.637,7980.3438,7998.665,7999.9756,7970.129,7971.403,7977.827,7971.812,7955.1196,7954.71,7973.6206,7983.03,8027.4873
8067.157,8006.6333,8041.7505,8064.822,8056.3306,8026.2397,8025.585,8034.568,8023.121,8005.2324,7993.4683,8017.856,8017.4844,8060.591
8024.792,7974.8945,8003.9805,8035.586,8018.3574,8007.733,8012.8794,8003.669,7976.919,7964.768,7954.466,7991.058,7983.366,8025.915
4025.6152,4025.3933,4036.3232,4044.6655,4054.3936,4054.4065,4049.505,4053.6294,4073.9482,4069.6963,4108.309,4116.2627,4103.064,4082.6887
4055.2893,4060.9934,4084.2495,4081.5964,4094.1714,4085.7874,4089.215,4079.9841,4115.3965,4110.014,4159.2065,4150.609,4135.731,4110.503
8553.786,8511.73,8511.642,8550.715,8544.299,8507.929,8484.275,8500.429,8471.807,8503.151,8500.274,8405.587,8434.57,8455.302
8610.03,8565.616,8559.039,8608.906,8586.442,8550.201,8542.839,8552.442,8515.909,8557.999,8548.456,8458.511,8477.527,8508.72
5136.4043,5160.682,5243.686,5235.1064,5244.162,5207.313,5197.3003,5207.3086,5243.7593,5227.513,5202.5405,5166.5503,5223.892,5237.455
917.5983,914.9887,919.2825,922.976,913.43225,913.1498,920.2057,913.49133,920.18744,921.52527,926.87946,928.153,918.33875,917.67255
4501.4644,4458.463,4427.549,4423.095,4455.441,4447.06,4411.4355,4414.02,4373.805,4356.352,4306.4653,4272.428,4331.04,4393.744
8541.911,8491.481,8547.769,8541.704,8541.361,8509.877,8581.638,8613.383,8562.423,8508.243,8584.622,8577.332,8537.943,8587.746
5058.4653,4988.474,4986.749,4946.3066,4891.4307,4850.108,4822.981,4897.5186,4927.89,4891.916,4927.1797,4920.938,4937.029,4923.4175
5327.2417,5320.892,5364.4497,5386.0566,5372.088,5351.06,5345.585,5368.291,5372.6006,5360.249,5352.236,5360.4834,5378.012,5378.429
5292.148,5286.0454,5317.7334,5328.584,5312.477,5289.828,5292.454,5319.715,5320.6904,5303.013,5306.0005,5322.7334,5337.227,5346.107
1206.3501,1199.69,1201.0248,1196.3344,1191.972,1188.2065,1194.4784,1195.4534,1199.0842,1196.3557,1193.7123,1184.7578,1194.11,1196.2115
1189.8262,1184.3326,1181.554,1177.4415,1175.7054,1172.7405,1175.197,1176.6462,1177.7095,1174.6213,1170.8236,1160.4515,1168.2268,1172.679
4942.8975,4910.085,4949.069,4958.361,4991.6274,4996.1533,5043.986,5004.0366,4993.7134,4997.072,5001.8877,4952.44,4989.5327,4964.7144
1073.698,1069.8821,1076.2772,1074.8059,1078.5945,1088.2327,1091.0818,1086.4885,1092.5923,1094.6697,1084.9443,1075.8512,1085.1168,1086.3214
1088.7252,1091.7139,1096.8085,1100.3423,1104.3157,1110.5729,1104.5585,1104.4279,1108.7817,1104.6093,1098.2719,1102.7909,1103.4843,1106.4495
5557.1123,5565.109,5575.0986,5603.0225,5560.034,5561.906,5615.809,5646.944,5673.8296,5642.279,5621.1865,5593.887,5549.4053,5547.8154
4894.207,4839.4653,4872.8857,4897.044,4919.6904,4880.68,4839.511,4867.576,4934.9287,4880.887,4836.6953,4889.45,4901.969,4861.8804
1073.2952,1070.4656,1062.1667,1059.4408,1056.8809,1058.2119,1063.8331,1076.6339,1073.1328,1068.2081,1059.5436,1052.7623,1054.6965,1058.1089
6019.852,6000.972,6046.968,6005.1646,6018.377,6024.8857,6014.45,5992.4087,5979.3457,5951.0557,5975.185,5947.108,5999.787,6037.2573
1187.2084,1189.9706,1197.0994,1201.0651,1196.7229,1194.7097,1200.1305,1197.787,1199.201,1201.6866,1206.466,1208.8159,1207.1597,1206.8733
1171.8815,1173.0286,1182.347,1185.0103,1181.6316,1177.9052,1182.985,1180.8813,1182.3226,1186.4719,1192.0797,1192.4424,1192.2567,1191.3835
1267.9572,1262.5535,1260.261,1264.7305,1266.3611,1253.8752,1252.1122,1253.6799,1263.1825,1268.6161,1267.9233,1256.2737,1248.5682,1244.7655
1691.3032,1692.4623,1681.6495,1693.3763,1694.8386,1668.4773,1669.5848,1690.3901,1706.7764,1702.9702,1701.0789,1695.3086,1705.8057,1694.0526
9051.42,9023.826,9104.847,9108.265,9176.7,9202.674,9260.73,9306.069,9304.995,9243.678,9255.254,9157.747,9216.819,9168.57
4616.163,4554.228,4526.445,4485.9976,4488.6875,4483.273,4493.239,4545.693,4611.2705,4595.9907,4636.6753,4589.773,4586.1143,4552.682
8410.396,8406.48,8363.817,8380.795,8433.118,8451.744,8405.856,8339.426,8434.945,8439.141,8430.279,8359.725,8369.144,8393.697
5883.8447,5875.817,5882.9023,5878.3047,5875.428,5855.1567,5794.5435,5849.994,5876.77,5793.714,5743.349,5748.4116,5698.1157,5774.613
2576.8262,2566.4219,2586.153,2580.4836,2593.034,2592.269,2587.5237,2566.814,2596.6836,2586.4922,2576.5193,2580.3076,2571.9133,2574.1743
8057.783,8037.937,8030.3164,8048.4365,8062.948,8053.4463,8010.101,8000.2207,8032.4307,8021.8735,8008.6978,8045.8667,8035.4956,8036.4614
7367.9844,7383.492,7366.8276,7396.853,7394.935,7428.7153,7366.2085,7357.4546,7410.9844,7406.64,7358.969,7336.3696,7302.759,7278.516
7582.7153,7609.2593,7628.079,7582.9424,7621.193,7654.603,7674.387,7667.273,7690.238,7688.3716,7650.9307,7623.07,7670.3237,7643.7007
2118.2449,2112.476,2125.7817,2125.162,2120.264,2116.9502,2122.0242,2114.3188,2117.2834,2113.031,2117.6038,2112.0151,2119.5288,2117.9978
1910.0095,1899.6621,1891.5775,1889.9899,1880.4166,1883.9762,1864.4729,1870.6965,1893.5603,1902.2179,1885.6284,1894.3079,1887.0033,1894.2518
4564.2065,4531.6294,4540.0166,4548.9336,4526.8296,4502.365,4486.2715,4492.8394,4497.793,4504.3086,4522.351,4531.911,4520.594,4530.9004
4542.962,4530.0806,4536.165,4533.8975,4518.352,4495.3247,4495.272,4501.087,4489.6562,4473.817,4488.1406,4494.774,4504.638,4526.36
4446.5103,4441.1206,4481.2837,4472.637,4456.3037,4451.441,4463.1943,4461.3125,4452.189,4437.9854,4464.792,4460.165,4458.0557,4488.585
1768.0002,1762.3612,1760.1033,1765.3992,1764.2914,1774.1237,1770.2122,1767.8383,1778.845,1771.2789,1775.6272,1793.0009,1780.3491,1783.8647
1771.9052,1770.162,1765.7482,1769.8412,1772.6963,1775.4104,1767.2417,1769.9749,1783.1306,1780.548,1779.5681,1790.2096,1779.1359,1783.9348
4323.7676,4283.303,4313.4014,4285.96,4290.354,4302.354,4307.506,4277.0938,4244.096,4252.96,4290.498,4299.043,4314.1636,4362.5166
1623.195,1620.4882,1649.6677,1646.0139,1658.0995,1648.8811,1650.6416,1646.3196,1661.9177,1668.5966,1679.3452,1667.181,1670.0969,1664.7843
1152.4033,1139.7457,1138.9342,1141.6776,1143.6704,1133.1876,1129.6952,1132.8079,1137.7174,1130.2906,1124.9357,1124.7195,1126.8956,1126.2372
1436.026,1420.2346,1417.468,1419.4934,1425.9246,1409.6849,1408.0222,1404.1742,1422.9877,1413.7817,1402.8396,1395.976,1394.7393,1398.6445
4299.581,4253.1265,4218.242,4170.0874,4154.909,4119.8706,4130.6587,4119.1636,4111.715,4075.0244,4019.024,3972.4836,4025.0261,4048.5374
4279.1914,4227.3813,4184.5825,4161.1807,4140.4585,4107.4844,4140.039,4139.721,4156.6226,4118.8623,4058.8162,4032.0886,4062.6016,4089.2222
1835.9362,1831.0035,1831.8734,1827.4924,1813.0204,1823.406,1823.3049,1822.2787,1823.6323,1823.1975,1820.9241,1814.248,1807.2957,1829.3535
1831.5612,1827.0696,1829.6075,1825.5391,1812.4235,1820.0217,1817.8419,1817.5703,1823.0116,1820.651,1815.8461,1808.6222,1801.8059,1822.404
1837.4839,1829.6691,1834.7135,1832.325,1819.9545,1822.2661,1817.6477,1820.5973,1827.6434,1826.5828,1819.4706,1811.0477,1805.955,1823.5321
1787.8496,1781.9023,1788.4917,1782.9789,1773.4551,1771.3177,1770.2618,1775.2109,1779.9337,1773.7761,1776.898,1776.6414,1773.0424,1785.2953
1782.6001,1776.145,1779.7958,1772.914,1765.3396,1763.9182,1760.6147,1762.2557,1765.9943,1761.3014,1764.4028,1761.8098,1762.0886,1775.878
4036.5784,4042.14,4076.2532,4074.6296,4068.4966,4051.6243,4041.547,4033.2915,4065.1711,4071.4922,4098.0703,4074.5857,4086.9265,4098.213
4549.032,4519.221,4470.591,4459.9624,4466.4946,4495.0703,4519.8906,4519.3276,4496.4883,4497.044,4512.3867,4539.356,4478.138,4488.4546
1366.0599,1370.1191,1370.9684,1382.2078,1384.2197,1385.2751,1376.2698,1354.5052,1354.5457,1368.26,1372.8396,1359.2834,1357.0063,1367.5314
1361.452,1358.9663,1377.7313,1375.1844,1370.5474,1362.149,1346.8622,1332.0063,1338.2565,1341.7275,1346.942,1336.9786,1339.3586,1341.3711
3968.4666,3924.7874,3938.7053,3924.861,3937.9958,3922.9163,3872.749,3849.7368,3847.269,3852.5747,3845.2346,3831.3914,3867.752,3902.9883
4784.9355,4758.2646,4840.94,4802.192,4737.4897,4794.357,4837.737,4863.322,4798.128,4754.581,4794.1636,4711.3545,4788.3535,4828.933
4738.644,4762.1597,4796.3003,4767.751,4762.863,4859.7554,4850.5195,4804.0854,4793.4565,4769.8784,4836.7534,4749.5615,4791.7227,4824.3193
3990.2886,4036.7449,3993.1055,3979.8708,3964.007,3945.788,3959.0728,3975.0757,3996.857,4006.4714,3990.1963,3948.1936,3981.1604,4001.936
3953.3206,3984.5981,3947.4644,3938.978,3911.949,3941.2615,3948.3152,3968.6023,3942.16,3945.7905,3928.3997,3928.757,3957.634,3989.473
5649.81,5696.9976,5705.7505,5765.0435,5782.4395,5791.919,5792.272,5762.6196,5764.249,5765.476,5756.866,5750.022,5793.0854,5824.137
2121.897,2118.6062,2110.597,2111.641,2110.5496,2105.835,2101.2449,2097.6597,2107.4688,2105.814,2112.2024,2101.6492,2100.6746,2106.831
1682.8737,1685.6995,1699.5093,1699.5458,1694.6763,1701.6522,1719.1414,1720.2972,1710.9796,1710.7849,1716.4197,1710.8606,1715.572,1718.2756
5871.959,5842.629,5893.036,5913.5254,5910.6504,5906.153,5894.5386,5897.3623,6012.914,5995.973,5979.145,5969.9463,5920.0996,5991.268
1947.6334,1952.5317,1959.9805,1965.479,1972.0225,1969.457,1967.8684,1968.0369,1972.8441,1968.5775,1973.3136,1966.9816,1974.2128,1985.4761
1201.3225,1184.4337,1180.9985,1179.1919,1183.9662,1170.5873,1165.6847,1166.3373,1181.8488,1169.0237,1160.2198,1165.1217,1168.5631,1166.2628
2964.6318,3066.4026,3045.1257,2923.0454,2827.963,2892.6165,2749.549,2790.9854,2729.6816,2637.7354,2809.5046,2643.8806,2613.767,2761.456
3181.7048,3168.6868,3214.232,3139.578,3199.3882,3200.2996,3207.2268,3135.1284,3141.4487,3145.4539,3247.9177,3057.7124,3080.225,3191.2903
3172.2295,3138.649,3168.936,3122.9666,3150.4685,3149.9646,3160.1936,3078.7283,3109.7708,3124.3757,3174.6733,2973.8896,3048.312,3134.68
3116.105,3075.2393,3142.1062,3047.8467,3091.0488,3072.2634,3089.6355,3025.9028,3077.9907,3085.8794,3105.305,2869.7031,2986.391,3049.0605
6091.448,6043.589,6043.3765,6027.652,6022.3164,6038.706,6082.674,6123.9,6149.577,6143.5415,6170.3867,6188.9365,6187.99,6193.486
1114.5642,1113.0146,1119.511,1118.2607,1115.0625,1111.7523,1115.4531,1117.3573,1120.4762,1120.2493,1124.5071,1119.047,1118.1362,1119.8022
1573.8357,1570.5712,1565.8313,1577.5363,1579.7083,1576.7574,1565.6434,1578.398,1585.5343,1574.6111,1573.2968,1585.7356,1574.9601,1579.5626
1577.7883,1572.1693,1574.8318,1581.9536,1581.2863,1575.3752,1569.5778,1582.0697,1588.5017,1578.7307,1580.8351,1588.3352,1575.7996,1579.191
2316.7375,2312.727,2317.2292,2303.387,2305.813,2289.3096,2278.6245,2274.7842,2295.2375,2288.3271,2285.7559,2280.8025,2280.9111,2285.0474
2391.3103,2382.0994,2387.5803,2376.0322,2379.8887,2382.178,2378.1997,2375.6392,2376.089,2376.1748,2373.0,2367.8267,2379.1404,2387.5645
1775.2056,1742.3049,1731.9076,1734.8687,1746.6771,1730.5668,1703.627,1715.827,1727.1178,1731.6017,1727.2502,1722.318,1709.5404,1725.5076
1739.0846,1747.8545,1745.7585,1739.282,1729.6797,1735.8546,1743.3362,1749.4214,1761.0608,1752.57,1744.5568,1750.6215,1750.0494,1767.9425
4919.6274,4914.674,4988.0356,4923.4297,4859.542,4863.4844,4850.613,4805.872,4871.8647,4865.6523,4837.2773,4829.325,4828.561,4806.537
5005.568,5001.9126,5041.8477,4981.4087,4912.2124,4924.721,4895.439,4871.96,4944.312,4934.1445,4881.509,4855.1616,4860.5415,4889.5703
3769.6511,3731.088,3695.578,3698.618,3789.104,3780.982,3755.1484,3790.8245,3820.7983,3809.9822,3812.957,3808.939,3828.6213,3859.1086
3693.944,3678.047,3693.4854,3667.8843,3737.6174,3733.1306,3676.7532,3709.979,3765.9917,3757.5496,3725.3318,3725.7085,3775.9321,3782.5396
4895.414,4863.7393,4850.6353,4777.394,4759.8975,4751.1567,4756.317,4827.8667,4832.7285,4808.1494,4802.2944,4787.4805,4773.7163,4777.813
4630.9766,4609.2847,4642.3193,4633.938,4643.001,4649.596,4666.7197,4672.842,4699.826,4703.031,4718.448,4717.6826,4735.856,4737.026
4609.6353,4559.201,4659.3022,4637.309,4646.385,4642.452,4660.294,4689.2915,4643.254,4621.9272,4660.1074,4635.1064,4670.5317,4686.349
4595.467,4570.5957,4665.7783,4617.9883,4615.6147,4611.752,4635.9297,4651.4307,4621.3115,4621.78,4692.242,4631.6006,4639.235,4678.68
1122.672,1128.1864,1135.1741,1131.183,1135.0002,1140.3258,1146.0256,1146.764,1141.1223,1142.396,1140.678,1131.4653,1137.171,1143.3887
4627.2007,4665.3716,4704.449,4733.2812,4722.231,4729.595,4729.6133,4706.1045,4681.3296,4710.404,4796.2373,4764.557,4723.8364,4748.088
1907.0411,1890.8967,1904.9097,1905.4972,1884.5204,1888.1517,1920.3779,1936.4908,1918.5652,1939.1215,1943.7194,1937.8271,1952.973,1980.5774
1886.0197,1872.7699,1881.9789,1885.6903,1882.5226,1890.3896,1926.7274,1944.5908,1928.064,1938.4637,1943.5997,1935.3672,1947.2639,1969.8668
5030.1973,4989.1387,4982.445,5032.956,4990.745,4971.769,5018.325,5040.873,5104.2197,5061.477,5090.2427,5093.6475,5078.258,5173.7734
1786.6665,1804.5133,1824.8234,1812.8787,1780.6166,1801.9988,1791.1198,1840.5447,1859.4011,1866.1249,1874.5784,1846.7524,1841.6857,1833.092
1777.5844,1797.0911,1821.2358,1806.495,1770.6296,1793.9689,1780.03,1831.23,1845.6813,1853.7281,1864.7693,1836.0386,1828.9758,1824.3986
1677.9835,1667.4224,1662.5026,1659.9987,1648.2008,1641.8768,1645.9703,1654.9026,1654.5815,1649.3834,1641.5919,1647.9297,1645.999,1652.2401
4913.718,4889.641,4874.891,4863.892,4859.4937,4881.608,4866.015,4854.197,4878.088,4858.3022,4860.184,4843.8867,4874.1978,4872.767
4897.615,4878.9136,4862.01,4863.218,4841.2075,4865.318,4840.812,4852.8633,4862.3687,4852.1953,4839.5845,4850.2573,4869.255,4851.1924
4144.377,4156.346,4175.779,4193.2627,4195.909,4206.312,4220.6313,4212.53,4201.4736,4200.165,4190.589,4183.911,4183.8184,4207.0615
1585.0583,1590.7441,1595.5421,1617.4635,1603.664,1593.7397,1570.5055,1554.5535,1533.9716,1502.0768,1507.9905,1523.5425,1566.8904,1603.87
4686.451,4647.293,4667.1836,4643.261,4617.716,4615.7993,4594.335,4614.9756,4621.9307,4601.094,4589.769,4595.065,4598.019,4626.18
4761.5737,4756.0005,4748.8774,4735.2227,4744.7983,4769.232,4804.4287,4766.9595,4778.016,4780.2905,4779.344,4762.172,4787.4966,4777.1577
4128.2256,4120.934,4114.4966,4116.7964,4106.038,4119.3696,4127.4873,4127.607,4125.192,4126.79,4120.983,4129.552,4128.114,4129.874
1838.5269,1820.5795,1829.3961,1840.2965,1823.3262,1805.8772,1798.5516,1808.5334,1828.1176,1828.7883,1820.6161,1804.2086,1793.9796,1804.0217
1834.7085,1817.9756,1828.3167,1838.348,1822.2291,1804.5446,1797.3137,1806.285,1821.5688,1821.0208,1815.9539,1797.8148,1790.9478,1802.9277
4102.344,4088.2502,4079.8267,4071.8713,4063.7954,4058.3489,4053.1858,4067.2366,4101.0034,4109.957,4101.042,4102.8975,4093.001,4070.5083
4045.1155,4030.7375,4035.3635,4026.1318,4006.4746,4007.8274,4007.1938,4005.5552,4030.3662,4049.25,4046.8936,4053.1943,4050.6848,4034.4888
4178.364,4183.5396,4169.8013,4161.365,4145.643,4140.2285,4139.3784,4143.6606,4146.9614,4144.285,4145.16,4150.0493,4166.4385,4169.8877
2165.3372,2162.879,2181.3044,2188.0156,2181.2185,2177.7742,2191.124,2171.1267,2170.8606,2163.6577,2166.6682,2163.6677,2185.2986,2196.302
4090.6614,4054.4465,4045.8047,4047.5874,4038.712,4023.2852,4022.5393,4022.9204,4035.451,4024.6846,4041.429,4024.6147,4030.1885,4051.6294
4057.5608,4034.9219,4020.175,4022.3567,4000.4155,3996.395,3985.345,3995.406,4002.011,4004.0994,4007.424,4001.8467,4002.9587,4024.6755
3806.9363,3808.6555,3820.267,3816.6057,3811.9695,3827.1409,3847.4448,3854.1404,3865.0432,3861.3123,3854.9895,3847.901,3880.373,3877.745
2335.2678,2285.0017,2275.3303,2266.317,2294.5261,2302.3123,2323.461,2316.4172,2283.5212,2300.3625,2326.6567,2267.295,2290.9536,2294.2078
5443.014,5371.899,5320.9683,5348.693,5376.504,5356.5957,5312.635,5305.4785,5335.839,5270.2607,5299.071,5315.4287,5363.886,5287.9
3848.8623,3845.7502,3840.1917,3839.4636,3833.6355,3826.4766,3811.9104,3823.1096,3831.4026,3816.459,3827.8184,3825.1882,3793.358,3820.857
4424.1177,4410.4805,4382.5034,4388.94,4407.669,4394.5845,4387.1064,4391.7495,4394.5317,4419.1436,4409.1797,4392.0635,4401.951,4430.027
4391.4194,4371.8755,4362.339,4375.7427,4375.468,4362.949,4372.4824,4376.095,4370.1597,4389.7134,4371.7686,4361.57,4371.0054,4395.9043
1541.0692,1535.8483,1540.6232,1531.9564,1522.9099,1525.176,1523.3677,1533.9532,1545.4037,1539.1157,1532.5149,1531.6871,1526.591,1532.708
5205.659,5189.5415,5221.086,5188.265,5149.459,5127.7993,5151.4683,5175.1055,5145.354,5074.1587,5063.161,5024.7295,5004.4053,5044.3735
5337.4795,5364.14,5329.4995,5336.892,5284.6465,5281.0464,5322.8833,5329.0913,5332.613,5313.0894,5271.4463,5264.5337,5242.7686,5304.8438
5341.828,5345.387,5301.747,5327.403,5288.809,5294.1436,5360.356,5321.3906,5309.518,5317.3584,5279.4434,5254.764,5267.1807,5329.4414
3252.046,3252.0796,3290.1033,3279.717,3274.426,3285.2842,3309.4077,3309.082,3301.098,3304.27,3324.9756,3306.2488,3308.5488,3339.2024
4944.2397,4925.297,4925.905,4925.971,4940.208,4957.1187,5015.428,4985.9688,5014.883,5018.92,5027.726,5042.843,5060.0786,5018.38
4958.088,4966.5703,4970.197,4917.4976,4885.0464,4909.159,4879.6377,4884.0015,4892.5117,4888.2124,4901.1846,4896.4297,4897.1025,4912.2446
5052.7188,5044.879,4986.4634,5011.749,5022.256,4990.131,4950.516,4991.6104,4964.913,4948.1313,4969.772,4973.3237,4946.11,4968.057
2449.1465,2440.1624,2448.2556,2441.7625,2421.967,2424.076,2427.5662,2430.8608,2442.5034,2452.1047,2444.0557,2440.198,2434.8489,2419.68
2499.2283,2502.6274,2498.436,2485.3801,2460.7754,2465.2117,2467.7993,2474.1338,2483.8428,2484.891,2468.5654,2468.9558,2455.7168,2461.0525
5201.092,5243.328,5256.473,5304.958,5386.1294,5416.7114,5404.464,5402.04,5389.7764,5433.1377,5414.797,5390.0615,5359.208,5385.7383
4573.9023,4620.3125,4743.538,4868.88,4847.6826,4906.108,4973.768,5057.3564,5054.6953,4967.276,5044.0474,4990.869,4949.6216,4907.363
4635.0474,4682.824,4849.1025,4937.1226,4931.0024,4976.5254,5042.584,5105.002,5121.0767,5028.4927,5116.875,5069.065,5017.578,5012.555
2258.437,2252.0574,2265.667,2251.076,2269.8813,2287.9722,2281.7107,2269.772,2292.2832,2289.8613,2293.7346,2286.8005,2278.9353,2314.8755
2261.029,2259.367,2252.9714,2263.239,2294.7227,2312.975,2324.7898,2299.2876,2331.798,2334.5125,2343.1804,2336.6106,2344.3748,2381.8591
5960.8354,5919.343,5962.5454,5921.668,5989.0415,5990.9556,5965.384,5866.5864,6032.061,5976.3633,6056.9253,6035.7324,6099.1465,6239.3555
2521.6985,2526.5166,2538.0925,2562.0256,2562.991,2567.025,2564.8982,2553.471,2535.0234,2539.5647,2555.9282,2552.8997,2541.0156,2535.2495
2403.3113,2375.6953,2364.3416,2359.2415,2355.6536,2355.7676,2360.1177,2367.1365,2366.4397,2366.4111,2376.4414,2365.133,2351.7075,2356.5747
4604.39,4562.099,4629.895,4634.4956,4619.4673,4581.1675,4571.2915,4578.7876,4575.6445,4578.3154,4594.423,4573.917,4584.066,4613.4307
4585.464,4549.8677,4607.358,4627.7266,4615.5835,4570.0137,4538.381,4546.4062,4542.8794,4545.4014,4554.9873,4538.527,4554.5273,4580.9663
4470.635,4399.039,4401.12,4393.402,4367.423,4351.0786,4328.254,4346.3486,4343.203,4333.372,4343.0874,4381.036,4387.2217,4397.7266
3194.7686,3178.4343,3183.5332,3183.4749,3171.1978,3153.296,3139.6553,3138.1167,3134.8435,3127.6028,3124.6904,3111.2148,3109.8904,3125.0479
3192.9346,3182.4546,3195.2607,3193.9333,3179.5269,3168.1099,3158.8525,3158.1501,3156.863,3147.7742,3151.4985,3137.3376,3122.5308,3141.3997
3210.2847,3213.316,3226.458,3225.305,3207.4714,3197.336,3194.742,3197.1418,3194.969,3192.5264,3196.2998,3182.4465,3162.1887,3195.1394
4398.181,4343.062,4355.199,4317.52,4300.376,4299.923,4308.4604,4323.6597,4324.3916,4324.5625,4344.6494,4339.5264,4366.88,4384.2275
3314.8953,3275.0178,3285.2585,3270.123,3244.272,3241.2004,3230.1123,3268.3347,3281.647,3248.426,3232.61,3228.6362,3230.146,3224.909
4073.882,4016.0554,4021.5908,3995.917,4005.6729,4015.122,3986.347,3982.3442,3986.3472,3978.876,3969.9622,3974.129,4002.8193,4020.1414
4820.4795,4766.3447,4751.1406,4845.463,4870.0566,4781.8555,4780.8794,4767.571,4871.578,4873.167,4863.5303,4847.201,4865.3843,4922.148
4708.508,4644.013,4666.3696,4592.1313,4538.0723,4480.2783,4412.336,4420.088,4410.516,4368.676,4386.1772,4354.1025,4398.453,4442.874
2833.1018,2837.0867,2813.149,2829.7466,2838.9307,2824.7424,2825.6865,2826.7866,2843.0571,2827.6902,2826.6067,2838.4302,2842.2349,2851.1648
2692.3447,2692.547,2707.666,2730.9944,2736.3823,2729.4434,2741.3523,2763.7456,2776.9739,2768.1619,2788.6155,2780.3735,2776.7588,2755.4897
6596.1924,6562.378,6585.2,6657.934,6680.453,6662.3613,6668.93,6606.4873,6617.134,6670.303,6691.3076,6694.0845,6659.8486,6675.3096
6470.4634,6416.4937,6497.6465,6473.346,6481.7246,6475.9453,6443.257,6414.9785,6440.7124,6437.2837,6455.665,6412.8633,6388.8364,6390.16
4251.2944,4211.3057,4212.7896,4198.88,4221.8506,4249.504,4226.646,4257.9873,4256.2803,4272.6064,4337.139,4289.553,4289.793,4263.9478
4843.766,4884.51,5047.1704,5070.162,5014.2666,4965.859,4925.049,4964.115,5006.0806,5092.985,5155.041,5107.738,5041.398,5052.621
4966.968,5008.6196,5106.1235,5130.18,5089.8286,5082.57,5068.669,5053.0396,5054.6606,5087.761,5126.1104,5115.724,5145.4253,5201.853
5117.086,5146.089,5185.056,5193.134,5172.1885,5163.9805,5174.2944,5162.024,5179.5513,5179.094,5202.9404,5194.805,5242.3696,5278.3403
3984.422,4007.9163,4010.1711,4037.407,4020.5957,4077.3083,4036.8955,4046.8728,4061.6355,4086.1409,4050.504,4012.323,4019.8408,4056.914
4246.779,4207.8623,4253.6973,4239.608,4238.29,4232.086,4259.4463,4268.9917,4410.8164,4372.739,4404.794,4436.203,4465.981,4375.671
4587.3467,4586.732,4651.0938,4665.7236,4664.5283,4585.175,4616.65,4622.7344,4648.1016,4633.476,4734.413,4710.317,4745.275,4750.901
5038.068,5019.2666,5031.6514,5054.337,5078.306,5043.2603,5042.9185,5060.565,5065.249,5041.4653,5077.0156,5080.6655,5104.0,5107.2437
5022.863,5014.879,5058.407,5081.179,5068.232,5040.5825,5053.83,5054.706,5053.3696,5032.943,5076.8384,5093.38,5071.183,5066.5103
4866.236,4917.0474,4864.3604,4860.376,4858.7925,4934.0386,4905.321,4887.272,4880.3066,4882.7393,4859.7363,4865.239,4823.4272,4908.925
4801.277,4828.934,4778.023,4789.097,4756.3896,4819.0796,4835.5537,4812.7197,4816.0703,4828.353,4771.103,4771.6396,4752.944,4832.2646
2007.3722,1997.1705,1991.7766,1978.3007,1975.1161,1978.4615,1968.6515,1966.3069,1958.9313,1948.5725,1934.7899,1923.8029,1938.4208,1953.0968
4162.8535,4133.854,4128.1343,4155.7227,4157.93,4143.5566,4087.5881,4110.524,4157.396,4120.4067,4074.2627,4087.9062,4044.173,4121.5234
1887.203,1877.2333,1878.9865,1879.4127,1874.5223,1866.7174,1863.3711,1864.483,1868.7968,1864.872,1862.0636,1858.8557,1856.006,1865.6006
1896.19,1885.7145,1891.9015,1889.9213,1884.5602,1879.5841,1875.5122,1875.7323,1878.9948,1875.1533,1870.7838,1865.8676,1863.5118,1869.644
4999.053,4991.6504,5019.264,5059.684,5085.786,5031.6636,5005.0015,5030.731,5043.9546,5035.709,5060.769,5051.991,5023.0723,5043.7344
4544.142,4547.8247,4573.836,4570.4014,4581.1494,4591.9653,4607.842,4615.498,4597.468,4604.3545,4608.3066,4592.0176,4607.5044,4618.0107
1664.2626,1666.5485,1665.9271,1667.1005,1674.7009,1680.8875,1689.9286,1689.8073,1690.8867,1680.5162,1678.244,1666.7196,1675.4506,1678.3267
5574.5986,5567.0723,5599.3936,5605.5522,5619.59,5605.14,5616.1953,5601.9355,5610.6494,5602.833,5608.7407,5614.482,5634.836,5640.3726
5194.75,5191.1123,5238.0986,5224.045,5191.0894,5171.2935,5226.3145,5218.36,5167.018,5171.299,5206.497,5124.243,5129.525,5178.5317
1671.1813,1674.77,1676.5496,1680.7673,1680.6339,1680.0496,1678.3055,1674.2463,1675.7357,1678.5247,1681.8381,1681.2518,1678.0208,1684.5497
1557.0784,1557.2699,1562.372,1564.334,1570.133,1568.0232,1576.6616,1597.3295,1603.7075,1593.4744,1604.9265,1604.8375,1600.7028,1602.888
5099.9297,5137.655,5163.4443,5184.7817,5140.511,5112.5557,5124.6045,5094.6543,5082.616,5096.661,5099.905,5090.2075,5101.039,5102.8604
4130.7236,4117.9536,4181.722,4162.0234,4149.8237,4159.793,4163.2217,4205.747,4205.7026,4208.52,4184.6353,4172.871,4202.12,4206.145
4200.958,4200.0723,4211.6772,4212.6504,4213.896,4217.6133,4236.257,4241.894,4252.8003,4243.332,4237.0933,4222.1616,4220.677,4216.0317
1629.5237,1628.7355,1640.0817,1647.7174,1652.01,1645.4158,1642.7855,1640.972,1635.2854,1633.7169,1635.3302,1634.139,1640.2991,1652.0336
4928.2026,4885.7944,4936.161,4938.9946,4927.8145,4868.665,4910.393,4946.8066,4931.055,4895.107,4932.9395,4907.579,4954.06,4954.575
5818.3022,5813.0825,5816.321,5806.019,5787.785,5783.979,5797.974,5802.668,5808.581,5815.8247,5805.7344,5802.848,5822.3115,5829.531
6054.3325,6089.3633,6174.982,6172.448,6215.501,6184.955,6188.9595,6182.382,6260.912,6262.786,6282.8496,6152.828,6167.6177,6152.977
6030.9653,5996.626,6017.29,6002.3564,5990.8296,5989.673,5986.9824,5987.864,5994.085,5966.231,5967.152,5994.0693,5975.0186,6001.156
5076.2446,5035.009,5017.474,4986.408,4960.025,4987.403,4990.583,4984.148,4977.0024,4939.213,4885.382,4845.5864,4889.975,4934.5166
5044.8994,4969.268,4854.9785,4952.671,5079.118,5146.205,5190.873,5154.0176,5162.4077,5187.116,5162.3125,5227.266,5294.332,5403.6426
5053.8955,4975.4814,5042.557,5027.4297,5032.5923,4958.0605,4920.31,4889.4604,4913.5737,4899.356,4907.0654,4855.6313,4898.4624,4938.054
4665.4795,4632.126,4777.477,4813.2476,4844.975,4835.758,4866.7725,4931.79,4846.716,4821.518,4963.938,4803.163,4791.237,4895.592
4184.104,4099.6,4120.177,4116.189,4097.1875,4061.0637,4047.2625,4033.4302,4015.8328,3986.164,4045.5676,4003.7122,3992.095,4067.1042
4220.703,4172.016,4194.3496,4185.6006,4159.2427,4138.247,4093.6545,4070.4163,4042.8674,4037.7627,4073.5054,4049.3162,4056.547,4125.718
4093.5396,4029.825,4040.5266,4039.5388,4011.6877,3993.2266,3969.4114,3945.1196,3896.9246,3888.7056,3930.7803,3914.6943,3910.747,3979.2874
4642.6255,4611.912,4601.821,4612.374,4625.596,4589.412,4551.1733,4559.626,4592.339,4575.9854,4554.9736,4549.4243,4527.264,4532.6885
4276.7617,4240.2476,4254.1943,4304.304,4300.187,4281.6934,4257.8574,4235.753,4292.2856,4269.484,4264.7847,4248.65,4218.785,4237.3735
3869.9194,3848.7505,3837.2378,3850.7585,3838.1003,3826.2856,3807.398,3810.5586,3794.9612,3790.98,3790.702,3798.4421,3800.6328,3815.7595
3892.1228,3870.43,3868.115,3873.8289,3872.9746,3867.0444,3861.4304,3857.341,3843.8494,3835.702,3834.6816,3830.664,3840.5667,3860.8965
6486.1475,6493.562,6364.7134,6406.8794,6598.3066,6728.5522,6729.487,6613.2295,6759.1562,6865.5815,6746.8193,6724.2124,6905.937,6972.2017
6351.1953,6254.5747,6294.6055,6216.184,6304.49,6329.507,6258.128,6202.9907,6261.568,6197.044,6108.244,6061.354,6090.3374,6165.1187
4696.872,4657.7334,4613.449,4601.3105,4629.349,4662.218,4701.8604,4680.088,4670.246,4663.3164,4700.8213,4713.6533,4690.5977,4697.351
3749.674,3633.1165,3603.0796,3612.7112,3562.5125,3509.464,3449.6313,3466.3962,3417.76,3422.21,3451.2917,3446.2637,3453.521,3509.0674
6297.706,6213.781,6172.6885,6034.832,5958.2305,5903.8364,5864.7095,5938.357,5948.6665,5965.1807,5954.711,5973.135,5981.3955,6007.209
3405.0593,3367.0125,3370.669,3359.9233,3350.1804,3329.8452,3330.282,3346.644,3355.9688,3318.9614,3312.4207,3316.4617,3310.3853,3353.9326
4834.9443,4805.8384,4803.813,4810.704,4754.4023,4747.893,4770.307,4805.17,4790.608,4813.2124,4809.2427,4760.404,4722.493,4739.2476
5070.755,5068.902,5083.0166,5044.3066,5020.922,5038.0957,5055.156,5077.4897,5108.8726,5088.0527,5087.649,5066.45,5092.924,5088.357
4499.66,4452.729,4426.8784,4410.4487,4403.93,4390.5483,4378.073,4374.124,4351.58,4353.6724,4393.56,4389.495,4418.769,4439.647
4654.701,4594.114,4564.222,4560.912,4573.3384,4582.2363,4590.1772,4553.2554,4556.8613,4555.233,4551.836,4550.396,4592.103,4609.733
4529.633,4466.7407,4448.01,4451.586,4468.124,4452.6226,4434.32,4413.9673,4419.473,4421.831,4417.109,4408.3086,4437.575,4444.7773
4649.2676,4554.8506,4513.936,4550.9004,4574.012,4608.5186,4574.737,4534.972,4580.897,4586.855,4545.5605,4594.2397,4624.816,4613.4697
4636.669,4686.0435,4770.6353,4737.605,4724.5586,4745.6606,4763.8096,4717.6836,4739.792,4772.069,4787.044,4747.3223,4740.3657,4739.9775
2461.0837,2455.7192,2463.082,2460.7573,2438.3542,2444.0774,2464.0635,2463.2974,2454.5693,2463.6675,2478.6304,2473.4634,2457.6562,2480.1765
2441.0461,2445.8423,2448.481,2443.2314,2419.762,2432.1287,2448.218,2448.4492,2447.213,2455.9597,2462.4763,2455.421,2445.129,2469.5894
2462.1929,2466.662,2466.7354,2461.6577,2446.8994,2457.2727,2458.34,2455.931,2463.8748,2471.6624,2471.3967,2468.2307,2466.1692,2489.2495
2755.0947,2727.1191,2703.3484,2651.656,2611.4006,2593.1418,2582.7156,2621.6052,2622.268,2594.37,2567.5925,2521.6824,2565.0125,2590.9907
2004.6946,1989.9451,1994.4648,1989.9241,1981.8444,1968.619,1947.7637,1966.4349,1985.8109,1974.7585,1973.0645,1986.7284,1979.6318,1992.0612
4014.1714,4034.589,4044.576,3992.5127,3978.6487,3988.248,3852.178,3805.9888,3869.1543,3929.2114,3939.2295,3948.3252,3910.698,3957.692
2611.512,2620.5747,2618.7488,2645.027,2621.4001,2642.6257,2701.043,2803.6504,2633.7517,2651.1418,2724.0874,2567.1562,2480.276,2678.2307
3359.3164,3347.3696,3451.402,3429.302,3442.5188,3428.6504,3482.8333,3559.7083,3592.2476,3501.851,3593.0627,3550.2217,3546.608,3598.9658
4450.1226,4455.2324,4486.796,4507.5645,4528.659,4497.6045,4552.1255,4514.119,4576.241,4610.679,4626.0713,4617.9355,4654.0996,4611.2544
4543.7827,4541.9463,4565.214,4614.6704,4606.8267,4590.07,4642.4136,4627.907,4715.7993,4772.5938,4763.197,4778.7407,4785.979,4731.707
5867.588,5775.15,5769.1665,5991.6924,6031.4697,6023.013,6151.0757,6067.574,6442.579,6300.7285,6400.202,6488.2695,6520.8535,6627.6274
4233.2363,4200.129,4201.634,4198.6226,4208.357,4177.8164,4131.4004,4129.188,4166.1147,4161.0825,4139.966,4151.6543,4145.7266,4124.371
3369.5007,3354.1946,3358.9492,3327.805,3326.3901,3306.0803,3309.5396,3281.1885,3294.2456,3276.5813,3273.6506,3250.7747,3265.7932,3285.5398
2186.7651,2182.342,2194.64,2202.7275,2211.091,2206.599,2215.8555,2229.678,2219.281,2203.1423,2219.461,2216.6768,2211.3538,2212.2998
2179.083,2168.7827,2188.5066,2193.6711,2189.359,2179.1973,2194.8923,2205.675,2194.4707,2177.4785,2197.336,2196.2117,2201.285,2205.1255
2956.3574,2935.6555,2934.1572,2933.1719,2925.1667,2916.1167,2912.4304,2931.7095,2948.189,2936.8093,2925.3022,2919.1353,2907.8462,2914.65
2980.4397,2962.0364,2955.783,2955.2988,2947.3967,2941.7827,2938.6204,2948.0947,2960.328,2951.479,2945.576,2941.9814,2933.994,2949.278
2943.0244,2923.5867,2916.4424,2917.8848,2909.527,2904.3933,2903.0505,2917.1174,2925.9844,2918.507,2910.764,2910.6157,2898.4082,2909.5437
1980.1592,1977.598,1976.1393,1965.6205,1965.1562,1973.6886,1972.3855,1979.0634,1978.9647,1973.4098,1966.6389,1966.4135,1973.0015,1980.0227
2596.1597,2626.5134,2649.6177,2656.3337,2649.7742,2652.6833,2585.2917,2594.2153,2593.395,2613.592,2635.1191,2632.7751,2611.4927,2638.2112
6438.9956,6419.322,6431.039,6394.8936,6375.51,6387.1006,6407.391,6389.8394,6424.0264,6437.0776,6426.3213,6398.723,6436.342,6437.3203
4579.683,4575.462,4731.991,4659.345,4651.984,4718.7407,4747.9507,4765.0747,4829.5415,4802.8267,4844.1753,4768.8135,4764.9517,4690.98
1195.6808,1188.9657,1181.0984,1180.6605,1185.6818,1186.2911,1187.303,1185.5231,1187.2269,1185.5543,1183.8474,1182.6864,1185.2458,1190.7782
1195.9204,1185.7812,1180.839,1174.9703,1179.2778,1180.4232,1182.7986,1180.408,1180.8969,1176.3807,1174.6864,1175.1178,1175.8959,1177.0187
1942.9238,1914.5916,1939.6892,1921.5916,1927.8397,1931.635,1951.3816,1964.4315,1962.1163,1945.9307,1955.5244,1943.7135,1957.0452,1967.3712
4119.573,4085.521,4036.2668,4035.8608,4071.0742,4029.3098,4057.2273,4066.9763,4095.01,4057.694,4091.27,4032.238,4056.965,4068.3438
4111.0713,4079.2668,4058.4675,4097.484,4112.991,4078.022,4116.054,4104.067,4122.9634,4108.2393,4149.7134,4120.323,4124.118,4095.0508
6160.273,6100.5015,6119.537,6128.811,6130.546,6124.581,6173.4434,6169.786,6155.0195,6124.051,6110.522,6104.056,6163.3247,6152.007
1808.857,1807.3467,1830.4216,1831.5377,1823.357,1812.9198,1818.8955,1821.4464,1822.6779,1804.9722,1821.5511,1815.1537,1841.2258,1854.2504
2084.725,2075.6458,2065.9912,2073.306,2075.7874,2077.3833,2083.8518,2077.202,2075.867,2079.7979,2088.5098,2082.577,2078.9404,2083.1926
2055.358,2039.4572,2040.2994,2054.3782,2071.072,2067.307,2076.465,2066.5132,2069.223,2069.2998,2079.5845,2062.0005,2055.6968,2057.844
2068.7505,2051.8596,2057.237,2066.3535,2083.2488,2084.1362,2090.6853,2072.3267,2084.3225,2092.1548,2097.4775,2078.0708,2076.1375,2065.4634
2016.6451,2017.7291,2018.2706,2018.6508,2009.73,2001.9908,1999.0837,2001.4097,2000.0917,1996.4884,1998.5923,1999.0048,1999.211,2007.6216
2171.8606,2151.5635,2157.7686,2163.3528,2135.1814,2119.0886,2095.125,2098.1272,2089.4814,2093.0674,2100.462,2083.9316,2078.1367,2088.4736
2155.2751,2142.1301,2142.8877,2149.2153,2130.66,2117.6067,2085.8916,2083.3315,2078.1606,2080.9973,2085.9224,2073.2136,2064.634,2081.3384
2154.063,2142.7463,2143.5046,2148.5422,2122.8242,2111.3413,2076.8914,2085.115,2073.9084,2078.4688,2077.5696,2070.3174,2060.0972,2079.158
2104.2837,2101.6382,2131.4824,2140.1929,2149.3555,2134.6172,2132.5251,2127.663,2135.2563,2126.6204,2142.8413,2155.5796,2158.1272,2165.1243
1685.8706,1684.2501,1682.9183,1690.9451,1693.9409,1692.2191,1696.3954,1707.9423,1711.9141,1711.3523,1730.3923,1717.0901,1724.1809,1718.5768
1678.4509,1675.3778,1676.4941,1687.0369,1690.8208,1683.1177,1693.4625,1704.6686,1707.2534,1704.375,1727.8406,1715.896,1720.7465,1713.6847
1785.779,1790.3835,1792.8457,1776.9493,1770.8665,1778.5693,1793.1576,1800.1511,1787.794,1759.2867,1780.3961,1763.5544,1768.316,1792.0519
1683.8142,1677.5984,1687.187,1681.5093,1669.3284,1667.8411,1666.6312,1667.519,1681.9482,1674.7229,1668.6215,1660.229,1664.1171,1658.3354
1354.3029,1340.8748,1346.0383,1335.801,1328.6252,1330.2584,1322.2068,1341.2085,1324.9082,1329.1266,1345.2522,1313.8682,1297.9054,1325.7252
1289.7289,1272.7131,1274.1224,1280.1058,1301.028,1313.5974,1308.036,1315.1876,1305.8861,1286.4554,1307.1637,1298.4426,1294.541,1310.372
1569.6697,1555.1178,1540.6941,1542.5734,1537.7982,1524.9292,1527.8186,1531.7004,1546.2461,1551.0907,1545.9224,1540.638,1538.746,1535.1687
1564.0494,1547.8846,1541.1692,1531.0847,1526.9678,1518.2814,1522.6117,1527.5902,1548.2839,1555.9858,1554.7194,1543.8198,1544.651,1535.7672
1506.6553,1491.5662,1486.9453,1482.7517,1492.8496,1496.3182,1509.6233,1512.9012,1542.693,1522.2701,1503.0868,1500.896,1522.4962,1536.4683
1507.2002,1496.4825,1496.8535,1493.342,1491.7578,1492.3512,1502.9686,1522.3291,1531.6814,1509.5383,1494.382,1492.0138,1493.4321,1507.3093
2039.3617,2028.6844,2033.718,2033.2515,2029.7604,2014.3756,2020.7146,2036.9421,2044.6808,2038.3297,2042.9103,2045.6635,2050.1238,2037.7767
2021.678,2010.0287,2015.9575,2015.0629,2010.9359,1996.5435,2008.4377,2024.588,2033.9022,2030.6646,2040.3425,2043.8037,2044.1266,2024.9167
1948.9891,1936.187,1936.5646,1936.4822,1937.0189,1935.7511,1937.714,1936.2128,1928.7141,1923.0609,1921.6448,1922.827,1925.5074,1941.7805
1969.9132,1951.6418,1953.3557,1954.0519,1948.9507,1948.764,1938.7798,1934.4825,1933.4125,1929.5304,1919.8152,1919.6962,1921.7876,1939.9927
4505.702,4529.9775,4530.034,4479.653,4484.784,4519.494,4542.1997,4571.702,4579.576,4503.5747,4597.3574,4482.0093,4509.424,4535.261
9291.791,9200.569,9345.768,9300.553,9198.265,9156.913,9240.664,9266.81,9313.015,9322.391,9397.755,9377.172,9228.797,9224.631
2288.8936,2260.1138,2275.2944,2314.998,2323.093,2313.2803,2362.1328,2341.0884,2381.6814,2369.4639,2397.143,2420.0034,2426.0493,2443.2727
2294.311,2289.1038,2314.1248,2329.999,2318.3796,2358.6006,2425.4639,2366.2322,2395.4316,2399.3528,2441.1772,2457.9631,2465.0046,2493.4146
2447.0005,2419.6233,2434.647,2422.7793,2438.6475,2440.23,2472.7393,2458.3293,2495.0906,2432.272,2423.4749,2433.4592,2447.6667,2455.1226
2141.4219,2157.6548,2166.7773,2197.7502,2217.3494,2248.5305,2244.3318,2230.8345,2178.0337,2163.4243,2177.6401,2170.5881,2156.4463,2167.5315
2455.1853,2441.1885,2469.0098,2454.2324,2444.3428,2438.2693,2445.452,2436.0623,2441.287,2435.7559,2446.9954,2437.3315,2446.7678,2459.368
2434.204,2427.0295,2447.908,2436.8958,2429.6145,2423.4473,2428.827,2422.4294,2428.4177,2422.5208,2431.9773,2423.4668,2434.2192,2448.3394
2613.71,2562.287,2585.0422,2574.7688,2564.2808,2545.3735,2523.5288,2518.9243,2517.612,2489.118,2486.4426,2469.9478,2467.4731,2502.6897
2420.2334,2430.6812,2449.5615,2408.3452,2397.828,2421.2043,2432.212,2444.566,2439.1255,2419.4258,2422.7368,2401.5774,2411.292,2429.0122
2412.5974,2413.8206,2432.2195,2416.5042,2416.1428,2436.3813,2457.608,2474.415,2454.5662,2438.119,2449.663,2432.4766,2439.8186,2455.5183
2361.7747,2367.6804,2378.102,2366.7158,2354.4028,2351.654,2364.3108,2366.8093,2380.0366,2396.4563,2390.4893,2375.8997,2389.6846,2393.839
2357.3252,2365.8545,2377.5854,2365.629,2337.172,2343.8352,2351.6309,2355.673,2365.484,2378.3071,2368.0225,2366.256,2374.5789,2378.5308
5031.0635,4971.128,4978.439,4985.4927,4996.6445,4981.1787,4983.0396,5033.149,5100.8555,4991.4917,4952.3447,5012.3354,4962.384,4966.61
4727.726,4691.418,4674.8564,4679.9736,4698.4175,4692.7524,4709.6133,4705.4707,4716.4634,4670.178,4663.9556,4648.2876,4674.751,4686.6875
5158.556,5211.0503,5266.8823,5220.0415,5208.405,5282.9336,5319.1206,5287.063,5249.8706,5254.985,5231.863,5170.5596,5173.277,5228.3228
6140.6045,6136.242,6137.354,6167.38,6147.6235,6180.4478,6205.826,6148.8794,6165.4956,6159.0054,6114.9126,6149.873,6189.225,6212.252
6061.8223,6056.5654,6050.195,6053.743,6046.486,6057.5347,6062.273,6057.1694,6041.497,6030.62,6013.872,5994.9434,5985.7954,6023.7236
691.481,689.433,689.5742,689.28766,689.54694,691.7779,705.3361,712.5334,710.71277,705.2007,711.7096,701.559,707.6414,700.00854
6751.636,6749.4463,6762.3145,6793.669,6822.041,6822.59,6843.823,6883.374,6855.124,6783.995,6830.8735,6839.964,6851.593,6901.525
7449.666,7370.237,7323.8374,7367.9883,7324.1772,7319.9155,7370.6523,7374.5176,7393.4663,7355.562,7328.0273,7334.02,7347.579,7393.8237
7479.784,7410.247,7384.749,7412.666,7354.0605,7361.666,7386.6655,7415.4053,7435.9414,7384.9014,7366.6978,7423.323,7400.8438,7452.814
6653.2227,6656.615,6670.283,6653.8306,6603.7427,6603.685,6580.002,6599.7134,6647.772,6689.5327,6661.704,6625.694,6620.5107,6594.6025
7466.519,7448.7856,7497.76,7526.2275,7508.0015,7468.613,7490.9365,7522.2217,7486.727,7483.967,7546.1084,7547.8496,7527.3237,7545.6475
3540.4111,3571.3455,3760.6199,3729.8916,3577.088,3543.0815,3403.8088,3315.1965,3405.1018,3424.0894,3463.1829,3404.3354,3220.1467,3288.958
943.27356,937.5714,939.1523,933.034,937.61707,931.56433,931.43506,929.7596,933.4819,932.60535,937.2272,932.57227,925.641,928.0896
8252.627,8234.482,8230.76,8235.87,8233.884,8213.838,8209.764,8202.476,8200.056,8196.367,8221.195,8206.97,8191.3267,8194.663
8148.2417,8119.775,8122.568,8122.0205,8104.782,8096.1294,8095.9756,8096.0103,8094.4565,8092.0684,8135.213,8131.0786,8086.0625,8084.8486
8187.5938,8170.392,8174.227,8190.299,8186.0034,8161.97,8158.755,8153.0293,8146.5693,8150.464,8194.246,8189.265,8131.133,8121.3564
6545.9067,6563.431,6578.5356,6615.516,6688.2036,6666.0356,6667.7383,6644.4727,6644.827,6694.5586,6729.893,6713.257,6725.5386,6737.4575
6443.5938,6430.769,6412.316,6454.5137,6510.8647,6514.1367,6521.4404,6508.0225,6536.256,6593.3613,6600.78,6595.3433,6598.622,6598.5854
7056.0073,6974.3506,6870.368,6813.5303,6781.314,6806.384,6840.895,6870.091,6894.759,6898.37,6906.6597,6940.5474,6960.656,6983.3843
7256.7627,7128.721,7108.3003,7042.4814,7014.0474,6994.786,6952.9976,6963.024,6904.349,6799.8447,6769.751,6753.5137,6808.4995,6879.836
7382.622,7273.0166,7273.336,7185.6787,7147.2466,7094.752,7109.8447,7084.325,7082.1064,7039.1587,7004.8833,6943.63,6960.519,7034.9263
7424.199,7413.029,7490.759,7485.9062,7501.0576,7480.772,7450.3203,7400.4463,7407.064,7408.5557,7439.986,7469.6357,7502.3203,7539.144
7482.6284,7467.5635,7537.0503,7524.6553,7547.635,7513.287,7488.85,7450.9834,7467.2246,7463.118,7509.595,7550.198,7571.2886,7596.1665
7406.1914,7388.3833,7452.484,7450.105,7470.135,7437.2124,7409.4434,7372.2573,7389.6323,7388.092,7418.567,7451.9194,7477.554,7508.0034
3205.143,3193.0256,3284.8381,3279.1738,3243.5544,3246.683,3240.5308,3301.22,3325.2305,3280.3105,3312.368,3311.4072,3327.0735,3317.1409
4645.695,4628.7437,4637.2524,4599.9595,4647.2866,4623.709,4631.805,4625.088,4685.428,4672.1704,4704.447,4667.121,4657.1255,4681.5977
4740.1055,4717.1675,4699.64,4696.4507,4710.147,4688.8384,4708.5166,4735.1777,4751.785,4720.891,4750.114,4752.822,4752.7964,4773.667
5738.064,5758.868,5680.364,5605.024,5608.0874,5597.031,5511.6177,5493.568,5447.3438,5413.2056,5387.79,5378.663,5492.638,5563.6
5464.865,5471.5005,5514.972,5502.8984,5497.4326,5477.7065,5484.6187,5480.324,5489.0205,5485.1914,5509.1616,5505.4004,5523.6587,5528.379
5292.308,5249.996,5320.26,5254.929,5241.6367,5255.511,5315.915,5338.6943,5320.664,5241.359,5281.978,5280.156,5346.372,5364.9814
5355.524,5316.247,5392.436,5332.219,5324.4595,5331.4185,5390.8804,5404.5723,5389.6973,5335.3003,5380.539,5386.139,5446.6724,5455.5874
5261.004,5235.5776,5309.2456,5264.964,5265.1455,5258.6772,5316.1167,5325.628,5301.993,5253.143,5301.6436,5305.2324,5357.474,5375.6445
5285.791,5263.995,5337.95,5293.048,5298.301,5293.6973,5340.001,5346.813,5331.593,5298.9805,5337.426,5344.3936,5398.5947,5402.368
4832.0137,4683.2637,4794.3774,4785.935,4812.9375,4844.8276,4869.0723,4997.281,4929.3105,4753.624,4850.691,4758.1743,4743.3047,4857.933
4294.618,4282.32,4308.44,4316.7056,4301.1675,4295.954,4290.531,4298.1504,4301.2485,4296.2466,4307.333,4317.16,4326.952,4315.7026
4298.988,4286.8804,4350.7607,4346.3735,4331.3423,4315.168,4304.506,4306.777,4308.691,4315.3574,4334.671,4330.814,4328.308,4317.16
4689.3975,4649.693,4664.099,4663.7773,4628.2065,4622.257,4622.549,4617.0767,4597.0083,4604.433,4637.679,4630.872,4610.717,4626.494
3671.5942,3654.2449,3670.2366,3699.6384,3767.0894,3755.4944,3803.1838,3783.5063,3799.889,3791.023,3787.0762,3775.859,3797.8508,3783.6975
3545.8518,3531.0996,3556.447,3580.7703,3660.7527,3655.619,3693.265,3658.384,3678.4675,3668.9197,3674.1948,3660.7617,3696.6482,3673.1323
3597.0767,3575.816,3612.1511,3642.259,3725.9734,3711.911,3764.7585,3719.9985,3734.6897,3719.5254,3732.5168,3727.474,3760.2168,3719.193
8145.0923,8134.4854,8121.38,8108.7017,8102.6763,8102.7515,8100.76,8091.732,8126.709,8133.7705,8123.089,8101.2065,8105.9893,8108.0176
6860.454,6826.284,6795.7793,6808.3413,6831.5728,6831.26,6864.6357,6907.144,6926.422,6888.086,6864.669,6883.851,6897.745,6880.9253
9747.657,9702.171,9721.931,9746.249,9721.867,9695.0,9664.193,9688.188,9687.642,9687.961,9684.266,9663.948,9663.567,9641.291
5214.8853,5240.8657,5284.69,5259.132,5252.7236,5260.447,5282.3843,5266.51,5289.314,5318.1597,5341.8223,5337.234,5351.3057,5336.293
2291.8066,2285.783,2299.1982,2301.8267,2298.8538,2290.5642,2290.7913,2283.0852,2286.9966,2280.2065,2284.136,2283.903,2294.824,2297.1375
2315.8835,2290.3972,2284.0854,2265.7107,2256.0886,2253.3667,2239.3584,2255.288,2261.647,2255.5835,2259.8872,2265.8943,2262.7705,2274.3374
2241.0503,2231.0737,2260.7974,2250.0266,2248.6633,2254.291,2265.3083,2273.4731,2255.9773,2261.1619,2262.1287,2249.73,2259.814,2274.0842
5747.1904,5792.5327,5999.436,5890.8823,5832.4814,5779.256,5823.048,5851.26,5936.8916,5926.8896,6123.781,6025.455,6083.2427,6063.3345
5570.7188,5580.062,5569.398,5665.333,5613.4976,5772.995,5839.5176,5760.221,5785.68,5839.3364,5878.2007,5932.991,5887.1953,6103.113
5629.1025,5618.926,5635.2256,5691.159,5688.485,5802.6353,5899.855,5789.669,5889.715,5901.0938,5911.6753,5951.3306,5989.115,6126.908
2036.2388,2026.797,2034.7954,2043.3329,2043.0262,2037.3026,2048.641,2043.7739,2053.7961,2050.2842,2036.001,2030.7645,2033.4333,2048.151
2022.0681,2017.1118,2019.3776,2021.0583,2018.5936,2016.5616,2014.3024,2008.8315,2004.538,2004.2478,2008.708,2006.9396,2007.7554,2013.6865
6864.2812,6886.685,6924.8433,6873.2485,6922.5674,6883.3145,7012.4375,7121.1597,7132.188,7029.6177,7078.654,7021.145,6976.394,7065.34
3998.1553,3955.105,3952.4014,3962.619,3951.6067,3925.6196,3927.5056,3944.5728,3934.5881,3919.205,3940.8079,3903.2827,3899.6438,3920.87
2830.558,2821.636,2840.5312,2834.282,2849.678,2841.9817,2847.8125,2839.9646,2850.791,2846.2693,2853.9365,2842.5176,2852.6882,2847.204
3519.4185,3435.077,3472.7883,3366.0312,3289.174,3268.703,3158.548,3205.0066,3204.2693,3214.5137,3280.6924,3312.4614,3326.3745,3365.6487
5705.397,5629.4683,5657.5615,5617.0615,5574.9863,5561.205,5545.9204,5589.9253,5555.434,5475.4507,5445.941,5398.879,5396.5728,5460.5386
4512.9194,4473.8374,4451.8613,4432.649,4411.85,4407.0903,4409.4155,4409.615,4399.4033,4389.5757,4417.48,4424.5713,4424.885,4440.0723
5211.1006,5156.278,5138.531,5093.5513,5053.7266,5045.294,5036.9844,5067.4053,5048.127,5044.079,5081.282,5052.643,5077.0645,5126.922
6254.1465,6206.025,6179.7295,6164.515,6153.901,6150.472,6181.8633,6225.864,6248.472,6239.3896,6243.3257,6231.461,6215.786,6211.4517
5677.077,5648.1157,5667.486,5642.1553,5629.1694,5600.158,5578.792,5558.0063,5563.9546,5544.792,5602.9224,5613.9814,5624.7847,5653.3696
4207.008,4150.297,4158.9673,4130.608,4083.7761,4031.1272,4063.0889,4085.8818,4070.8225,4034.2363,3961.7683,3920.7266,3935.2712,3990.714
5524.439,5469.0503,5450.2812,5442.777,5446.7534,5446.277,5423.3086,5426.131,5408.6377,5393.382,5422.527,5442.0254,5420.763,5460.114
5055.9434,5011.5356,5033.7617,5022.414,4973.5845,4971.3516,4910.938,4847.017,4793.8496,4812.498,4810.012,4737.507,4743.745,4863.5547
3935.8525,3954.152,4018.2412,4020.3694,4018.7734,3982.2766,3934.6738,3974.1614,3971.278,3993.806,4006.601,4019.8774,4008.6382,4001.6445
4036.546,4032.3188,4068.748,4086.2861,4088.6433,4072.3188,4091.0369,4087.0151,4087.506,4092.8018,4107.19,4097.004,4109.94,4109.2197
5307.4653,5295.5244,5320.3843,5316.7686,5332.622,5308.6714,5289.771,5273.8545,5285.4004,5279.9287,5298.3237,5297.3765,5315.2246,5340.063
5181.8667,5150.6855,5240.5933,5247.869,5284.768,5257.151,5246.984,5219.339,5211.434,5194.751,5239.266,5227.1543,5252.2744,5304.339
7383.571,7266.8086,7271.6904,7246.5254,7254.4375,7230.662,7228.8984,7264.152,7246.316,7137.392,7049.899,6990.651,6969.954,7065.2227
4392.0396,4367.8853,4393.1914,4368.9106,4342.118,4332.0605,4335.6,4354.1963,4362.443,4361.154,4390.4844,4378.9736,4377.7227,4387.3433
4406.3286,4376.7314,4380.157,4362.8384,4342.648,4349.0635,4340.268,4360.2954,4365.04,4359.722,4371.9883,4372.5825,4380.752,4401.163
6856.347,6830.3027,6803.1494,6808.7803,6776.8594,6786.6777,6752.7876,6754.5186,6683.737,6721.234,6712.98,6695.604,6700.154,6753.633
1902.0654,1893.0742,1896.5889,1901.3335,1902.2258,1894.2178,1883.9849,1896.281,1900.7457,1893.905,1894.6602,1906.2395,1892.051,1896.7634
1106.4547,1106.12,1105.4286,1102.7954,1098.7856,1101.5629,1103.482,1102.8362,1098.7461,1100.8536,1107.804,1107.4045,1104.3519,1107.765
4370.455,4376.334,4281.291,4168.6367,4164.8677,4240.265,4348.24,4459.365,4316.015,4196.4297,4195.4,4055.4717,4102.6753,4287.9395
868.4654,866.5987,870.19714,869.4246,867.3877,860.71893,860.2195,859.5267,858.3473,852.22064,858.81116,863.58154,870.1964,875.77765
2890.9988,2851.9817,2858.976,2889.1838,2901.7112,2873.7202,2843.6382,2821.904,2834.0452,2852.9531,2867.321,2850.4993,2828.6074,2802.3098
5494.4224,5454.4976,5526.5176,5529.9775,5545.083,5566.536,5650.0444,5687.5293,5595.5054,5577.7295,5630.276,5595.7603,5630.627,5683.4194
5367.6294,5372.9966,5432.4507,5441.8726,5457.159,5490.339,5549.3037,5584.3105,5527.6753,5541.1113,5570.7847,5526.1865,5573.972,5633.05
5352.446,5338.0303,5379.5474,5398.587,5407.3965,5421.0996,5497.2173,5548.718,5421.472,5437.4243,5487.4546,5412.315,5446.47,5514.9805
5909.5405,5940.56,5945.5127,5944.333,5900.888,5905.9443,5917.1367,5894.733,5896.026,5850.177,5827.662,5840.166,5855.372,5871.245
9367.277,9274.329,9202.099,9209.328,9171.376,9144.745,9120.679,9159.783,9149.785,9148.942,9087.557,9052.995,9043.825,9039.466
1266.8588,1263.3506,1267.3541,1266.6072,1261.5212,1257.4688,1259.4397,1264.7196,1262.8035,1261.8458,1266.3468,1265.7776,1260.7189,1267.2786
1282.6836,1279.2748,1277.976,1277.202,1272.2004,1271.8708,1275.5494,1275.1593,1277.6561,1277.5503,1278.5256,1275.8553,1273.6193,1277.9315
4348.1353,4324.654,4275.737,4236.6475,4205.904,4180.8613,4200.3394,4253.424,4280.242,4264.162,4232.647,4197.5664,4168.5293,4213.7993
3955.6653,3926.556,3936.6768,3916.456,3899.2542,3896.373,3878.116,3917.2378,3970.6794,3923.3848,3903.5046,3923.3062,3907.2227,3921.412
4018.9783,4002.2246,3989.7295,3971.208,3985.4504,4003.642,3984.3142,4008.317,4071.4268,4024.7717,4005.5513,4015.789,4022.5762,4046.7063
4020.6453,3999.8525,3966.4485,3967.4165,3979.0188,3979.7908,3968.8984,4009.1926,4059.7896,4008.2185,3984.9888,3996.8586,4007.431,4030.415
2400.0413,2392.7878,2393.079,2384.5898,2403.0222,2414.7383,2425.424,2421.194,2426.4333,2425.7852,2418.999,2415.9175,2421.0657,2423.2642
2400.2427,2391.0103,2401.2085,2396.1372,2419.339,2423.7842,2434.6501,2428.6096,2430.9414,2433.3015,2431.2925,2424.829,2427.1802,2427.3367
5615.471,5573.86,5543.9175,5532.937,5509.965,5526.264,5513.0796,5537.2285,5563.761,5564.9297,5539.9126,5526.781,5503.029,5551.141
5395.9087,5322.667,5344.1465,5320.3154,5282.5483,5279.439,5264.8447,5287.0747,5300.176,5281.947,5286.0156,5285.4263,5297.0034,5300.5464
4725.423,4665.772,4657.264,4664.6333,4656.698,4608.728,4579.083,4592.3374,4635.921,4595.9297,4612.9565,4603.7734,4605.6147,4651.055
2039.4104,2017.6666,2044.5762,2045.9791,2045.4323,2037.1097,2051.4395,2047.9885,2056.1477,2048.626,2064.9407,2069.4824,2075.3303,2067.6804
2037.5815,2018.8337,2041.8821,2046.4701,2046.1176,2034.3278,2041.695,2036.8958,2042.2013,2033.0182,2050.7869,2056.167,2063.551,2063.1345
2037.3718,2016.9052,2044.0592,2044.7655,2044.3391,2035.2643,2047.5585,2043.1741,2050.4922,2041.8004,2059.7869,2064.616,2069.538,2063.3113
5113.189,5090.603,5143.5684,5155.491,5172.3677,5159.3813,5164.4683,5161.2363,5161.1147,5183.791,5196.2695,5159.3022,5164.81,5149.6816
5255.3545,5196.6284,5203.758,5178.758,5143.6533,5136.0273,5120.2656,5140.59,5129.5645,5132.0864,5165.262,5182.734,5174.486,5210.7334
7069.733,7006.348,7082.48,7080.508,7069.1934,7084.685,7180.722,7260.7646,7306.9946,7329.269,7320.63,7277.3564,7347.494,7292.063
7078.469,7033.439,7155.3643,7101.475,7124.5444,7146.5195,7231.491,7292.1787,7341.357,7317.9526,7335.242,7307.965,7341.4688,7319.485
1669.2686,1666.456,1674.3474,1675.6248,1684.995,1684.0858,1684.7275,1677.1421,1686.8583,1698.6025,1704.0187,1692.2065,1692.8971,1689.031
1662.2229,1663.3088,1685.0386,1676.497,1676.679,1665.7952,1663.2828,1668.2958,1679.8632,1688.4167,1699.5486,1675.1014,1678.4094,1673.5742
1632.6831,1636.4512,1649.7816,1645.716,1636.0208,1630.409,1619.6702,1637.7124,1644.6125,1653.8014,1658.0945,1632.3148,1626.3171,1630.3336
2616.869,2588.5088,2577.1611,2562.9976,2562.0186,2552.6062,2554.671,2548.0085,2545.2783,2528.4336,2505.2058,2482.3733,2486.0244,2508.7368
2358.889,2352.169,2360.8284,2366.223,2369.059,2358.9673,2362.7566,2368.1086,2353.8533,2356.8862,2367.7532,2352.731,2354.1628,2361.5544
1185.0953,1207.7009,1210.5992,1227.4147,1226.49,1259.032,1250.6685,1233.9667,1239.2727,1239.0121,1245.4235,1244.1709,1234.9103,1238.4208
1129.5453,1176.2673,1191.202,1218.053,1207.3752,1236.8163,1199.1064,1189.1093,1182.163,1197.8729,1212.1539,1219.3336,1187.6654,1210.3274
4363.5225,4442.3296,4424.9604,4691.274,4701.689,4795.065,4864.9653,4797.1104,5175.4663,5150.399,5025.066,5315.725,5350.2817,5459.4326
4465.373,4368.824,4484.2095,4419.8467,4350.8315,4320.808,4318.874,4401.7285,4778.9995,4608.7275,4660.6855,4867.488,4732.0303,4805.6045
8514.575,8472.959,8507.359,8507.207,8506.836,8489.637,8494.61,8557.087,8552.87,8487.636,8522.309,8530.596,8496.421,8492.088
2022.6881,2006.9373,2011.5316,2018.3611,2027.4064,2021.9634,2010.9069,1998.3246,1984.5289,1991.2332,1994.7468,1989.1145,1993.311,2000.2655
11510.689,11512.254,11515.848,11506.994,11514.427,11522.502,11487.556,11440.161,11408.486,11418.942,11431.295,11443.767,11478.7705,11520.032
5045.6323,4984.8984,5027.8774,5016.7427,5027.0513,4933.7046,4871.6865,4912.429,4970.5464,4889.8105,4887.9062,4875.8564,4878.2334,4880.2666
6309.8457,6281.8843,6225.098,6270.953,6215.8804,6173.42,6213.0444,6304.795,6198.3286,6108.951,6123.4043,5954.0312,5998.9497,6196.3345
6229.034,6158.54,6144.8936,6172.7124,6105.1094,6149.2124,6215.761,6242.7505,6102.8105,6039.86,6039.215,5914.8467,5984.385,6103.102
2018.08,2030.0637,2028.8962,2027.1293,2019.0669,2020.3785,2014.1627,2015.1772,2008.0568,2009.0696,2010.8099,2007.936,1986.3994,1994.1224
7999.8643,8024.707,8038.185,8037.7217,8101.1577,8073.1724,8075.7856,8030.817,8047.7266,8025.582,8094.8716,8131.5996,8119.5723,8138.287
6539.481,6532.164,6532.026,6523.684,6524.7817,6508.7026,6505.2827,6479.273,6507.2217,6515.112,6505.1167,6441.057,6472.506,6485.3335
1788.8651,1776.3944,1780.5186,1769.4548,1774.3499,1769.7732,1771.7334,1764.2719,1783.3234,1773.0375,1784.6653,1785.1086,1775.5702,1783.784
8152.5884,8098.778,8040.8135,8096.6826,8145.3657,8113.7417,8124.1904,8196.339,8367.083,8232.079,8124.168,8176.6953,8163.2456,8255.043
2842.821,2822.78,2912.318,2903.1829,2951.5217,2949.5466,2998.8147,2998.4683,2992.547,2987.1418,3025.186,2980.4114,3016.3398,3013.293
4063.2253,4048.2092,4061.4202,4074.749,4102.8457,4122.0195,4176.5605,4115.5474,4160.8994,4222.511,4273.2896,4264.304,4291.487,4298.64
2997.2463,2977.0078,3048.2139,3030.6414,3094.2263,3086.7146,3148.2256,3165.7468,3201.7112,3195.6033,3280.4436,3229.7646,3266.6255,3231.6245
3113.6108,3109.7114,3173.935,3146.4004,3196.494,3208.0183,3274.2336,3306.0671,3317.1785,3323.44,3405.957,3363.017,3391.483,3378.4014
2988.5059,2954.8904,2956.5974,2947.0554,2921.4426,2912.7927,2900.1138,2923.0999,2922.7607,2913.3176,2918.4805,2919.4275,2904.9148,2910.6375
2501.3655,2503.8354,2511.0874,2523.5195,2527.251,2526.515,2539.3372,2540.5776,2534.1514,2536.3455,2534.7542,2524.2185,2525.751,2528.2344
2053.392,2054.5676,2050.4104,2053.3135,2057.083,2061.2876,2067.0496,2072.5483,2057.9985,2064.9353,2065.408,2050.448,2054.035,2063.4734
2113.9736,2124.468,2122.4004,2133.7153,2129.5232,2135.5007,2137.2183,2135.4329,2126.4363,2127.9316,2133.7249,2124.9268,2119.6501,2135.3909
2267.645,2255.2212,2282.6108,2295.188,2295.13,2279.8616,2281.227,2276.135,2271.1755,2272.0967,2289.0913,2283.4958,2280.1233,2278.4272
7505.948,7491.7925,7523.0864,7531.564,7521.728,7515.356,7523.266,7520.072,7523.169,7521.628,7536.424,7534.6353,7538.0728,7538.773
3545.5366,3548.9863,3561.3713,3560.4434,3552.6428,3548.5286,3560.0684,3564.8118,3549.02,3541.2986,3556.574,3540.5,3536.2449,3560.3032
3256.8345,3268.7993,3275.5293,3269.1213,3264.6904,3257.608,3275.8372,3293.4563,3271.1343,3265.3281,3272.2886,3245.3796,3243.0823,3274.2717
4805.032,4783.901,4819.7515,4817.437,4818.2935,4804.137,4814.341,4815.943,4826.1787,4820.8633,4834.6523,4809.0864,4815.2715,4822.9043
4307.1416,4311.321,4309.2627,4310.7983,4311.2817,4312.4097,4324.476,4332.307,4324.989,4318.3125,4313.86,4306.0635,4311.7446,4320.4165
1967.7975,1947.7288,1955.7822,1954.646,1945.985,1942.3784,1952.505,1951.1809,1952.8844,1937.7555,1939.9569,1931.2806,1933.7416,1933.0184
2217.7773,2209.3303,2217.5667,2218.8918,2213.34,2208.2048,2207.142,2208.0222,2206.1584,2205.4314,2208.2488,2196.6868,2196.5571,2195.3887
3029.0422,3034.582,3046.4128,3064.223,3072.8442,3091.2554,3096.7693,3120.245,3157.8264,3124.481,3104.929,3109.1045,3131.0232,3116.539
3683.0764,3686.07,3688.7065,3682.265,3700.324,3695.036,3732.9172,3770.5552,3825.3896,3749.5862,3770.5051,3747.9006,3807.0935,3829.3752
4031.8723,4010.3823,4021.2224,4016.5325,4011.2896,4009.8147,4020.5803,4036.0264,4035.0037,4022.555,4025.932,4032.0337,4027.0095,4042.5256
1512.1372,1503.2146,1509.3534,1506.8535,1503.357,1499.9802,1500.864,1495.3184,1505.1089,1496.8711,1500.9755,1498.3916,1498.0549,1494.2703
14902.646,14738.236,14741.952,14666.429,14503.36,14470.505,14363.268,14386.389,14366.637,14334.352,14365.825,14291.743,14252.9795,14412.43
