V1,V2,V3,V4,V5,V6,V7,V8,V9,V10,V11,V12,V13,V14,V15,V16,V17,V18,V19,V20,V21,V22,V23,V24,V25,V26,V27,V28,V29,V30,V31,V32,V33,V34,V35,V36,V37,V38,V39,V40,V41,V42,V43,V44,V45,V46,V47,V48
618.0658,559.0822,500.14868,465.9008,430.03586,417.66064,419.75537,432.89438,436.32806,493.26672,569.7347,644.07666,694.73944,748.81055,805.27814,845.0725,865.9681,865.7286,837.0017,801.1714,773.35065,730.80756,663.8716,610.3924,581.6768,542.79376,510.21698,468.0941,457.17676,449.2328,467.71793,472.4522,465.1256,511.35754,573.3248,620.8406,698.5668,758.8213,806.7399,823.2452,846.5459,847.1304,814.0278,775.1214,738.6621,710.0336,635.06244,556.1892
2813.531,2556.166,2235.2112,2070.0605,1837.4156,1797.5962,1770.8346,1850.5929,1922.1305,2114.0813,2384.9744,2669.9111,2861.0283,3068.549,3257.045,3472.7595,3595.4238,3652.2134,3610.4175,3573.9695,3527.6958,3342.2083,3115.7646,2928.896,2714.5522,2438.5713,2200.5923,2025.5078,1932.5052,1848.7822,1873.6265,1955.2551,1986.4285,2147.8513,2383.4448,2578.2642,2850.0085,3004.321,3113.7966,3244.5005,3411.0107,3504.6484,3481.3604,3477.65,3388.9058,3292.0808,2978.6912,2701.4563
1442.3925,1367.227,1236.2499,1170.6782,1082.1882,1036.4452,966.829,989.5859,982.7794,1025.7809,1076.7612,1163.28,1237.3711,1292.0769,1308.4193,1366.4727,1398.332,1460.8384,1498.5535,1531.6244,1527.4872,1554.4832,1569.3423,1571.1904,1482.0068,1371.1042,1268.4181,1179.3789,1097.3689,1001.6938,968.3332,958.8469,984.7641,1041.5834,1065.3412,1148.0554,1232.7705,1286.1396,1296.8279,1349.5214,1407.1119,1461.9984,1511.0262,1561.2222,1587.6364,1601.9032,1644.3467,1637.5879
5274.977,5091.546,4676.3477,4372.771,3988.2397,3735.8003,3582.1853,3385.726,3406.436,3440.8684,3504.0781,3659.2515,3909.7773,4107.7573,4250.59,4590.9106,4874.7627,5121.8677,5287.198,5442.8813,5527.023,5456.677,5314.2915,5261.0586,5155.9814,4877.116,4724.6167,4376.291,4133.08,3919.5688,3733.7017,3739.2734,3731.8389,3728.5676,3617.025,3664.596,4027.872,4150.5386,4224.8906,4360.0347,4592.0654,4855.3916,4922.2334,5062.9287,5103.705,5241.398,4997.281,4929.3945
3744.2148,3446.1208,2999.7688,2744.7947,2405.3809,2188.206,2039.9635,1954.8945,1874.9373,1958.7395,2013.1035,2112.6602,2344.7935,2538.963,2677.7185,3095.6018,3418.568,3762.9023,4058.331,4200.508,4371.0776,4457.4937,4474.499,4246.8115,3940.4663,3542.8823,3087.9458,2799.2651,2606.4429,2297.949,2147.6174,2003.9308,1942.6545,2014.8999,2007.348,2089.5828,2330.5967,2511.894,2672.5225,3005.6577,3421.0825,3835.3628,4140.4746,4321.7563,4502.177,4513.125,4403.386,4164.9883
5141.737,5302.4067,5567.225,5807.5884,6054.919,6349.389,6486.8516,6742.538,6947.18,7267.3467,7472.6895,7753.8076,7789.9917,7810.043,7838.5254,7694.514,7387.44,7018.8657,6551.246,6078.344,5660.451,5392.833,5229.591,5161.2246,5173.0747,5359.3926,5641.93,5676.498,5922.17,6212.914,6422.3633,6602.062,6780.085,7020.9756,7400.6885,7620.8384,7763.4634,7839.7437,7804.3394,7680.801,7341.369,6874.2593,6477.707,5981.26,5674.8804,5357.361,5293.1406,5209.685
49101.887,47520.58,43997.836,41064.4,36798.805,34162.727,32428.598,31234.004,30072.531,30987.193,31692.447,32679.768,35386.543,37778.195,39472.207,42634.926,45011.363,47569.89,50127.19,51335.305,52636.5,53519.54,53710.867,52726.297,51094.414,48056.22,44010.19,41143.82,38473.914,34575.766,33291.395,31859.45,30907.629,31914.672,31986.621,32716.252,35271.137,37808.473,39322.547,41605.086,44654.797,47685.992,50392.34,51721.156,53521.043,53509.223,52801.84,51543.008
28384.373,25863.242,23946.668,23117.41,22849.537,22917.473,24011.488,25283.676,25973.117,27865.086,30850.252,33646.63,34487.7,36183.973,38383.152,39836.203,40161.035,39587.21,38947.656,37967.938,36697.58,33982.21,32097.037,30674.281,28128.074,25322.521,24369.693,22949.988,22877.363,22448.133,23947.93,25036.152,26134.258,28392.354,31506.184,33320.434,35553.668,36669.523,38625.918,39678.95,40786.906,39988.734,40090.33,40187.438,38479.13,36482.645,34886.55,32181.031
34834.707,32328.367,29301.57,28313.666,26359.006,25711.037,25517.113,26754.61,26846.152,28408.912,30780.162,33018.504,34422.453,36015.965,37970.375,40069.766,41353.36,41852.77,41566.273,41215.65,40438.086,38645.46,37020.977,35382.156,33324.793,30586.082,28792.066,27265.57,26680.465,25438.758,25797.227,26877.373,26847.865,28200.867,30234.75,31999.955,34261.203,35616.406,36747.293,38162.1,39583.73,40028.043,39799.54,39924.24,38903.793,38369.387,36157.285,33994.125
462.5128,460.87473,433.90332,433.41046,415.47058,406.51846,393.86362,409.44476,414.55515,405.14285,405.78574,410.72455,420.9657,431.2977,431.50226,451.49118,451.09683,470.39993,468.0746,479.83157,480.12732,490.86505,490.25073,485.74014,476.45044,459.95184,439.96545,443.12094,434.01205,417.8825,399.53235,410.80988,406.62015,413.27332,406.5068,416.05484,424.28494,436.30835,432.3512,436.36383,449.56543,463.18124,466.60107,486.3874,485.99512,495.18994,485.5083,494.62085
26418.18,25661.082,25153.193,25114.795,25561.764,25983.29,27436.492,30572.518,32370.9,34268.62,34963.836,37926.08,39354.406,40627.96,42135.484,42946.19,43029.72,42460.55,41092.203,38725.03,35743.586,33433.51,30434.758,28515.312,27033.477,26330.793,25929.07,25249.98,25469.1,26217.75,28429.318,30731.613,31691.588,33000.883,34629.516,36779.203,39559.934,41160.83,41687.508,42401.395,42560.5,41928.633,41291.477,39377.02,36582.145,33462.31,30832.121,27922.812
7891.7544,7089.895,6397.51,6115.83,5946.274,5986.0723,6312.7676,6799.1157,6977.75,7682.01,8478.33,9341.097,9575.809,10136.215,10777.703,11335.882,11546.156,11489.554,11384.149,11125.343,10740.619,9986.267,9335.576,8826.48,8011.4556,7102.6533,6659.373,6245.4897,6235.199,6036.8135,6409.8296,6766.6616,7049.7725,7766.955,8647.429,9180.871,9839.144,10258.804,10765.997,11138.8,11502.678,11436.639,11565.797,11610.038,11083.029,10531.349,9970.033,9064.169
560.80475,536.3707,543.3578,549.1825,560.38513,560.984,525.1161,507.322,507.36914,517.71075,529.165,532.57367,531.8296,484.85886,446.69977,468.9093,478.0597,522.9214,520.9776,514.04456,519.9681,512.4463,523.0716,548.9575,545.6882,540.7004,510.19943,509.14948,533.4095,563.99677,555.92804,549.6293,557.6943,585.8149,584.21014,574.22314,580.1422,572.3592,607.4171,616.19434,636.29706,644.90826,638.697,645.0504,630.6638,629.6724,625.0153,613.8314
208.27762,197.90898,180.47876,173.78644,161.34682,151.7824,146.81818,148.7245,142.79674,147.34375,157.24089,164.0038,172.45166,180.09778,185.1135,193.09659,198.57246,205.95117,215.69118,222.17844,223.5991,227.05869,230.40268,226.08833,215.71283,201.19827,186.43263,177.88235,170.98143,154.35837,151.49144,151.19174,151.45135,153.8907,158.48886,162.5898,171.75359,177.82784,180.97357,187.71002,197.09366,208.20972,221.33537,225.92317,227.08603,226.80803,232.37799,226.73592
13237.535,12091.138,11236.811,10931.261,10723.258,10745.772,11290.607,11934.951,12286.436,13140.549,14512.545,15784.648,16226.076,17024.049,18005.623,18720.098,18655.73,18143.469,17783.043,17382.088,16802.781,15599.052,14807.718,14210.824,13076.111,11847.722,11471.592,10806.129,10661.43,10433.864,11269.037,11791.281,12265.894,13323.719,14744.855,15616.369,16631.045,17065.95,17878.914,18464.494,18929.475,18295.316,18257.242,18335.848,17549.572,16634.62,15858.973,14691.196
1245.6097,1142.0017,1001.9472,938.3229,845.49976,803.36346,785.5947,803.63525,806.02484,868.9077,938.76587,1027.9194,1118.2235,1167.4982,1266.6415,1360.929,1430.5508,1462.014,1504.7809,1473.9789,1412.9117,1334.2264,1301.0116,1237.8501,1174.0398,1044.981,957.6305,883.68304,850.7982,785.0657,813.03064,836.33044,824.04553,863.05255,938.4937,1000.0222,1107.5397,1138.3567,1190.5613,1272.3026,1342.2664,1385.166,1427.5774,1412.0162,1353.5293,1304.0977,1219.837,1125.1688
53516.582,49684.957,44462.008,42354.062,40028.71,38885.594,38621.066,40176.906,40768.74,42273.48,45838.617,49772.95,52896.445,56515.1,60139.895,64127.023,66809.96,68295.82,68271.7,67987.02,66522.945,62797.113,60559.14,57826.11,53767.25,48883.74,45329.598,42789.76,41288.93,39488.953,39644.074,41268.746,41184.977,42352.953,45867.348,49316.492,54349.46,57819.027,60968.465,63898.4,66844.66,67713.41,67558.86,68336.95,65982.67,64353.125,61183.04,57654.0
28384.938,26158.555,23791.492,22476.473,21424.264,21428.473,22044.264,24148.31,25105.92,27957.305,30503.229,34214.035,35680.234,37096.883,38797.22,40314.727,40630.03,39938.61,39512.086,38409.445,36746.85,35237.984,33247.72,31288.354,29026.537,26763.422,24587.676,22791.273,22703.318,22352.816,23453.188,24368.883,25063.156,27414.6,30077.342,32479.22,35194.72,37124.79,38031.51,39133.652,39447.332,38716.36,38792.203,37861.117,36168.727,34644.434,32582.232,29834.441
2091.9548,1950.846,1832.1045,1739.9177,1722.0192,1759.5537,1796.178,1959.8115,2092.876,2256.1294,2414.978,2647.164,2770.405,2863.5774,3014.988,3117.8062,3111.1558,3026.6619,2907.6895,2836.2935,2725.3237,2598.4658,2469.7834,2315.643,2104.1394,1940.9056,1853.337,1699.4463,1698.3177,1726.8292,1829.0459,1923.9325,2065.9204,2260.5615,2434.0388,2632.445,2877.5703,2983.9248,3084.6152,3135.549,3156.246,3043.2227,2987.7888,2932.5374,2844.0723,2705.3352,2564.4568,2385.9253
6195.082,5813.9644,5467.5625,5097.833,5010.6396,5256.6685,5376.4033,5838.161,6186.9653,6714.1353,7237.336,7957.8843,8379.878,8697.935,9095.852,9326.272,9297.434,9214.486,8910.776,8696.63,8298.309,7949.217,7525.0576,6989.8926,6307.526,5880.642,5623.98,5179.06,5128.4473,5284.965,5639.4414,5781.007,6149.0327,6760.909,7259.74,7906.119,8739.849,9219.022,9493.512,9593.411,9579.625,9298.818,9195.391,8894.119,8531.5,8065.3203,7635.437,7187.9697
14759.854,13241.746,11796.36,11140.908,10332.908,10036.49,10304.0,11289.334,11546.832,13132.487,14586.037,16642.242,17393.58,18154.553,19020.426,19782.344,20214.049,20061.418,20253.23,19517.893,18775.24,18091.418,16831.291,15946.827,15060.972,13848.119,12611.326,11642.593,11575.202,10973.013,11485.342,11800.043,12030.275,13110.391,14386.338,15364.425,16514.477,17370.82,17880.336,18513.523,18832.64,18707.992,18934.334,18474.383,17722.88,17102.42,16065.03,14552.666
681.135,672.72156,649.56464,635.2076,618.4497,614.77094,604.1003,608.73065,604.9888,609.3187,612.7664,621.04205,636.08057,647.7588,652.23425,665.66,681.37744,699.56445,710.8792,723.561,726.14026,730.6437,726.30695,713.7169,690.7695,669.85004,644.20374,625.9706,617.8,602.8871,593.54956,597.3061,600.57935,602.7445,598.62604,611.36163,627.45605,642.29956,640.9575,654.46014,678.1756,703.09393,719.14777,733.57,738.0394,731.35504,728.5607,717.56683
243.8542,227.89821,209.18861,189.82,181.36792,178.94601,178.78616,194.99725,203.9512,233.8265,250.97415,286.09808,305.01865,322.19812,358.3522,383.26636,389.89786,393.82153,393.5716,366.76096,347.87427,344.8049,317.88028,286.59567,264.4999,243.33446,220.45145,198.58713,196.67902,200.69492,213.31827,219.72717,223.27989,244.89424,262.59647,280.70746,305.73822,331.97745,366.7177,389.16412,397.1278,399.2696,392.09946,359.7373,331.7299,314.49,286.8622,244.04523
398.55804,396.3987,397.37863,435.91577,490.55786,558.08044,632.0994,696.5627,747.6852,810.7521,859.0171,884.7731,868.87335,853.37915,829.8872,784.11084,750.2444,700.51807,630.20905,557.44556,497.9736,456.22113,433.44275,392.67365,395.72037,392.54596,417.63284,429.93686,508.41464,577.4057,666.7215,726.0119,753.33923,799.56995,852.3189,865.98785,875.0691,863.7858,834.5142,781.78125,747.5853,689.8808,627.24963,543.50415,492.32358,462.92505,421.7434,391.59424
2593.1033,2474.4473,2269.6382,2191.1577,2079.39,2058.2239,1977.0182,2044.647,2080.115,2111.9827,2188.5479,2276.6785,2365.0583,2423.1816,2438.4414,2549.9485,2596.314,2699.2158,2743.0493,2804.309,2810.3535,2840.782,2862.6802,2837.8423,2669.7488,2510.369,2355.4077,2236.2874,2137.8083,2036.5278,1984.6328,1998.2764,2033.517,2134.5508,2150.1106,2254.446,2376.837,2443.5579,2421.1401,2494.753,2575.6267,2651.5115,2713.4521,2827.7026,2840.198,2887.4536,2906.1367,2891.9502
17920.883,16673.027,15822.983,15104.222,14468.826,14530.841,14754.117,15775.938,16643.502,18472.424,19342.52,20809.635,21878.568,22801.062,24163.258,24754.303,25203.834,25108.234,25138.525,24219.883,23734.309,22868.451,21485.041,19954.41,18457.049,17023.467,16295.934,15211.089,14913.616,14672.031,15025.59,15202.254,16114.417,17596.703,18931.518,19790.678,21701.479,22427.979,23038.916,23732.797,24450.06,24582.19,25112.498,24916.508,24469.986,23450.418,22531.312,20118.47
1883.4965,1722.6772,1585.042,1508.4302,1429.916,1445.6218,1500.6417,1675.6301,1710.9127,1855.4952,2005.9585,2205.8325,2307.9663,2414.17,2567.002,2704.5579,2748.143,2770.4995,2771.4553,2696.756,2557.0625,2445.1257,2337.7126,2180.1018,1984.6115,1800.4843,1633.9569,1500.6577,1465.0032,1457.123,1554.9011,1653.4392,1680.0056,1796.0569,1972.1431,2128.5115,2309.4763,2445.9941,2547.5566,2678.6184,2730.1099,2749.638,2795.812,2736.8604,2614.7473,2491.781,2378.6003,2170.086
4249.9414,4136.633,3712.7878,3482.1658,3058.6616,2817.1365,2695.7676,2721.082,2688.6934,2799.0603,2918.2666,3179.2778,3466.5193,3696.0342,3919.086,4315.092,4469.8936,4754.299,4997.311,5057.7314,5014.4204,4924.0493,4774.1807,4584.173,4340.1323,4058.246,3681.1582,3425.3564,3133.2573,2822.1108,2730.0767,2724.016,2672.933,2839.001,2916.939,3144.6924,3490.6292,3711.284,3891.829,4151.332,4326.768,4542.004,4814.762,4944.8643,4909.531,4875.151,4668.2705,4450.991
4671.6904,4335.112,3995.1318,3878.7598,3821.835,3719.142,3828.3203,4184.607,4316.0244,4626.576,4996.3438,5496.4062,5755.0166,5933.616,6286.572,6592.7607,6658.641,6532.2617,6341.6445,6104.76,5788.879,5474.026,5207.3843,4873.929,4531.082,4129.01,3862.0862,3665.5405,3696.2217,3577.3032,3753.4023,4092.8835,4240.2666,4595.5356,5042.545,5430.3755,5872.315,6049.986,6190.8975,6397.9644,6543.789,6436.7007,6351.0557,6288.0063,6022.976,5757.0435,5403.113,4898.149
109388.1,101641.35,93096.77,88987.89,84163.39,84145.61,87018.45,94278.56,97786.086,106743.06,113209.195,124517.12,130008.82,134470.53,139593.55,144461.19,145722.66,145419.84,143857.2,140466.0,135630.81,128992.05,122872.98,118507.72,111252.81,102913.56,96249.945,90038.86,87919.86,86768.34,90095.02,94945.84,96655.74,104653.66,112786.836,120544.42,129255.195,134753.61,136717.88,141191.61,144191.53,143440.19,143669.58,142557.0,136540.55,130752.53,123255.85,114159.91
98499.01,90809.65,83297.62,79472.04,75630.695,73628.195,75155.45,80662.664,83139.15,89590.695,96111.48,104389.88,107988.78,111865.8,117732.445,123038.44,125951.195,125413.07,123537.586,120455.234,117825.03,112223.016,107076.914,102345.39,96367.74,88436.2,82520.49,78795.46,77843.86,74886.28,77810.31,82433.87,83909.016,89571.805,97270.28,102590.53,109037.984,112870.12,115455.08,118956.516,122458.03,122222.71,120956.98,119906.53,116725.39,112280.87,104906.7,96503.02
91047.24,84016.16,77200.484,73608.95,70104.086,68291.914,69711.125,74729.2,77002.586,82890.57,88760.18,96277.586,99447.875,102920.914,108243.66,112981.016,115723.08,115233.11,113594.81,110835.92,108592.836,103482.195,98811.6,94596.586,89182.0,81983.85,76587.56,73184.99,72284.28,69593.266,72298.49,76483.69,77838.97,82968.22,89948.945,94664.86,100439.14,103882.164,106210.44,109314.01,112517.37,112284.25,111161.82,110233.6,107394.34,103333.91,96696.81,89116.71
5834.0244,5651.374,5152.768,4832.278,4345.5537,4112.9146,3995.3418,3843.7812,3760.706,3748.9646,3851.671,4074.7798,4472.947,4793.0312,5143.798,5675.539,5948.433,6254.8916,6581.3784,6710.908,6742.568,6611.427,6524.0137,6323.848,5959.6,5483.8726,5135.3335,4769.699,4362.3237,4063.608,3969.9458,3885.19,3732.9067,3867.017,3985.0334,4216.54,4632.5127,4897.0503,5159.644,5498.637,5820.925,6117.903,6460.1455,6732.6035,6710.686,6669.622,6400.779,6272.2666
46764.246,44459.37,40384.562,37939.926,35041.5,33878.15,32968.242,33285.863,33310.27,34449.32,36263.31,38601.97,40565.176,42285.05,43660.18,45765.64,46539.16,48351.957,49812.12,51167.64,51455.15,50809.14,50529.92,50327.117,47266.008,43940.375,40988.215,38339.05,35935.63,34130.34,33647.773,33539.703,33595.246,35376.883,36970.45,39211.457,41529.934,43183.715,44384.9,45659.715,47110.62,48479.45,50073.72,51954.75,51759.4,51850.59,51621.082,51215.867
1304.0562,1242.3263,1144.888,1140.623,1106.1241,1111.4662,1096.7114,1152.1497,1182.3976,1202.968,1260.1348,1298.1934,1308.4292,1322.1307,1320.5236,1349.0339,1327.2732,1361.8667,1357.2919,1365.5135,1350.4049,1360.1948,1366.4572,1373.8016,1311.2296,1253.3514,1189.6664,1158.7551,1106.4066,1068.4559,1060.77,1103.9429,1137.9958,1194.8751,1237.543,1295.5529,1323.5891,1338.779,1327.4784,1348.634,1359.4442,1361.8048,1367.2653,1396.3452,1365.3708,1402.2102,1410.8534,1412.1455
23405.68,21496.783,19945.66,19018.64,18109.043,18266.617,18927.352,20611.178,21840.398,24165.346,25842.041,28182.912,28896.139,29565.008,30738.285,31841.115,32174.455,32043.656,31725.555,30802.346,29923.137,28558.957,27377.252,26127.502,24074.816,22088.27,20755.533,19239.877,18669.898,18582.2,19514.78,20667.27,21638.742,23699.752,25756.7,27157.385,28811.486,29508.086,30049.473,31121.129,31925.715,31673.908,31816.215,31621.303,30584.488,29460.23,28368.982,26094.0
2106.6707,1980.3656,1784.9425,1700.5529,1620.9979,1494.615,1417.6246,1523.802,1545.0066,1630.5621,1650.0306,1819.5188,1898.871,1974.2815,2048.7144,2221.9536,2347.6206,2426.3313,2497.5422,2535.7546,2597.4468,2586.3213,2461.5486,2408.426,2273.7795,2058.855,1841.8162,1768.345,1654.6711,1501.2921,1417.5779,1471.415,1555.2649,1620.9705,1672.419,1775.103,1897.7795,1909.8826,1936.0687,2074.1997,2224.2236,2384.1724,2531.8433,2653.596,2717.0415,2650.038,2551.7646,2385.9026
3490.8374,3367.009,3094.2996,2920.1924,2666.598,2581.1409,2378.1614,2378.6372,2309.2578,2362.246,2433.968,2551.0833,2720.4336,2866.0881,2937.9788,3092.6284,3193.0083,3355.4463,3437.3635,3588.2217,3631.0972,3740.3594,3825.3477,3805.248,3603.633,3349.6685,3127.2217,2894.3735,2713.1348,2474.9314,2328.354,2249.5747,2279.1055,2385.886,2368.5063,2509.0002,2694.1184,2841.4517,2875.1855,2963.9983,3184.9468,3396.9282,3560.7188,3772.0496,3867.0723,3864.625,3975.7808,3965.6016
109312.82,101579.24,93031.77,88926.95,84102.56,84084.625,86951.89,94204.586,97711.89,106667.555,113129.62,124428.14,129923.96,134397.12,139504.03,144365.1,145624.34,145328.97,143763.12,140373.84,135535.58,128897.54,122786.375,118426.83,111180.24,102851.766,96182.336,89972.85,87854.07,86706.984,90028.086,94875.67,96583.21,104581.72,112706.73,120455.56,129166.55,134676.39,136632.89,141098.78,144096.48,143351.75,143577.2,142466.56,136449.53,130667.375,123170.76,114081.74
1905.5269,1811.1672,1656.5221,1567.458,1447.9795,1432.9095,1404.4082,1439.395,1487.7648,1584.463,1642.0916,1750.8475,1857.8384,1902.371,1928.3131,2014.9005,2099.784,2141.7231,2114.9634,2075.5989,2032.0803,2000.8934,1924.8777,1882.8248,1797.8561,1706.0955,1629.2249,1538.8207,1459.7511,1448.6373,1475.2852,1506.28,1533.3706,1598.5626,1640.3314,1715.1503,1869.0149,1909.1267,1881.2787,1917.2372,1984.982,2039.3007,1975.5062,1916.3356,1862.6448,1862.0474,1757.4742,1713.6044
3936.087,3797.9883,3529.8364,3306.8523,3000.3076,2846.6123,2727.3196,2727.4224,2752.1792,2920.2368,3033.0815,3252.5527,3460.3467,3633.7869,3772.7568,3812.0962,3865.9946,3990.8816,4117.1284,4219.3047,4291.332,4268.3643,4289.745,4322.463,4179.5005,3866.4946,3621.0698,3290.8,3104.9297,2865.664,2804.1833,2804.0356,2933.8745,3087.5732,3170.6702,3345.863,3570.3892,3750.714,3856.522,3859.3208,3966.7644,4063.2678,4241.323,4374.6636,4438.084,4388.6343,4431.9053,4429.129
3467.1008,3166.996,2911.4739,2780.9438,2763.1445,2751.5479,2856.105,2944.1738,2961.1123,3154.2283,3525.382,3848.8267,3988.4883,4198.297,4435.039,4588.724,4701.264,4677.888,4657.163,4546.5723,4417.736,4107.169,3860.1172,3656.1172,3390.1833,3040.8062,2889.3362,2747.2925,2770.028,2682.1968,2830.0042,2930.2126,3013.833,3222.8672,3591.0564,3796.3608,4113.4697,4258.2544,4485.122,4561.7476,4739.9805,4745.3535,4782.1353,4755.2515,4573.7266,4370.339,4177.4844,3854.4883
3262.1902,3016.53,2814.4856,2731.9062,2721.0715,2738.5725,2837.393,2967.4583,3000.3516,3152.2695,3492.321,3799.8594,3881.6638,4067.4302,4338.606,4483.4946,4514.4614,4456.988,4328.6025,4224.9814,4074.2356,3793.7063,3586.2837,3443.0117,3147.212,2852.7534,2774.326,2642.7144,2641.4138,2611.5813,2735.6804,2879.9365,2962.7747,3191.052,3520.8992,3773.9326,4029.9863,4164.3286,4401.402,4483.415,4582.3394,4524.672,4524.6655,4534.1387,4330.138,4146.5713,3985.0352,3727.2227
1108.2367,1095.278,1016.54425,934.80444,844.67566,820.6175,783.3903,791.77515,800.52216,859.81586,913.576,1000.9531,1066.0913,1123.6373,1164.2178,1191.7605,1180.7467,1224.3403,1243.427,1245.3346,1234.9963,1207.8367,1200.0532,1179.5814,1120.4457,1060.5326,989.8746,903.0419,828.74915,793.878,775.37463,778.26965,796.9467,868.1963,933.3484,1010.5921,1090.6364,1161.9293,1196.4196,1206.0245,1204.9229,1237.9417,1261.2273,1274.2825,1253.8264,1244.7495,1238.4586,1223.5048
33496.434,31075.615,28751.691,28076.053,27184.68,26479.994,26905.566,28101.55,28285.316,30552.104,33620.117,36789.977,38111.21,40228.117,42013.836,43773.44,44033.73,43272.54,42328.547,41286.895,39905.086,37849.957,36171.31,34886.707,32971.594,30413.5,28904.047,28048.568,27951.756,27203.6,28162.533,29095.25,28935.154,30658.553,33471.07,35686.36,38389.37,40368.516,42022.062,43196.74,43698.977,42859.703,42141.586,41660.223,39713.85,38310.01,36222.867,33428.074
160.04916,143.06566,127.34858,121.25467,115.54622,113.80261,116.61954,128.38705,131.15561,147.87286,165.21585,192.94237,213.12889,231.54385,251.50047,269.63464,276.3433,280.14337,286.69864,272.0097,253.7221,236.89188,218.6512,198.12396,182.11493,160.37108,143.84157,124.245514,117.24773,114.16768,124.35565,123.47498,131.49352,144.62465,161.86182,178.14017,213.99985,231.13493,247.1096,264.8613,270.64816,269.30832,277.27176,269.72665,255.36833,239.27501,232.29034,209.92305
32877.28,30521.04,28260.14,27615.725,26765.18,26076.512,26506.912,27687.982,27861.86,30065.766,33056.305,36157.14,37421.24,39481.33,41214.598,42933.25,43172.016,42409.1,41498.152,40492.17,39142.504,37129.777,35517.453,34283.07,32395.57,29884.717,28412.414,27594.49,27508.96,26765.258,27711.195,28641.861,28495.396,30166.605,32918.223,35089.184,37710.56,39621.83,41227.625,42386.49,42863.297,42020.785,41340.242,40905.81,38990.816,37613.324,35609.12,32894.594
4944.6753,4659.8403,4092.2036,3993.6992,3639.094,3438.9058,3247.933,3165.8384,3056.4065,3149.4766,3286.114,3396.6387,3600.4023,3775.3503,3910.385,4392.4116,4687.1353,4905.5093,5054.446,5223.041,5164.2114,5158.946,5071.088,4993.606,4791.2417,4447.5444,4138.8853,3906.5347,3750.5942,3515.1328,3352.8696,3401.121,3327.2559,3365.9634,3273.4883,3412.0066,3752.001,3877.0178,3869.6323,4188.7886,4397.291,4566.3135,4659.897,4817.879,4740.2085,4972.0063,4830.301,4749.7007
16374.369,15440.256,13842.37,13275.454,11989.168,11398.045,10992.652,10906.309,10812.535,11245.507,11674.191,12299.799,13133.171,13722.493,14193.752,15498.882,16259.191,16873.887,17294.682,17597.049,17342.209,17047.455,16590.58,16234.593,15543.812,14466.832,13747.353,12981.836,12269.009,11719.229,11469.143,11709.976,11525.057,11752.901,11730.352,12328.774,13563.3,13985.64,14040.9375,14860.46,15395.15,15932.526,16044.265,16380.6,16087.069,16499.785,15718.412,15382.252
34750.195,32243.582,29231.814,28239.574,26292.047,25638.625,25449.316,26679.266,26770.957,28331.043,30698.166,32917.883,34325.33,35918.082,37866.355,39947.867,41241.19,41730.402,41444.64,41099.023,40333.758,38538.355,36920.01,35287.36,33240.414,30502.191,28720.297,27191.04,26611.727,25367.688,25732.61,26799.566,26772.893,28119.467,30147.152,31894.129,34161.242,35512.74,36641.523,38045.035,39469.44,39904.008,39679.082,39805.223,38795.906,38259.344,36057.695,33898.55
350.7531,335.35812,305.4272,283.39188,271.25546,280.62762,291.2774,321.52512,331.00305,368.15417,392.64572,437.7529,465.2386,487.8957,520.45,546.4214,559.25024,558.98145,544.82837,519.8275,489.57275,467.47226,431.376,392.5404,357.87195,335.3962,312.70663,283.57962,276.5155,286.56256,304.4378,326.25397,331.84824,375.15308,401.83078,430.0179,469.7189,502.30194,513.4481,534.9289,551.2233,548.8494,536.02686,517.40625,476.59756,450.3376,410.73206,357.20776
2462.9734,2349.8828,2188.3738,2090.1968,2018.4109,2088.3428,2142.746,2324.5708,2430.0205,2645.3875,2803.0103,3060.4663,3207.7554,3279.5676,3326.0474,3392.7827,3321.8147,3259.9614,3175.085,3156.1235,3018.805,2966.0303,2851.1658,2703.209,2536.7349,2380.7688,2202.808,2048.311,2067.9275,2124.2944,2205.8564,2258.4514,2339.8062,2578.6797,2756.4558,3013.2837,3256.2876,3384.5244,3374.2341,3369.1335,3282.531,3190.867,3228.9568,3185.466,3084.5464,2996.7546,2825.6833,2681.9062
1929.6306,1767.1387,1548.1033,1510.7051,1347.3774,1265.6086,1271.4155,1362.572,1398.1533,1492.1147,1571.2347,1646.3514,1720.9147,1740.2731,1790.5538,1984.1113,2061.4807,2102.2458,2147.0854,2183.8342,2079.8315,2039.294,1976.0748,1924.684,1816.9001,1693.9053,1628.6343,1522.2122,1408.2314,1340.9983,1402.4061,1448.8105,1381.655,1445.5923,1495.036,1613.4218,1779.1437,1843.9741,1834.363,1975.5043,2005.0841,1971.9657,1956.7941,1964.1204,1909.8472,1964.8132,1870.2473,1841.2241
543.2817,512.62585,459.46817,424.4344,380.32764,356.48773,338.73535,331.39737,321.27634,328.9809,334.98865,348.62152,379.76297,404.58008,423.69565,466.2453,507.4323,546.93854,582.0335,598.04987,612.1722,615.3524,613.1802,593.37775,562.1461,516.54706,462.70007,424.96375,400.48547,362.25525,345.4797,332.66953,329.0268,336.04776,334.73224,346.5799,380.18506,406.05768,422.71225,456.99722,508.0019,552.8005,588.35114,610.8932,627.17377,620.2719,610.9266,590.38794
577.6905,570.12354,531.03613,501.8971,456.43552,441.09686,418.84467,422.11435,424.21637,451.6069,461.6244,491.20096,521.532,553.1746,564.36523,587.22156,595.50415,622.2958,631.1919,634.6282,629.72046,634.1825,637.7441,631.9778,607.06946,576.8878,533.86566,498.70016,465.04907,435.91064,424.5525,426.97528,431.99792,458.25348,467.7644,492.8152,527.78564,565.8207,574.73395,587.1027,600.23474,622.6165,635.1492,644.8165,648.321,653.2267,651.267,645.7682
22477.682,20476.684,18709.111,17762.05,17386.295,16971.8,17684.037,18470.305,18453.924,19320.414,21716.602,23496.549,24245.895,25321.004,26627.156,27729.074,28606.984,28273.336,28109.156,27797.895,27505.252,25676.346,24710.982,23841.117,22458.957,20047.422,18799.459,17582.34,17625.248,16421.336,17246.088,17949.496,18441.732,19441.566,21809.467,22915.178,24710.195,25324.084,26337.63,26626.504,27659.84,27448.318,27950.89,28544.742,27999.184,27243.49,26750.078,25133.148
563419.6,524174.62,477188.66,456800.75,431250.34,422751.12,426376.72,453158.0,460903.5,495433.22,528523.25,573506.0,598166.75,628116.3,655890.06,687238.0,701196.25,708743.9,706189.94,701124.1,685810.3,655624.94,631173.9,606309.6,569260.7,525463.4,487324.28,460178.62,448190.66,433301.12,439157.2,459058.3,463784.5,493736.38,531169.7,565341.7,606109.1,636647.75,652642.1,676233.9,695128.1,700242.2,700659.25,704655.44,683217.2,666856.06,635339.75,594116.5
3307.9912,3165.0278,3073.5874,2787.4678,2690.3303,2790.719,2931.6924,2875.2969,2793.237,2715.8933,2781.6633,2828.3647,2919.1714,2997.5735,3260.8398,3112.383,3258.5034,3289.6113,3314.029,3406.927,3525.5083,3341.4688,3221.6147,3353.1475,3281.2148,3077.3247,3183.6477,2842.2234,2867.1965,2906.5386,3065.583,2806.7559,2652.1404,2702.8555,2872.5227,2926.182,3002.6702,3036.3123,3263.9238,2929.3582,3080.7712,3098.2048,3282.5073,3301.5112,3401.0334,3241.3442,3250.4133,3329.7852
1144.386,1125.624,1084.5422,1062.325,968.2422,944.10754,928.19324,912.412,908.3939,935.03406,947.8711,1004.22266,1086.4038,1122.3965,1159.4717,1219.2708,1201.9135,1235.9786,1253.4701,1245.3142,1204.0385,1170.8344,1142.5497,1124.6587,1106.0963,1072.9065,1078.5901,1034.6669,942.2278,927.05347,928.5112,937.384,935.1721,955.4341,952.6007,1009.33606,1115.0411,1152.6545,1176.2643,1198.8064,1173.3754,1187.291,1185.8098,1186.9645,1157.1119,1171.5353,1130.6943,1111.5446
900.32605,840.3386,677.46655,616.6753,601.08545,584.0714,589.85254,589.4812,554.60474,583.1996,652.5632,730.61304,850.3567,925.14844,985.279,1066.1643,1094.2753,1103.939,1074.9889,975.58496,962.2601,954.82874,847.113,752.515,796.4383,779.9498,705.3586,643.4243,622.90125,616.28955,627.1439,615.53015,599.9166,643.1759,695.6261,757.6555,913.8896,958.77435,994.3932,1020.41675,1060.2094,1052.9846,991.9255,909.64716,879.29456,908.1806,823.22253,727.12366
2851.6865,2333.7175,1887.9303,1766.0851,1498.5496,1449.3058,1512.7146,1845.8333,2158.3315,2623.9019,3141.2625,3575.917,3719.5417,3880.0137,4075.3462,4390.466,4409.5845,4358.973,4312.827,4400.3564,4305.639,3929.7798,3642.2083,3320.3645,2819.9539,2269.587,1953.9071,1659.7236,1559.7815,1489.5621,1665.1892,1942.6504,2083.3494,2490.6545,2982.5776,3296.3032,3575.992,3692.0706,3864.1672,4143.3843,4285.6396,4217.578,4217.473,4351.478,4229.834,4054.2266,3639.4458,3168.5554
718.8109,700.1353,615.64954,472.98825,477.13254,519.2535,495.02588,408.54843,417.62125,357.3233,362.2943,347.11325,357.8909,369.53458,370.05472,356.57013,446.0709,493.2973,570.2234,624.218,702.79596,689.9758,738.96533,753.20984,730.81805,711.32837,690.6229,548.29755,542.9252,528.3634,479.60736,432.32617,462.23874,430.5322,398.39355,308.25934,332.48892,337.87622,330.06262,279.8729,403.42935,494.52057,537.302,584.972,653.83484,652.05194,760.46313,810.00305
7257.5786,7276.027,7135.6255,6937.786,6668.0225,6667.912,6622.2866,6649.325,6708.625,6850.749,6777.442,6847.419,7003.9546,7114.7363,7174.393,7307.8613,7394.791,7493.609,7588.4917,7662.383,7664.502,7624.1987,7434.959,7375.1787,7287.262,7295.9844,7188.3174,7003.9746,6799.894,6748.6475,6720.409,6742.658,6806.3813,6944.0786,6857.676,6926.847,7101.748,7262.5166,7207.191,7199.445,7165.96,7277.535,7321.812,7393.9756,7456.656,7441.587,7262.6484,7192.315
2142.2427,1932.071,1729.9253,1570.5338,1464.5784,1323.1842,1299.6202,1166.4066,1224.2567,1246.8337,1256.4996,1284.0391,1389.7565,1463.6954,1577.578,1899.097,2176.9658,2317.8079,2500.5247,2548.9138,2709.7798,2643.774,2649.4473,2454.3206,2245.2922,1985.6761,1844.1389,1659.2643,1564.5132,1418.5957,1364.0464,1249.7876,1289.7495,1344.3337,1374.1802,1317.8679,1500.0393,1543.8264,1724.6075,1957.7983,2245.418,2400.6194,2508.4253,2608.5488,2733.7534,2745.38,2681.4893,2515.496
8342.157,8583.9,9263.538,10068.133,10629.87,11084.764,11784.66,12080.296,11798.563,12454.284,12869.826,13344.182,13538.045,13483.1455,13428.467,13193.833,12738.236,11968.269,11501.676,10593.911,9448.029,8669.664,8150.6406,8205.544,8427.753,8822.466,9718.843,10119.348,10517.856,10718.696,11641.01,11669.955,11281.624,11782.582,12563.404,13048.479,13248.103,13400.776,13419.785,13523.254,13077.318,12186.346,11539.385,10356.07,9410.934,8734.249,8364.93,8477.158
39416.617,37924.336,34715.03,31928.334,28047.156,25737.361,24141.8,22948.797,22041.451,22364.604,22705.875,23541.273,26274.326,28866.23,30578.787,33750.445,35661.555,37584.133,39781.17,41073.266,42729.047,43707.844,44066.28,42957.47,41279.42,38488.055,34633.836,32343.426,30064.477,26614.95,25342.404,23910.785,23081.465,23475.633,23263.023,23718.244,26354.469,28814.525,30534.654,32940.203,35747.76,38614.062,41085.742,42737.215,44548.29,44152.977,43182.906,41866.934
28295.846,25780.807,23687.143,22864.146,22378.633,22331.008,23425.018,24946.586,25575.889,27508.65,30500.688,33358.426,34566.957,36432.613,38627.027,39997.734,40185.805,39664.652,39263.902,38484.105,37159.07,34384.727,32392.676,30701.408,28207.03,25438.959,24288.936,22717.85,22488.672,21990.582,23583.885,24676.438,25618.176,27796.064,31032.67,32931.926,35411.04,36728.285,38518.566,39659.52,40729.23,39989.094,40233.406,40327.816,38568.43,36401.414,34660.453,31732.191
35186.402,32848.016,29700.33,28930.404,27095.418,26458.05,26072.742,27304.957,27188.46,28836.725,31000.283,33322.543,34790.805,36136.1,37891.883,40225.38,41915.695,42705.477,42430.27,41813.742,40437.367,38724.3,37030.047,35594.44,33740.74,31098.791,29010.436,27676.793,27255.488,26076.908,26365.334,27421.05,27185.957,28619.188,30371.9,32032.39,34152.703,35528.44,36415.188,38310.21,40087.4,40755.566,40516.34,40463.047,39215.617,38622.734,36268.57,34253.77
1111.5308,1018.55176,797.75397,673.58167,623.68384,618.5385,513.74536,511.29462,559.4944,660.7191,787.43964,906.29974,1041.5375,1127.5793,1123.2106,1097.5986,1087.6927,1056.28,993.3207,977.20386,995.1051,1049.8943,1085.3132,1055.0846,1051.205,1019.6461,828.4013,716.9121,737.35315,675.9098,546.74524,507.39343,570.22217,663.87775,792.876,970.17554,1158.168,1219.27,1111.5204,1046.903,1028.9695,1040.4907,1007.79956,977.979,1007.5508,1074.2571,1087.19,1022.66223
19054.27,18630.648,18005.125,17682.602,17775.82,18532.102,19983.855,23609.176,25736.729,27794.498,28245.578,31008.916,32363.072,33639.26,35478.113,36516.89,36382.613,35412.25,33813.31,31649.037,28521.664,26521.232,23685.352,21575.896,20134.0,19627.354,19101.21,17711.791,17868.148,19031.863,21258.658,23703.762,24740.842,26277.951,28111.066,30691.252,33457.758,34960.344,35433.152,35614.66,35227.1,34386.08,33516.824,31510.691,29093.668,26636.834,24170.008,21243.174
8762.427,8233.123,8098.3535,8017.23,7836.3267,7870.958,8088.371,8539.59,8835.894,9338.627,9968.632,10538.332,10348.046,10405.043,10758.523,11004.468,10935.564,10772.132,10418.928,10261.409,10064.343,9741.312,9406.733,9131.732,8222.191,7682.9243,7760.416,7602.1465,7472.793,7513.739,7936.672,8255.791,8542.839,9236.879,9917.407,10357.287,10449.787,10423.741,10810.35,11119.034,11300.217,10961.684,10852.201,10925.216,10678.612,10252.021,9883.756,9551.43
245.90465,217.62642,213.35033,210.20853,256.2369,243.7982,211.63934,205.15666,243.06256,252.07549,274.37387,272.54446,313.50037,275.19562,247.93552,263.75262,293.78186,336.70294,341.88354,309.34464,293.97748,273.86157,287.15912,270.9416,265.64017,247.64627,202.34479,168.38416,193.58789,218.39848,180.33578,163.21622,197.48344,231.15576,238.34334,243.10074,319.25467,320.41602,369.38113,362.61417,372.2115,348.40222,328.36734,343.2077,345.3762,339.10666,362.94772,318.89026
542.938,510.49298,489.16586,488.0087,446.04135,374.2573,401.64224,386.75433,358.49127,307.69147,261.0389,256.30267,336.9134,364.74896,328.14767,352.29654,367.70792,333.0404,353.60922,399.3802,490.88245,510.03278,486.99878,482.8869,492.90384,489.59738,515.6473,550.5514,506.0609,426.2777,438.48056,416.25256,406.09735,382.56924,331.87366,313.7898,347.93817,304.63297,279.36768,311.36298,345.8182,340.7975,365.54843,401.97507,453.23212,456.504,457.04065,445.72937
526.819,490.89496,477.5874,482.26285,402.36285,340.32513,340.1801,434.98502,428.85742,451.2141,492.77136,542.70105,522.0655,524.26416,560.02936,564.67377,543.2571,509.84308,520.8956,545.01697,535.7794,576.4588,575.313,542.544,461.1373,469.34448,472.0549,474.11877,449.8293,370.81284,348.97275,382.20975,419.6312,473.4111,524.68964,576.86383,539.5244,531.0471,544.7309,570.03064,516.492,481.74176,546.9858,557.7416,512.3946,497.54507,504.67984,502.35703
12741.79,11426.033,9815.535,9338.75,8905.414,8884.453,9412.285,10285.496,10459.496,11579.732,13139.713,14641.646,15687.356,17161.36,18246.305,19249.258,19480.68,19274.9,19185.555,18761.184,17942.154,16277.175,14926.027,13871.938,12992.438,11674.134,10515.7705,9585.99,9425.16,8938.576,9689.037,10313.055,10575.3,11675.649,13240.107,14212.654,15861.272,16966.338,17652.203,18387.438,19093.586,18918.725,19074.49,19005.55,17882.137,16785.09,15489.614,13650.246
799.14325,771.6396,708.4074,527.47156,393.92126,357.60995,298.6297,302.08212,324.30515,348.5532,433.38428,623.3429,770.7068,828.302,886.2124,877.6338,889.4741,982.9138,1033.6703,1014.9608,981.35284,890.3694,945.01025,995.54517,959.59924,805.768,673.00586,467.77597,397.65875,349.3407,301.91284,305.20517,382.97528,468.09558,556.8994,636.6357,769.78076,872.79614,932.26697,871.93823,885.6056,943.8221,999.29285,1036.5659,1042.8413,965.8036,1024.7896,1096.7653
545.96014,521.8461,468.24603,402.43793,335.18304,276.28595,250.63788,295.57428,333.0064,368.63507,435.517,484.60684,519.441,542.80304,662.611,691.3941,691.63605,747.82367,749.7606,700.96906,620.2902,593.2822,593.9902,566.74066,501.90762,413.72455,384.2113,334.14563,310.20157,302.76233,332.43555,380.07196,352.1592,357.93817,426.5684,496.28577,587.1324,644.94037,723.3608,710.3933,693.9872,739.0165,740.3611,717.9071,632.1574,615.43835,552.4912,493.2418
53514.04,49699.477,44613.27,42451.895,39963.977,38764.188,38568.727,40095.99,40833.664,42198.973,45823.035,49641.637,52781.992,56395.434,60012.04,63734.066,66045.2,67434.11,67445.85,67217.04,66063.7,62390.43,60440.496,57726.926,53702.918,48819.344,45400.156,42754.145,41172.727,39353.28,39522.934,41118.53,41237.67,42228.01,45780.438,49170.24,54225.01,57594.336,60702.184,63282.953,65934.22,66718.51,66716.05,67532.45,65428.18,63849.18,60947.21,57426.816
26495.418,24596.79,22663.84,21415.33,20336.203,20312.379,20814.578,22875.195,23840.586,26288.412,28350.578,31596.178,33127.21,34219.01,35955.543,37280.586,37651.41,36889.04,36492.227,35480.625,33855.14,32474.58,30675.031,28915.068,26923.69,24890.545,23080.816,21291.895,21255.242,20965.924,22063.969,22935.455,23663.38,25657.32,27837.67,29948.637,32457.275,34213.633,35075.95,36104.32,36408.18,35619.035,35827.91,34855.008,33345.83,31648.387,29714.758,27267.236
2003.6436,1863.1759,1717.7437,1615.7507,1583.4401,1624.1553,1670.1099,1793.9492,1925.1135,2097.494,2285.8389,2494.968,2596.5337,2704.5347,2811.8455,2886.895,2888.9216,2819.1616,2684.1497,2596.9841,2519.5564,2404.624,2273.6243,2142.9932,1982.2217,1831.5492,1734.0627,1588.8596,1602.2854,1640.305,1734.6586,1780.6519,1892.6218,2094.7039,2276.0903,2444.9592,2676.1423,2781.1694,2862.5923,2860.25,2873.5044,2761.0303,2704.605,2651.8716,2585.625,2491.7761,2338.1743,2169.113
4559.217,4431.9443,4317.074,4087.7266,4002.4382,4204.1997,4304.736,4653.08,4826.9375,5266.7305,5536.75,5959.429,6405.0454,6653.4824,7010.0264,7217.0312,7225.5127,7148.691,7024.8794,6804.91,6427.698,6207.361,5895.253,5388.088,4944.3022,4610.565,4339.6304,3918.748,3801.4263,3933.1343,4264.1846,4422.1904,4715.4897,5273.6807,5554.387,5866.091,6511.072,6889.8315,7089.5283,7266.4766,7279.21,7172.7534,7236.3145,6982.299,6626.3438,6272.303,5942.23,5458.9644
13714.377,12633.914,11581.632,10918.308,10279.361,9926.734,10130.098,11052.864,11315.158,12482.513,13504.762,15102.705,15857.391,16504.344,17247.336,17792.018,18419.865,18201.225,18323.49,17675.605,17051.615,16345.709,15240.519,14594.126,13954.729,13072.087,12118.219,11275.673,11292.254,10687.597,11155.753,11526.694,11852.223,12472.019,13301.9795,13967.032,15105.528,15958.01,16294.429,16733.705,17135.205,16999.21,17223.666,16794.15,16197.953,15410.499,14609.381,13320.219
1391.1282,1359.4608,1312.2139,1264.9635,1100.2449,922.0064,800.4215,776.45465,615.72504,638.73615,727.8533,784.3974,822.33704,873.20325,952.7051,1129.8455,1281.2151,1401.36,1591.9731,1564.362,1455.6346,1435.8308,1451.4939,1535.0569,1441.0773,1379.5475,1325.58,1213.6779,1004.06494,840.03595,814.0427,821.0926,623.79956,611.0325,517.7473,476.11276,465.36533,614.6156,795.08105,1000.36395,1150.345,1195.0286,1311.1409,1334.2593,1403.5925,1418.9628,1493.3461,1537.2744
577.18,565.4569,552.7058,567.4053,558.03143,560.7776,553.4663,558.2023,568.34656,546.652,501.45148,466.81967,422.95447,371.69458,342.75848,332.51965,324.4308,336.56894,381.43842,445.07056,515.16815,562.04944,573.6489,593.43677,578.34607,560.2478,560.3074,557.5382,550.90045,540.48456,548.59973,565.95386,573.59906,546.888,486.97876,441.93338,395.45563,354.78198,328.51486,320.72357,345.93036,357.74316,372.5125,418.78384,490.86945,519.2154,539.2339,570.3708
992.4828,965.5787,920.60486,876.98346,838.1761,819.39935,808.86646,801.3246,806.54126,791.11456,772.2528,808.9403,869.11,866.7158,822.22,852.576,861.9045,860.6578,868.1819,892.5614,892.5432,919.4724,893.2241,894.515,877.16205,894.4155,902.8971,894.7505,857.33246,835.8457,808.3029,813.2592,819.14777,828.7696,803.69434,802.47577,827.7614,810.18854,791.13965,833.9228,850.0202,885.9816,871.1479,878.3801,870.92773,904.3446,877.4355,892.37775
210.70102,188.85039,145.54855,149.87387,138.67685,141.09575,122.69259,132.3634,154.38644,196.25455,208.53323,255.95023,269.13345,258.5445,262.5948,300.7249,297.53516,315.93423,312.46933,287.55173,257.96277,267.95627,226.44455,201.81293,186.45999,184.55042,157.14166,148.2655,154.46664,169.43457,161.8324,159.43524,169.54204,202.1882,195.74738,236.5283,256.18753,258.74048,275.36987,321.31445,322.1524,314.27515,285.61887,252.22589,218.49332,223.07555,189.56856,178.3624
893.57715,801.5885,712.1594,704.3714,706.957,661.3319,661.6504,647.68225,595.3846,611.52905,725.6765,762.05066,826.8441,828.1815,863.2613,875.8836,932.47705,896.6345,941.33203,901.16174,851.1745,834.28424,886.2384,857.7348,827.5558,770.4577,654.01434,621.2396,661.0965,582.1476,577.5691,609.1638,670.85406,641.1081,694.2843,693.6007,742.46576,732.4214,716.59344,782.84894,810.51227,845.03516,931.71277,876.99304,835.0623,839.4428,939.3493,827.7339
759.2518,778.72876,814.76965,891.45886,958.1853,1004.93604,1017.3781,1030.8384,1025.6722,1027.4863,1018.0972,1001.33716,976.5268,913.75543,860.97815,813.82367,808.254,803.4972,780.6333,777.912,783.91406,795.501,770.57886,752.42676,769.54193,787.20386,814.1593,846.7472,935.1653,990.86707,1005.4609,1014.8258,1019.8894,1015.7434,1009.0582,1001.15576,961.7047,908.8403,850.7303,815.5708,810.4284,802.1652,787.2568,775.4834,801.8532,809.6966,774.3369,754.8795
1683.9014,1644.801,1564.405,1495.2058,1492.2211,1449.4495,1427.0627,1394.8784,1444.2837,1456.4662,1401.0144,1363.2334,1383.101,1377.2086,1369.1506,1388.3043,1390.8082,1424.5837,1476.8887,1471.3226,1530.1309,1616.1719,1647.8771,1654.1208,1649.0781,1656.2443,1636.6548,1566.531,1534.6478,1510.0309,1510.8931,1465.7433,1487.961,1521.7166,1452.7758,1391.6033,1460.692,1419.5112,1380.2755,1353.042,1404.8188,1429.4027,1468.6343,1524.05,1589.9321,1643.9744,1648.914,1570.9869
15079.768,13903.794,13187.959,12634.927,12178.277,12320.034,12720.44,13740.437,14675.164,16326.229,16816.209,18072.0,18746.555,19415.105,20671.945,21722.266,22301.52,22037.762,21687.777,20732.059,20456.568,19718.277,18284.477,16953.936,15415.538,14121.843,13598.086,13055.944,12854.3125,12957.683,13435.407,13535.889,14130.043,15423.836,16606.746,17555.914,19109.992,19591.637,20118.39,21031.012,21764.426,21804.605,21766.334,21570.213,21110.6,20185.414,18965.062,16833.37
1661.4845,1458.8651,1326.6161,1239.6416,1161.0693,1209.9584,1264.3298,1466.1041,1526.0259,1705.3125,1850.7877,2092.9004,2198.0947,2316.4917,2533.232,2653.9998,2684.793,2663.4526,2628.2812,2581.7566,2459.545,2302.8994,2114.7275,2000.0989,1758.3315,1546.3826,1455.6123,1294.9956,1269.7701,1266.0007,1399.4968,1428.3606,1471.6692,1693.7236,1942.8245,2101.0205,2222.8596,2366.8418,2499.8298,2616.24,2690.8584,2637.9973,2679.2107,2644.509,2583.5535,2358.8896,2183.1277,1990.3718
3521.475,3323.039,2974.7793,2816.8367,2547.7644,2235.1719,2156.0586,2186.6216,2188.6436,2144.0496,2307.6956,2429.3767,2579.6196,2762.813,2875.005,3135.999,3252.8882,3407.6453,3624.7075,3760.303,3849.1125,3815.957,3838.1592,3781.4526,3512.0215,3176.048,2899.7266,2797.323,2641.5027,2247.0322,2151.2805,2132.7854,2177.207,2184.6006,2230.4756,2350.8684,2626.872,2764.781,2947.574,3149.6836,3312.696,3480.3982,3783.0366,4008.0776,4052.459,4006.5762,4004.9548,3908.0312
4742.0415,4389.343,4001.359,3840.7046,3709.374,3672.2288,3769.3447,4138.6855,4193.8604,4549.028,4980.346,5601.5356,5902.0503,6129.7515,6569.548,6973.543,7040.746,6903.6396,6830.581,6564.631,6129.333,5800.8115,5479.433,5075.968,4655.006,4284.939,3995.209,3754.149,3811.1455,3657.9966,3837.8755,4082.6934,4162.3477,4538.0894,5066.2417,5525.2036,5883.6436,6095.6787,6274.585,6596.0283,6775.102,6745.592,6814.718,6666.0293,6287.8735,5911.614,5509.3296,4926.827
98443.03,90583.53,82420.84,78042.01,74052.8,71841.016,72888.88,78226.26,80854.78,87515.47,93671.055,102600.3,106446.086,110822.31,116537.14,121731.14,124491.13,124225.984,122571.44,120061.77,117601.61,111745.19,106639.18,102336.914,96342.6,87992.195,81388.3,77383.44,76736.65,73774.016,75814.09,80408.97,82099.086,87296.34,94811.97,100811.0,108028.88,112430.984,115298.79,118301.875,121475.945,121660.86,120568.39,119728.99,116276.805,112139.58,105041.91,96672.14
90059.125,83134.62,75935.266,72002.93,68581.25,66482.26,67409.09,71943.73,74235.5,79958.664,85065.56,92818.79,96117.52,99984.96,104942.21,109451.516,112119.766,111946.13,110425.67,108058.734,106196.31,101112.56,96555.48,92887.5,87875.72,80696.87,74874.2,71569.83,71007.84,68362.33,70098.516,74138.05,75631.06,79897.7,86211.28,91329.086,97808.7,101695.33,104155.39,106621.734,109495.875,109699.016,108501.234,107652.61,104683.805,101239.375,94949.97,87642.586
4992.7876,4768.2383,4267.538,4014.0396,3664.3293,3625.2053,3442.6904,3450.1943,3379.0684,3432.8203,3500.6465,3802.3718,4208.394,4364.572,4681.04,5164.398,5425.965,5699.2617,5897.216,5884.083,5785.1934,5708.418,5598.098,5458.123,5211.805,4718.5537,4278.964,3978.8938,3830.1104,3606.4856,3416.323,3441.8652,3271.1401,3365.4583,3478.9187,3903.1245,4315.638,4540.314,4599.772,4919.1963,5275.417,5522.2637,5700.2627,5796.6562,5723.8,5598.292,5311.6445,5199.987
50817.516,48651.42,45422.01,42550.258,39368.973,37765.508,37099.344,36953.754,36767.516,38468.805,40305.21,42529.953,44698.957,46211.086,47857.887,49887.246,51018.55,52389.5,54011.426,54702.504,54942.555,54393.184,53889.92,53575.25,51317.734,48163.086,45314.527,42386.03,39909.14,38025.387,37660.41,37522.605,37526.62,39492.387,41189.57,42961.543,45409.117,47033.355,48174.145,49121.234,49961.867,51262.703,52757.6,53878.133,53875.332,54241.918,53713.22,52939.98
2651.1177,2608.0535,2604.7822,2655.903,2627.513,2602.9263,2613.6306,2618.8413,2619.2107,2605.464,2610.7512,2616.622,2592.065,2564.9194,2570.821,2604.3662,2580.7986,2568.9536,2593.5674,2635.928,2640.1252,2611.5515,2635.7278,2659.6914,2651.2065,2610.7744,2607.9246,2615.463,2589.651,2571.3923,2590.9287,2618.753,2632.581,2610.0532,2622.1157,2630.0642,2622.3853,2574.57,2587.1294,2610.5369,2595.6055,2545.1562,2575.0718,2627.821,2646.2268,2631.7437,2656.7075,2665.0537
20332.072,18626.646,17062.76,15768.975,14703.753,15206.977,15791.076,17666.701,18862.264,21084.688,23057.646,25397.016,26553.914,27337.55,28854.86,29623.203,29805.02,29943.137,29856.004,28795.895,27486.48,26543.963,25363.203,23247.916,20978.531,19134.223,17717.64,15505.295,15164.555,15245.519,16244.463,17379.504,18385.436,20617.465,22726.904,24133.21,25802.844,26732.277,27582.305,28540.973,29516.324,29731.938,30449.068,29576.7,28211.164,26835.484,25724.643,23134.967
882.5753,714.85455,674.59174,611.05505,612.7787,647.08997,704.871,787.6007,997.7301,1132.7308,1248.4271,1290.1626,1277.6843,1251.0295,1239.2252,1187.5905,1183.5234,1130.4713,1093.15,1161.763,1252.0831,1087.1001,917.65967,804.26685,709.11707,674.37976,728.63586,658.21423,636.2616,659.23596,744.94824,781.8562,947.3993,1123.0331,1250.5481,1236.2781,1248.5594,1232.6526,1275.6229,1256.7312,1305.9852,1242.2231,1170.4968,1227.285,1284.7646,1194.5598,1093.4933,991.02045
2242.0837,2276.9995,2199.2363,2127.3264,2086.8276,2123.0103,2069.672,2091.8267,2085.0618,2141.8064,1978.2451,1974.2899,2090.3662,2179.2021,2200.2073,2249.636,2377.967,2482.9614,2462.3745,2507.975,2424.3037,2376.0635,2239.8496,2245.853,2191.8845,2198.6692,2115.0396,2007.9663,2058.5237,2162.8157,2156.8176,2109.1147,2109.6685,2167.3025,2084.185,2139.472,2257.767,2324.3228,2230.928,2239.0833,2309.5105,2388.3418,2456.34,2512.5554,2511.3188,2471.549,2303.0188,2291.6611
2421.921,2333.9268,2310.636,2229.7915,1991.3273,1922.4386,1815.8357,1748.0358,1584.62,1663.446,1667.1952,1738.6635,1901.2621,1987.7252,2079.0696,2150.8057,2207.1475,2282.2803,2378.5688,2382.612,2375.2065,2430.188,2439.827,2488.9639,2417.1426,2360.6694,2298.687,2227.2183,2045.1279,1946.6696,1828.8242,1745.4891,1741.755,1732.059,1670.8771,1725.9503,1811.1342,1921.3127,1925.001,1961.775,1965.4989,2106.7708,2199.19,2244.8718,2303.6123,2314.7485,2398.133,2360.6233
102166.61,95901.92,90430.64,86521.086,82693.45,82555.305,85926.484,90441.47,93070.484,100832.76,107775.41,113092.79,115763.84,120821.94,124992.84,128055.44,129516.17,127315.12,126367.91,122899.38,119343.95,114155.93,108753.47,103951.28,99091.14,93012.125,89747.09,86369.09,86055.016,85467.75,91068.1,93293.19,94960.56,101630.2,108238.33,110910.67,116680.234,119972.625,121757.86,122732.664,124394.93,124183.96,123925.945,122085.85,117768.43,112928.67,104993.85,97013.47
2294.053,2151.1768,1971.6842,1931.6744,1868.8958,1647.3785,1660.5005,1547.0901,1494.9216,1439.7458,1490.0706,1575.8942,1666.6271,1764.3132,1806.7206,1942.2798,2115.5579,2165.7205,2294.1987,2294.269,2339.6018,2219.3555,2156.543,2176.842,2245.9873,2143.0225,2101.8567,2071.918,1995.1047,1784.4047,1767.4946,1748.223,1687.2273,1551.2537,1545.1147,1551.4788,1672.5242,1642.2203,1722.2957,1810.9626,1950.5214,1957.7197,1971.92,1965.2645,1994.6163,2026.1143,2025.782,2011.6886
2687.791,2509.94,2364.278,2296.3928,2126.5664,1996.6642,1940.7667,1841.1703,1837.1941,1895.3319,1942.9691,1981.8108,2088.0059,2183.141,2306.0776,2354.0825,2509.6506,2643.1643,2697.8418,2680.7886,2768.8574,2796.7085,2726.1934,2795.6194,2758.6587,2583.6057,2440.9968,2266.2302,2196.2966,2057.472,2002.7992,1913.03,1934.8427,1949.5077,1922.6398,1934.7485,1991.3147,2091.1533,2178.0017,2237.022,2401.514,2481.997,2516.8054,2502.6663,2645.2048,2609.3335,2559.4768,2526.1467
3138.929,2769.8408,2451.1362,2287.6292,2252.6895,2195.7964,2281.518,2342.5742,2382.6064,2547.1465,2962.1372,3297.1206,3479.864,3651.5708,3848.4617,3870.8381,3898.249,3822.3071,3860.2202,3875.5066,3910.9536,3632.9194,3493.4912,3312.4402,3052.807,2652.5093,2449.1099,2238.634,2285.975,2160.2307,2267.0493,2298.019,2468.5728,2639.4387,3026.1309,3212.664,3557.787,3666.19,3834.3894,3842.8796,3933.8652,3915.0164,4026.4062,4074.0024,3996.1333,3841.5518,3789.222,3496.9683
3512.478,3257.151,3054.367,2970.532,2949.1086,2979.2708,3080.4856,3234.8418,3263.2415,3432.4097,3761.1123,4098.138,4199.9766,4366.096,4611.5254,4771.8145,4814.0283,4780.4424,4670.8516,4576.23,4389.583,4120.2437,3905.8875,3753.2363,3444.3298,3143.7861,3055.0608,2934.0708,2932.7915,2908.3245,3043.276,3210.939,3287.1846,3525.4773,3848.248,4119.5273,4355.6206,4486.219,4677.8394,4772.0894,4868.328,4817.983,4810.216,4819.5537,4596.136,4400.742,4215.1562,3957.4492
526.1355,541.7242,458.33432,364.70255,273.33844,256.5292,252.10637,241.1511,209.2948,237.75655,258.29565,360.68692,429.9344,522.4138,570.8334,583.72705,513.8551,532.055,613.9673,699.76605,738.16284,724.62854,678.1142,691.66077,632.2374,560.26166,456.33713,355.29065,286.1286,266.08542,268.46466,243.50255,282.45,314.1945,301.28134,327.65247,387.28937,467.65607,513.8278,532.9036,503.15594,562.2163,671.73914,755.79785,741.04456,682.95184,677.2153,696.4538
35960.38,33000.027,30192.014,29187.926,28116.363,27756.895,28244.85,29794.918,30461.45,33205.043,36432.523,40358.38,41793.008,43867.734,45845.145,48199.707,48528.793,47976.56,46919.082,45866.766,44483.086,42284.938,40470.37,38835.53,35810.848,32646.049,30866.4,29748.146,29300.21,28660.922,29572.59,30698.691,30970.135,33115.3,36545.49,39384.508,42353.844,44408.004,46202.758,47903.523,48740.1,48059.344,47106.266,46546.598,44521.223,42961.98,40895.723,37929.836
35226.26,32376.832,29820.734,28805.217,27813.025,27462.889,27984.387,29280.871,30086.988,32613.258,35863.38,39606.32,40879.688,42940.77,44545.82,46457.086,46574.633,45906.246,44779.57,43983.086,43170.824,41151.375,39514.6,38208.21,35377.58,32342.342,30568.893,29505.805,29153.371,28482.113,29332.914,30341.621,30929.055,32958.37,36213.484,38812.28,41620.22,43421.07,44979.035,46234.508,46898.39,46185.62,45368.703,45098.58,43470.34,42039.688,40127.883,37433.39
965.579,937.7234,878.8983,877.07886,913.80566,972.89966,1052.3726,1039.1653,1025.9996,1126.6018,1188.99,1261.2657,1243.8145,1315.9238,1364.5375,1544.0748,1674.2747,1830.6486,1837.4844,1653.0968,1446.2183,1270.7032,1134.9946,1067.5118,1018.3133,1021.2065,993.90576,980.8117,970.1157,1077.5583,1110.8962,1050.3947,938.67957,1040.6188,1098.9385,1105.4637,1164.3622,1291.8494,1358.1704,1502.2052,1595.5083,1680.4553,1612.4249,1549.475,1334.2202,1276.3822,1187.9236,1107.8052
5862.164,5683.924,4839.7163,4552.3076,3750.859,3380.2878,3064.9248,3057.9219,3007.3767,3262.4524,3666.457,3919.7715,4109.509,4494.019,4775.1084,5383.458,5532.8076,6142.0356,6336.0405,6385.265,6249.4077,6215.8887,6175.329,5987.7124,5732.508,5435.385,4873.1763,4321.1606,3664.045,3255.6758,2940.1677,3146.3877,3091.9497,3400.6997,3425.006,3753.4277,4143.5166,4602.635,4808.6147,5176.5703,5434.906,5809.3228,5974.4287,6115.8896,5874.858,6240.3965,6030.4316,5848.066
21746.516,20869.518,18987.998,18326.615,16616.229,15657.471,15330.967,15522.686,15471.307,16039.143,16606.986,17596.535,18533.223,19232.615,19620.486,21015.885,21583.596,22656.477,23294.828,23387.885,23186.318,22925.13,22394.764,21945.1,21109.283,20182.812,19088.777,18100.078,16707.113,15660.998,15396.014,15847.553,15844.073,16308.414,16450.732,17412.207,18642.572,19396.562,19628.168,20577.94,21087.646,21791.703,22191.428,22478.902,22086.408,22659.664,21955.86,21379.846
34211.79,31873.229,28813.576,28049.086,26118.195,25422.7,24992.742,26215.703,26108.588,27692.146,29809.248,32104.113,33597.496,34859.652,36516.688,38722.863,40223.52,40847.28,40554.348,40150.246,39024.812,37499.676,35967.926,34630.125,32783.016,30127.193,28055.83,26696.074,26215.27,24927.562,25199.832,26328.203,26209.857,27571.842,29275.781,30948.234,32997.363,34263.344,35090.33,36870.793,38479.34,39029.36,38840.23,38840.7,37797.332,37305.207,35057.016,33201.5
346.19855,343.2364,325.92496,320.8072,314.00723,332.1588,327.4793,333.68475,324.6073,351.27435,373.00195,419.0144,388.93835,414.0675,419.26236,448.27463,443.6628,452.74805,420.98413,415.92987,378.69077,356.35077,340.52792,352.92526,313.09283,313.91602,321.78983,329.13623,318.55365,340.08896,335.42752,376.57828,378.45917,396.0456,394.07748,422.00928,400.09546,406.1668,409.07114,434.4513,441.5916,453.32724,413.77515,411.78995,347.90854,350.70572,336.11008,336.02206
2689.8594,2515.7112,2359.5154,2264.6792,2183.541,2230.315,2292.032,2472.3652,2626.6487,2871.6782,3054.6108,3333.7363,3449.3652,3474.2332,3542.249,3633.6504,3554.1536,3501.1797,3442.5325,3389.5215,3253.516,3195.2964,3094.6482,2938.4148,2752.0193,2567.2263,2388.0056,2204.8633,2202.5352,2267.7537,2379.759,2443.1853,2551.7366,2782.0232,2987.1738,3265.395,3483.139,3566.4043,3600.5962,3641.2527,3542.9888,3417.4187,3446.401,3380.9404,3297.0916,3220.9004,3061.2463,2903.2268
1613.8118,1523.9081,1350.6497,1320.3976,1220.1685,1137.1725,1105.0037,1205.6053,1246.4753,1365.4521,1518.5875,1632.2092,1644.0388,1631.3994,1615.8966,1704.442,1695.6398,1707.1731,1723.0233,1757.5278,1662.5142,1659.8014,1666.5988,1677.165,1589.9331,1491.729,1368.139,1308.823,1266.2546,1182.4581,1164.6827,1230.8502,1225.0651,1318.3215,1432.5205,1573.512,1657.4108,1688.0933,1680.7739,1737.6167,1721.7036,1700.8606,1719.5999,1764.7802,1658.0118,1696.3269,1695.359,1684.0232
393.51068,378.61996,344.161,296.50967,257.32513,231.88104,229.04846,220.9845,222.11893,223.8609,233.7384,256.0959,302.5898,314.30588,341.1009,363.6187,398.68256,422.29578,447.178,431.05103,446.74603,441.14087,441.13358,419.88583,408.3402,361.80997,321.88586,282.24927,271.08145,238.15964,226.4707,214.32047,218.42294,216.54211,229.11981,248.19586,308.07034,329.62555,357.82642,367.70184,407.43347,440.99463,461.54727,455.04034,460.12604,440.7071,428.26486,411.56726
360.04388,315.14307,229.16727,215.40802,191.64224,193.01308,184.99294,167.75142,138.66653,105.262314,106.772736,104.98422,139.78116,185.89186,184.27339,241.94907,271.62915,296.33777,312.4881,367.5702,393.35223,401.82007,413.0767,411.3819,383.81055,329.55478,278.87207,268.6762,241.40976,179.10483,143.27042,123.9613,104.693855,117.66954,117.418915,94.436325,113.44497,112.02844,109.27737,162.62065,242.47278,293.02493,327.86075,376.5319,371.41904,356.93652,370.83057,397.84482
22421.965,20413.83,18812.154,18168.607,17905.027,17606.031,18038.99,18684.035,18545.797,19115.17,21551.598,23176.426,23394.15,24274.28,25766.377,26748.508,27322.734,27152.455,27148.924,26967.787,26811.09,25047.377,24121.273,23609.473,22479.906,20152.014,19004.547,18064.805,18094.055,16977.873,17684.682,18502.27,18818.404,19597.88,21762.934,22723.66,23801.418,24040.035,25094.879,25281.85,25962.246,25813.896,26240.03,27049.06,26593.738,26106.115,25594.602,24339.678
556631.9,518830.47,472802.2,452213.38,425990.6,417175.56,419482.7,445438.72,453258.44,487633.44,518782.8,563690.4,589282.94,619221.3,646829.44,677888.1,691624.3,699965.7,697541.6,692205.5,676623.0,647917.0,624081.3,599224.9,562604.75,519815.1,481603.75,454330.38,441524.78,427637.25,432129.72,452098.12,456703.47,486019.2,521263.3,555490.25,596844.25,628219.2,644685.9,668130.44,686139.5,692408.4,692176.4,695601.2,674110.3,658937.9,627024.25,586309.25
5495.7754,5213.383,5008.5146,4491.1523,4386.6475,4514.822,4668.2573,4595.457,4534.008,4606.8345,4715.9873,4803.166,4980.473,5097.4414,5346.9507,5041.227,5389.953,5449.521,5458.537,5504.7295,5690.0645,5511.5825,5358.7104,5451.7295,5371.12,5156.795,5185.404,4693.031,4730.285,4810.284,4962.7705,4616.1777,4596.35,4794.4478,5074.9473,5139.9023,5380.3003,5435.156,5514.5366,5075.537,5333.619,5435.2393,5534.464,5453.9824,5553.7046,5376.4136,5373.092,5329.684
1432.7648,1274.9144,1056.8141,1010.6281,852.624,716.67145,734.1836,794.66284,849.5268,898.4608,909.1897,1061.6438,1232.9612,1232.9003,1196.4731,1312.6926,1366.2412,1580.2883,1763.94,1736.6279,1752.6353,1761.102,1611.6084,1504.7441,1428.9563,1304.3745,1168.8451,1071.8025,822.4739,738.6129,825.90735,882.2269,892.432,889.59406,856.11694,979.9398,1186.4005,1175.654,1190.3634,1372.9369,1466.9143,1631.5044,1706.428,1697.4557,1688.8799,1748.4181,1586.8112,1453.4104
214.81824,99.850464,-111.74414,257.6588,803.6272,1229.6409,1500.0837,2183.1023,3208.7224,3830.3018,3405.148,3077.0586,2824.1582,1953.1226,745.49255,123.30029,72.58411,163.78943,62.382812,335.96948,378.30518,306.48553,98.61792,179.81409,428.73602,214.29749,37.595947,215.99646,1158.931,1628.4374,1878.8011,2581.734,3490.1768,4109.7188,3794.6377,3433.6045,3142.3875,2359.6143,1063.2238,436.85443,390.9301,228.99426,-111.49097,-80.140625,313.59058,484.36798,-46.953247,142.53674
54.308594,38.125305,3.9337158,154.57593,513.9652,831.4511,1072.4584,1612.6525,2325.0588,2741.457,2413.7593,2313.9983,2019.0027,1508.0018,728.6132,286.66833,185.19196,229.7956,122.0791,264.9129,258.30127,204.49817,122.63281,205.73035,231.09503,187.44891,103.515625,206.32526,779.0382,1198.423,1400.0254,1944.2183,2616.4282,3047.1946,2861.4163,2627.6309,2335.3396,1867.3196,992.66064,490.47858,345.69287,254.37549,-5.9282837,82.449646,269.1184,395.49588,53.13434,189.17041
117.29089,245.7254,352.32483,379.9662,608.3112,783.84143,1166.2069,1684.598,2193.01,2575.3918,2481.1157,2403.5645,2370.6125,2318.4429,1991.4194,1633.4563,1419.9011,1112.1835,590.47186,331.61432,257.91626,253.6474,123.149536,-29.860107,64.88562,236.45837,409.5918,325.31952,772.8583,1042.7378,1408.2211,2000.4937,2522.106,2865.8965,2825.9736,2803.2183,2781.059,2522.9075,2162.9321,1763.5562,1619.4125,1122.5662,640.43524,378.44696,262.21936,346.3969,-34.810303,-103.2699
208.97717,284.25842,172.1283,388.9934,947.9984,1379.8073,1834.7405,2571.4854,3220.4292,3609.4805,3454.903,3307.607,2987.8457,2697.7722,1929.9486,1381.1611,1019.7097,914.8678,641.1998,677.0805,388.01428,177.13184,-9.236206,-42.11792,141.93433,206.0813,191.60083,463.45093,1321.0715,1930.6676,2293.598,3039.412,3703.482,4148.2837,4190.336,3877.3892,3423.8645,2939.251,2175.3262,1545.5817,1238.4674,959.4638,615.4328,549.67444,395.46277,503.28418,68.17798,211.15063
335.79852,579.02545,546.2428,896.09143,1364.3867,1360.6561,1548.9863,1792.7456,2092.548,2043.2214,1891.5627,1683.285,1720.3486,1612.8252,967.4944,681.8189,666.86475,585.4127,351.52106,365.3333,265.59174,-18.307129,-33.00464,-57.342773,269.72302,321.84174,371.43085,722.9233,1517.1758,1655.364,1695.8328,1927.0593,2064.746,2017.9546,1759.9062,1486.6881,1679.7798,1504.5153,1087.5493,825.71405,993.2621,693.7268,363.52765,331.73004,120.3811,205.83691,-112.83984,-20.762817
356.02612,588.06335,475.20975,873.26953,1258.0173,1102.1631,950.03265,1207.6815,1744.5208,1809.1628,1564.1139,1400.5105,1648.9402,1860.4443,1197.2821,1059.8823,1014.6944,984.1615,597.0963,683.92017,754.4072,560.8375,536.32,344.52594,505.55917,657.4347,542.4293,987.0358,1592.3306,1656.7812,1348.5254,1474.9133,1791.8503,1803.1809,1649.2255,1648.7463,1974.7697,1997.096,1427.1189,1276.4941,1437.6974,1119.851,568.5097,550.1557,529.01135,567.004,103.39081,100.027466
169.18533,15.397461,213.86002,177.15883,306.5779,128.48601,249.2806,302.2721,495.51733,203.23073,268.22058,332.41663,527.3343,159.01796,304.1739,270.97205,342.91772,-38.4301,96.75319,64.54864,186.63385,-52.536484,69.98326,77.81755,129.72824,11.266403,195.45587,163.73009,261.70752,106.786835,284.41068,170.57059,371.63208,170.87354,284.04382,298.495,475.75458,196.56833,264.07724,270.4034,320.4082,-8.46579,98.67235,149.5681,268.72867,-94.21687,43.002914,65.42063
20.565178,22.508373,36.17284,61.652668,63.72463,62.549286,63.6541,76.24426,115.13252,138.96686,108.43567,101.78065,117.24657,137.79756,111.943275,90.04591,63.722923,60.51564,32.29186,25.208721,42.01108,14.8848,3.565113,21.662857,4.471569,4.814415,41.274586,80.99057,74.330414,92.54178,93.494415,79.08461,110.84657,126.69292,111.18391,88.10656,111.46679,142.80473,114.75651,90.20935,82.05043,79.47278,33.681564,31.323212,48.161297,39.388847,12.202393,15.856358
152.03154,181.85248,153.00864,221.45558,238.87003,196.84315,177.18875,251.83148,298.6479,315.21204,241.24121,201.97293,263.04364,292.4597,240.72392,236.95674,232.80061,233.5708,177.62099,218.29852,250.34685,218.9641,212.1911,167.02754,140.64201,159.61974,148.87059,246.53905,286.5535,255.00253,193.02405,184.56119,243.93443,202.06038,188.16733,220.82074,299.25415,315.15472,218.79166,195.918,224.35815,171.47162,132.49063,159.24771,175.7351,180.16748,131.65717,147.43118
123.82515,157.91467,146.50667,204.16922,205.58096,181.03294,154.92377,214.32095,239.09471,258.96384,209.96115,192.49379,243.98608,266.41663,208.69637,212.25145,206.50832,210.38739,151.79231,187.73347,195.47449,173.07646,173.38266,151.17918,122.629425,134.54773,118.872025,197.75331,221.5925,225.96521,197.75198,193.88484,213.11443,174.94565,154.28279,188.42389,269.1872,311.29602,236.96869,216.83957,228.93985,185.44788,141.00044,162.76097,166.38667,165.69777,120.79826,140.32538
52.364906,76.529175,96.73782,144.5689,104.63298,77.3412,75.85104,123.1629,164.58704,224.32632,240.58572,280.58368,226.07625,167.1577,118.74353,108.33688,89.72243,51.116783,84.81116,128.63614,90.73422,75.47936,91.034386,145.5429,93.625244,75.898,90.21141,76.23786,93.131485,65.83489,116.81142,157.04356,198.21208,174.87822,160.60788,110.980194,106.44055,112.09927,141.29121,175.61133,182.35928,171.81213,196.526,182.42523,157.17143,106.64313,93.26482,101.08343
60.858856,23.903885,88.891815,185.57784,165.12015,131.47365,193.44992,220.5045,276.98477,370.07965,411.62543,479.58444,451.35855,330.35196,252.7678,211.41795,161.84451,96.257324,122.270386,118.88454,74.4771,6.883301,42.188583,151.46785,132.59132,36.218155,113.511894,158.5281,151.17404,131.5409,254.77385,310.30615,405.08832,405.28772,385.20575,274.4271,270.18304,218.04742,242.31796,241.6928,245.48737,233.21844,231.76393,204.8651,170.13576,119.89625,115.67307,173.58165
470.61658,542.1101,467.00684,681.20715,730.2325,517.9694,528.04913,728.25116,813.8003,842.4051,680.67053,552.4268,668.0215,718.59296,605.0414,653.035,660.78754,649.3346,533.4414,646.2709,691.157,601.74945,606.6997,475.84335,313.58807,247.13144,264.10352,662.58386,801.02454,650.6553,531.42645,391.49918,323.09924,199.14395,226.70322,447.0969,725.974,769.8822,573.9114,526.6215,588.28467,308.1497,284.86765,365.20734,267.4749,301.75452,255.50781,371.23907
105.05516,187.84827,138.82922,288.13943,395.85455,372.40503,326.96558,424.2991,543.3087,596.4534,558.723,529.0956,570.33344,622.83496,412.91998,377.78223,347.1812,380.082,272.1082,271.7627,220.35907,192.20743,128.71141,82.10516,137.90567,189.95532,122.061264,269.08347,469.82465,491.25107,430.07187,514.9043,578.0456,609.7853,534.48584,531.1699,584.5713,598.3373,436.79877,430.52307,478.08472,417.4856,254.39554,228.12192,175.15732,206.41043,44.091095,54.986237
196.6871,185.68503,162.83423,319.8681,507.50854,570.09564,708.50543,1039.4597,1377.4155,1644.0918,1638.3113,1591.3501,1575.0529,1436.1206,1008.9603,745.7144,565.39813,479.9511,279.18982,273.05743,231.85873,144.82172,38.65027,32.93756,171.04355,165.46597,113.17694,258.6653,629.27203,774.3526,968.7579,1315.6298,1655.2717,1863.692,1875.221,1824.8712,1737.0996,1515.7277,1159.7727,943.95624,786.22974,519.6029,298.5543,224.60385,221.36798,252.58026,-6.480774,55.17206
143.01404,168.07764,147.25128,301.34888,681.8793,972.13336,1068.3398,1399.6289,1919.4658,2026.6483,1583.4106,1294.3804,1305.267,1143.5535,598.526,369.03873,383.56705,336.77515,211.26743,328.83994,324.99408,200.0109,130.27557,51.490906,182.91623,307.0276,257.47333,384.45175,979.33545,1335.5422,1370.77,1691.9944,2206.348,2382.0928,2107.1377,1784.6099,1701.5258,1435.2418,849.12054,485.7398,587.98254,419.87762,208.38138,213.88416,362.80283,412.05432,117.79285,84.094666
186.09358,240.13133,221.31685,361.3177,383.31445,356.7611,337.65564,393.29916,506.35623,529.80005,421.06805,336.88504,451.81882,537.8733,429.12686,411.28278,392.32047,400.19962,326.4002,389.8745,467.86496,431.77603,420.32318,321.87387,304.26306,345.86957,348.3827,474.49542,539.9644,515.1585,402.2853,356.64502,487.95428,447.3323,397.07443,392.20428,483.27292,527.8606,392.4607,373.74408,440.85898,382.66263,300.1791,310.81143,321.7141,347.386,236.43057,246.277
175.59828,238.45389,215.58115,319.47614,330.92593,274.5113,264.88992,358.96625,403.63074,438.68787,358.153,302.21704,356.68817,413.91354,333.68173,341.8315,342.12903,360.4861,279.27643,322.4953,355.54364,330.36353,332.66635,259.6021,199.56854,207.07791,195.20528,354.26868,419.343,396.31012,328.15103,271.71716,275.56174,225.03424,222.67383,292.98682,410.6347,467.34995,356.06995,330.5398,342.32672,266.95596,224.90768,243.98944,222.66351,231.96796,182.72192,208.48639
9.141693,-6.1440735,19.689758,43.579163,-44.268677,-19.416168,247.429,430.06528,579.22144,710.85614,741.6373,721.4618,719.9771,864.6156,922.45325,836.7433,696.9341,542.6129,424.6379,196.577,139.40244,65.59607,-1.2774963,6.5278015,-61.68335,-54.713013,101.6586,118.23593,97.15555,125.32947,369.7755,527.00287,638.8683,777.4595,779.25464,732.352,717.5657,872.22205,983.36395,862.50964,744.3879,528.1958,385.20163,171.70624,-28.057007,-94.61548,-192.9729,-160.5044
88.35379,74.49536,92.92938,217.9297,231.7057,305.77728,385.8081,366.75754,358.3379,439.28876,520.79333,558.2189,577.3968,583.3916,496.75372,439.63202,331.83652,304.4242,252.14151,168.13158,118.844055,97.48602,105.458435,172.52408,151.74826,108.116974,144.86209,302.13654,343.83902,435.37265,468.66925,426.6113,418.58963,486.0277,527.6655,605.29297,585.81165,579.88776,514.9649,406.54193,266.799,216.10104,132.87465,90.0285,13.113007,67.137695,68.42444,108.76602
209.0683,338.13815,311.95316,273.6735,53.15326,70.43573,270.81918,323.82816,247.95685,397.3961,491.6233,522.1937,533.4629,873.36176,874.9483,892.5481,846.72815,800.14856,698.3672,693.8235,569.8158,535.813,562.31726,574.0307,354.66656,319.89633,321.75394,354.18103,174.44568,228.4202,320.09467,467.8454,262.57996,435.0442,561.13074,554.6716,610.34576,892.4097,955.4629,856.4988,786.67883,803.9842,714.18805,724.092,368.51425,355.77805,171.97983,180.16727
105.32349,190.9895,186.02051,304.75793,159.26685,462.50964,1058.6152,1399.299,1388.1251,1447.4521,1721.8298,1979.6722,2059.1606,1995.9314,1725.6642,1312.6211,1064.2429,893.69794,852.06165,614.81415,340.10168,103.724976,136.11841,174.53418,49.634277,27.281616,337.84998,541.0428,465.4522,593.30963,1047.6283,1275.6189,1223.7659,1241.969,1728.492,2112.9705,2305.2583,2322.0713,2066.525,1543.2347,1282.2916,1090.7874,912.73816,676.58795,217.27771,13.375977,-100.83093,-7.3425293
73.51146,126.81807,169.79349,172.44746,114.69951,110.81999,143.55325,171.72037,108.33298,113.874084,169.76526,214.68022,242.39313,200.69312,237.75647,186.95148,155.36029,150.35176,123.9371,130.43822,89.420975,93.95119,87.45839,116.47,90.99538,100.850525,168.12302,233.72653,225.31203,205.85771,182.42316,188.76215,189.04784,117.63649,160.92157,234.55698,278.79285,322.6242,282.46002,235.4337,152.00775,154.39322,185.43399,167.3985,91.415375,44.835907,78.29878,124.35452
318.03232,436.94537,516.5792,488.41614,290.1336,235.21265,344.92886,498.67816,338.09494,319.32297,682.2513,827.61127,923.51184,622.45874,806.5838,545.88257,327.1491,273.8896,356.9838,435.54852,309.85132,246.12561,271.03564,323.1281,244.95685,195.35028,530.0137,682.42255,545.9429,396.0973,474.22525,527.23987,543.5785,286.43268,555.1818,851.17755,1074.2817,1065.8921,971.9444,754.0686,494.2221,370.65283,640.5027,626.31323,379.68832,158.87903,433.81827,535.2682
40.23404,49.30887,95.47638,149.98373,66.026825,92.02411,397.02798,566.92755,383.8991,431.39468,622.2102,589.74615,664.911,766.0889,554.29626,280.3424,278.7144,266.54242,219.78993,92.920074,0.6616821,44.605194,-3.8769836,-98.250275,4.2882385,59.549866,240.11423,302.6895,278.71835,207.11543,525.7844,658.81934,566.49426,690.4598,821.90173,796.32416,785.7178,781.41895,579.7759,318.59958,317.33157,201.5238,230.66779,63.657104,-109.8692,-83.64206,-63.74826,-152.87402
224.82376,327.97195,612.7019,1110.6211,1344.6875,1460.7258,1440.3499,1458.0779,1123.0547,715.605,463.24988,369.80072,224.08505,142.703,97.201904,130.11246,99.305725,16.048096,-42.888977,14.475647,-48.872437,-79.40912,-131.99261,121.65585,220.87811,378.2232,636.7623,1019.9655,1348.6802,1516.2124,1467.9626,1348.2146,1032.9581,730.6386,447.276,381.29007,240.48395,168.0679,99.2038,204.25128,140.70609,-30.56897,-77.556946,18.579712,18.018799,-75.67731,-106.81592,79.84857
16.073776,48.834473,72.863,79.06451,105.33689,177.67967,298.00995,314.55707,315.9958,297.812,286.58438,231.86072,164.9961,168.44562,157.40846,120.8891,75.677704,60.741295,61.137833,-6.0311584,-6.1843414,-9.28154,5.0851593,-25.151138,-25.454575,7.897995,77.23573,128.78352,169.64233,232.73784,316.0797,343.0291,347.88672,321.54477,334.32367,268.82697,209.8061,189.43063,166.6867,100.68658,65.424866,81.98372,97.34439,30.064339,-9.242294,-5.2124023,-2.7206116,-38.65187
82.95953,-12.2677,358.146,892.1101,1119.248,1364.2029,1823.3477,2089.5469,1802.7996,1879.3353,1747.1709,1485.8911,1156.6719,896.8033,571.77655,230.10095,74.9801,-6.5914917,61.48114,97.95801,-49.799072,48.09369,-7.8916626,215.87805,70.54364,130.52258,504.8091,937.7797,1065.937,1113.7334,1463.21,1941.4475,1771.81,1809.2476,1614.4098,1412.5781,699.38904,494.03333,267.9806,164.53052,32.032104,54.830505,-48.341614,-40.73755,-215.35382,34.316772,-8.48468,175.65369
52.04532,179.64688,226.96417,327.63092,377.69864,411.8832,444.95825,505.7031,494.0064,513.9739,409.50732,468.3338,450.22388,448.05533,350.48892,309.6532,216.0783,68.92868,24.35736,51.92108,85.75528,147.4028,46.183167,23.99591,21.763489,235.8172,280.4284,300.98987,260.36487,346.4676,419.01352,517.1319,469.01025,485.83258,454.45868,503.59106,461.026,412.9432,258.82523,267.59097,232.8284,131.59688,-0.98950195,102.321014,104.30493,163.5101,40.144836,32.360107
181.20529,55.1149,52.651978,-45.382263,-87.46875,17.791656,257.80496,350.873,394.45074,536.642,619.79724,687.24,647.6124,685.56226,823.2299,885.4924,940.9775,868.7316,952.83484,920.3214,876.145,739.5963,628.8972,485.51123,283.41345,199.28177,194.25677,33.35498,-47.751465,0.36743164,296.74188,331.92215,255.3935,223.60126,369.37622,409.9378,476.95633,553.8383,708.26196,779.4038,826.0372,755.2097,815.8178,695.71545,649.9104,586.1059,626.03864,503.66708
-116.28546,-117.053955,-112.43585,37.503326,156.00406,240.79222,257.52582,346.75934,444.5276,607.04254,677.42017,842.50995,754.8843,779.74146,744.3041,851.0879,843.1985,770.8492,576.9492,358.38016,169.45534,86.462524,28.67929,79.38617,-48.600372,-93.62393,-165.38477,-93.00888,12.515747,70.24927,115.3992,249.27588,425.1243,588.48157,636.3675,632.12354,494.6897,576.5814,581.95483,657.4862,642.2716,527.1903,337.5152,225.02484,123.20322,129.77939,57.68335,127.180695
151.81201,356.2326,252.68805,539.4436,729.45404,840.65063,984.69946,825.89844,763.4614,810.2147,950.1752,1014.2849,1243.7009,1699.9829,1606.9066,1389.5276,1244.5304,1312.8551,1270.7173,952.82776,646.6008,508.33984,343.75775,181.95367,183.18823,388.65164,402.57147,362.01038,450.54266,723.23926,987.15076,864.6511,661.65344,767.18756,958.5864,1096.1747,1389.4835,1773.2,1664.8406,1594.9221,1589.0154,1576.604,1508.8911,1171.6669,932.3249,961.14746,726.2407,476.50458
87.27288,119.23685,93.18747,194.7982,274.28925,273.1396,235.3428,252.66385,237.16039,230.20723,237.14243,289.95044,344.72894,320.23224,198.13972,156.61758,143.90825,38.426903,-19.251785,21.521126,25.382584,41.862297,-8.780594,-11.086624,43.73175,113.77057,113.865486,168.63289,266.8791,272.41833,272.20364,243.86745,208.44905,246.61447,282.14417,361.51776,346.58716,287.45038,145.37428,158.59372,150.9734,51.817825,17.74527,28.88092,35.65155,37.397507,-35.120422,-19.213455
17.752663,0.12637329,2.9501953,43.419945,40.64821,83.6413,176.86688,176.3477,154.93884,194.45569,260.74133,269.97507,249.50047,220.84523,195.38193,147.45035,88.38724,79.29202,78.89376,71.808784,44.03988,-4.2379456,-8.117035,33.81788,36.95198,-21.63707,27.06308,60.659203,6.1983795,55.375587,130.1994,151.17097,107.375145,170.4743,249.28473,237.30054,180.69638,167.7469,181.72119,137.3334,84.76765,92.10773,70.93753,68.75267,0.7017212,0.7268524,-7.389496,50.90132
228.40527,951.1549,967.7771,1425.3593,1720.2678,1808.5043,1687.1466,2011.7003,2466.019,2931.3801,2890.812,3136.8838,3241.9639,3813.816,3118.7402,2896.2104,2592.4985,1863.3116,922.3261,815.87,795.0672,818.92773,221.00232,18.295166,-53.24182,941.9121,1135.5709,1247.5525,1452.6947,1588.8494,1788.5255,2213.9949,2333.1838,2616.5557,2803.354,3224.5474,3237.7488,3661.2139,2848.045,2837.9731,2746.7559,2167.877,1213.574,1087.1162,1111.4507,1157.0159,466.32007,185.43164
81.08679,158.40614,165.37222,281.84,453.96838,492.60638,520.80695,615.2842,748.75714,733.1078,632.8137,659.2313,654.3835,620.912,413.6617,377.26282,355.30066,148.66353,21.733917,68.118286,136.03302,122.69202,20.960571,15.428009,25.679474,133.37552,163.16763,289.54468,441.84763,455.62418,536.47046,600.01697,676.74945,658.6533,625.6454,678.0577,650.7699,582.7963,375.1868,385.2823,405.58783,234.03221,96.158905,105.1492,178.48103,125.24472,-19.271545,-31.724426
21.100601,-7.575638,-5.043503,23.28421,-15.471344,27.143295,110.1911,144.75491,209.65958,308.79514,299.5265,321.94193,325.21027,312.5942,316.86646,445.92657,446.18683,344.44788,211.19934,83.7955,14.470428,-29.29686,-41.29155,47.769073,30.950272,-27.324432,24.276947,98.179535,73.151474,82.93111,139.37912,162.42694,215.35756,289.0999,276.35614,264.8959,298.29102,379.89227,416.5747,441.64032,396.2749,293.481,154.37338,62.195267,-1.342102,-38.74327,-76.57909,22.888275
344.6184,861.07825,796.9624,1590.2057,2503.2944,3102.8857,3790.6006,4029.709,4176.2603,4529.7686,4751.534,5123.092,4987.539,4974.508,4044.9282,3697.4795,3261.8457,2398.8794,1807.3169,1361.8429,985.17664,695.2117,196.27856,-105.14697,110.671875,942.1997,1032.3185,1252.967,2001.7799,2760.1455,3555.474,3925.0127,3833.915,4114.2344,4487.5967,4907.6875,4970.4424,4599.212,3596.4858,3472.1116,3274.2212,2566.254,1774.9471,1374.1594,997.2783,1084.143,398.0332,140.7229
86.09956,104.1906,148.53665,159.37265,120.8147,162.48451,220.05952,237.34953,247.41452,261.95364,252.74516,253.88765,243.20187,212.2083,249.68741,278.1001,226.11746,161.45413,170.00128,179.79218,169.63583,151.95462,120.38327,126.12371,96.464615,96.46476,162.49066,154.92029,104.56831,106.86023,185.29276,145.37523,100.7742,92.77376,109.10705,167.73997,192.85318,198.657,227.9146,219.59908,205.22849,217.43878,191.39093,183.06674,192.85915,169.17969,132.37067,170.59749
107.12335,125.92224,180.71863,277.39975,445.98538,480.3709,452.69745,441.34067,561.42566,576.94727,467.67645,425.5155,428.5912,398.2959,277.9284,237.93083,290.6319,204.10876,47.812912,25.492935,135.40869,151.52296,36.406708,26.94011,51.238617,103.99051,163.96033,232.34915,415.64722,455.84882,514.7226,503.92288,553.6099,532.62036,450.21692,429.18866,367.91895,308.05652,201.44374,208.69963,321.89273,238.44415,94.03346,44.266907,168.28613,165.97234,10.706879,12.54071
558.8799,477.65344,368.48218,483.8723,414.40613,1239.5421,2116.9932,2603.2688,2403.045,2895.6882,3513.2793,4482.3916,4507.689,4446.3545,4227.0264,3794.9468,2912.9602,2184.593,1979.2092,1649.9255,1101.5326,1211.0096,784.45984,707.74023,261.3285,603.8789,851.75146,531.5996,208.95569,437.81165,1302.1179,1874.661,1729.6414,2159.088,2783.2222,3992.9219,3862.2827,3576.8716,3091.4531,2646.2795,2107.7383,1728.8394,1830.1385,1619.9644,1174.883,1359.4141,1235.0105,1271.9065
-68.72623,56.558197,7.138489,92.942276,243.3834,404.26068,497.02734,583.067,563.2889,614.6048,642.8823,678.8922,672.3865,775.7156,560.8673,418.3446,337.49542,275.67694,114.29317,113.85959,16.348297,-17.139008,-17.15918,-44.64096,-60.257416,56.597565,72.003296,99.57907,187.46051,368.6391,423.7917,520.5518,468.0475,513.7807,582.75964,640.5498,684.0543,740.52783,547.55316,435.40924,363.74646,287.53967,145.7242,152.31175,23.894653,67.66443,-3.8491516,-50.332916
345.0729,415.1293,406.33057,508.4652,608.2524,642.89984,632.2291,637.12,658.41736,627.7577,455.70847,396.438,401.5584,273.44495,98.81038,30.140305,18.357605,-39.578796,-90.466705,-59.82376,-86.21661,-72.55243,-55.430756,51.47853,181.37068,267.295,347.49106,412.81018,457.13263,441.38132,438.24274,560.43854,627.5772,577.29803,438.58557,359.85135,355.28543,248.18631,105.22832,84.08455,92.78822,28.89795,-36.93399,-42.67749,-27.397827,15.399307,52.246918,165.12701
158.96715,205.3031,220.37646,275.39,277.12164,269.13687,283.04977,290.636,264.81625,255.12326,221.99738,189.41493,160.7165,104.78386,52.79264,35.301186,3.478508,-18.083824,-31.861397,-27.043892,-51.96682,-16.34513,15.265213,52.163628,103.40728,145.68193,213.603,238.57349,220.1437,204.20746,224.98186,288.5593,272.4623,245.76218,218.57568,196.36206,168.72174,101.785355,74.96185,59.34324,34.550995,4.945984,9.90744,2.3924255,-20.444221,33.002914,69.28939,110.53197
356.63837,424.7567,276.6676,121.31537,-44.135925,496.31464,942.1836,1303.3015,1260.2294,1493.0779,1636.2366,2048.5967,2015.7153,2304.677,2404.7078,2294.2932,1797.4825,1311.7985,1048.2603,795.71204,577.5747,727.66547,359.78387,165.26654,-137.10687,226.35712,249.64899,48.097168,-166.46661,6.3270264,418.38574,665.2716,701.8024,845.1212,1287.6716,2038.7148,1923.7067,1839.099,1521.9263,1329.2888,984.94763,854.4937,836.7726,690.0955,634.765,727.8788,594.3284,542.6139
43.930336,47.543053,45.07644,114.32967,212.00305,253.23161,245.69136,260.31012,322.80066,337.55148,280.8527,265.60757,284.54645,260.60254,178.94345,174.30571,155.07106,101.86744,25.651924,28.225906,56.980568,71.588,-9.0323715,-29.176453,-6.27639,28.247498,47.18866,94.141396,174.48465,202.66904,236.31123,258.91476,293.6312,304.68933,272.46716,268.00854,254.0358,219.36856,146.64607,156.2392,198.82993,137.16551,52.0723,27.225685,77.48709,84.27398,-0.98163605,-4.0229874
18.95097,18.47571,18.032925,17.600576,17.170511,17.005287,17.52396,19.150305,20.266457,21.690048,22.831892,24.794851,25.349945,25.87827,26.174595,26.929247,26.831604,26.32358,25.53506,24.669117,23.27875,21.75086,20.618565,19.896336,19.018803,18.765697,18.552105,17.825455,17.238419,17.116898,18.175333,19.422255,20.431868,21.686123,23.123098,24.433208,25.593342,26.004162,26.00553,26.594141,26.551842,25.849073,25.250534,24.657322,23.306536,21.82816,20.790083,20.071758
21.687193,20.822123,19.328075,18.302124,17.059414,16.422333,15.319506,15.323878,15.093336,14.60891,14.748188,15.218807,16.771805,17.586788,19.579773,21.050898,22.261528,23.33413,23.757477,23.417246,23.107708,23.22606,22.393694,21.555056,21.212654,19.881744,18.867388,17.45765,17.003452,15.927809,15.082921,14.975984,14.166689,14.013615,14.08975,15.611437,17.230066,18.07227,19.411848,20.894236,22.499792,23.431398,23.85439,23.852316,23.914938,23.927168,22.468187,21.901714
17.985281,17.340237,16.896532,16.405764,15.927615,15.760234,16.147514,17.606121,18.829739,20.530144,21.899632,24.09358,24.708231,25.278399,25.66778,26.673073,26.714993,26.21894,25.260233,24.132895,22.745838,21.135504,19.87269,19.068184,17.942997,17.503616,17.330389,16.680283,16.029875,15.914326,16.901514,17.888737,18.980978,20.433327,22.114206,23.557898,24.914724,25.374025,25.454594,26.199062,26.315193,25.608107,24.818617,24.113796,22.765764,21.203983,20.084373,19.268427
18.333689,17.678825,17.147217,16.555887,16.16319,16.056496,16.53484,17.988413,19.274233,20.87401,22.132204,24.155691,24.737364,25.1773,25.679102,26.638783,26.48243,25.732054,24.777086,23.546932,22.194925,20.922846,20.03295,19.306217,18.356062,17.959545,17.699062,16.75523,16.190035,16.188875,17.301914,18.257662,19.504766,20.953682,22.491203,23.801338,25.069101,25.379078,25.602306,26.28969,26.170444,25.11765,24.35808,23.479233,22.242002,20.945698,20.209631,19.530888
24.848816,24.362497,23.864542,23.061584,21.628819,20.123959,18.874586,18.025911,17.102373,16.66213,17.054272,16.82064,16.77312,16.338196,17.477253,19.475384,21.198032,22.948044,24.677748,25.580683,25.868141,25.654186,25.767752,25.540434,25.445316,24.61241,23.890594,22.267096,20.683075,19.090942,18.077503,17.734695,16.709517,16.137375,16.470917,16.141048,16.213129,16.41063,17.914703,19.841303,21.806768,23.24473,24.914455,25.687868,26.199385,26.401417,26.695038,26.32468
16.745033,16.532265,16.15819,15.48707,15.333118,15.35388,15.731052,17.108707,18.770254,20.782595,22.254877,24.12122,24.496506,24.848934,25.060173,25.393028,24.988987,23.927252,22.316042,20.938581,19.765263,18.729504,18.22214,17.597624,16.882372,16.869164,16.75973,15.575453,15.235508,15.427114,16.53688,17.658865,19.19205,20.97507,22.744755,23.766056,24.84344,25.179085,25.066248,25.13384,24.765495,23.337439,21.874006,20.764292,19.704733,18.638895,18.406338,17.882576
17.652674,17.378492,17.025997,16.503883,16.22662,16.413368,17.252714,18.64014,19.727474,20.948128,21.94931,23.075922,23.239761,23.699797,23.86549,24.257435,24.096529,23.403284,22.683126,21.99157,20.937357,19.7567,19.201172,18.509954,17.649952,17.489489,17.35967,16.57178,16.2604,16.459938,17.870485,18.877317,19.817865,21.026884,22.18492,22.770016,23.507326,23.905346,23.888813,24.037622,23.817781,22.888817,22.416464,21.854359,20.880827,19.780258,19.241655,18.71712
18.473728,18.156645,17.68214,17.194664,16.890247,17.137756,17.94115,19.129986,20.207203,21.628408,22.708477,24.01711,24.317179,24.813847,25.064112,25.279194,24.883171,24.23996,23.444391,22.593868,21.569218,20.645561,20.090355,19.44168,18.712532,18.477398,18.185022,17.294762,16.988674,17.278362,18.52721,19.327805,20.26794,21.640831,22.95451,23.719257,24.532963,25.056992,25.104,25.113096,24.672953,23.805645,23.313972,22.5467,21.659567,20.695204,20.171953,19.54758
18.144264,17.658497,17.008287,16.453224,16.234285,16.561083,17.678268,19.088943,20.188534,21.630796,22.7307,24.311136,24.865543,25.376066,25.644978,26.211105,25.959826,25.212511,24.561047,23.447504,21.968388,20.595718,19.752312,18.949608,18.20588,17.857294,17.51257,16.58009,16.346756,16.752342,18.413534,19.31076,20.322935,21.746529,23.014978,23.83799,25.065578,25.542656,25.66044,25.949116,25.698473,24.72469,24.307,23.317242,21.972973,20.616598,19.80661,19.161457
18.94419,18.297281,17.594118,17.038246,16.787304,16.882769,17.915043,19.622746,20.953426,22.35765,23.493147,25.269978,25.752527,26.071287,26.407585,27.05507,26.757565,25.96722,25.310137,24.247324,22.91999,21.675358,20.764494,19.881367,19.072794,18.612934,18.166359,17.196579,16.864426,17.063793,18.697006,19.873663,21.092703,22.458342,23.852211,24.926342,26.088882,26.32639,26.425499,26.79845,26.46186,25.411478,25.00914,24.17351,22.975716,21.678535,20.803354,20.07201
17.82572,17.394062,16.869774,16.351784,16.0129,16.07309,16.83161,18.259987,19.273691,20.641127,21.752752,23.422243,23.876196,24.2631,24.666958,25.420603,25.225266,24.558954,23.782406,22.766129,21.313034,20.083263,19.358345,18.696323,17.95447,17.706556,17.460836,16.530752,16.063568,16.25196,17.508911,18.520954,19.399164,20.682121,22.020422,23.06303,24.125805,24.49735,24.672344,25.19031,24.992264,23.987213,23.400497,22.617231,21.283758,20.073923,19.478294,18.904371
15.5271015,14.997531,14.663292,14.083248,13.72352,13.581053,13.965489,15.17273,17.236593,19.580751,21.222387,23.193197,23.80864,24.033092,24.394611,25.05389,24.646568,23.686676,22.059086,20.275175,19.077374,18.090117,17.427101,16.550987,15.664441,15.203031,15.229853,14.098179,13.566135,13.467434,14.704646,15.705923,17.577917,19.696316,21.67527,22.905977,24.245695,24.433659,24.468103,24.634092,24.366722,23.00548,21.562204,20.054016,19.070814,18.069567,17.558973,16.948278
23.337936,23.06207,22.844948,22.78872,22.607187,22.409027,22.369703,22.770874,23.848444,25.210857,26.297659,27.259556,27.595812,27.753101,27.806744,27.839617,27.39806,26.863235,25.77215,24.82526,24.505442,24.40089,24.1892,23.835453,23.490744,23.118427,22.979038,22.63983,22.558508,22.245674,22.569336,23.008204,24.04769,25.369215,26.51731,27.170004,27.74703,27.895927,27.78212,27.500967,27.151854,26.470207,25.550863,24.629734,24.468796,24.32683,24.085146,23.895365
16.817053,16.520443,15.982197,15.333209,15.199665,15.602081,16.227852,17.633303,19.297245,21.302752,22.54906,24.315668,24.575245,24.921215,25.424765,26.262768,25.861998,24.828154,23.212492,21.421474,19.861357,18.836834,18.280846,17.590826,16.818888,16.814884,16.698381,15.385246,15.066057,15.785499,17.14576,18.187916,19.646023,21.528538,23.049454,24.124325,25.10719,25.37658,25.579206,26.074837,25.600872,24.068726,22.680923,21.260094,19.913454,18.864956,18.576702,18.117872
16.110853,15.511922,15.16502,14.650497,14.167267,13.951145,14.269028,15.577888,17.352262,19.611916,21.213709,23.38604,24.102379,24.440586,24.900284,25.689747,25.24374,24.34652,22.890106,21.305277,19.932043,18.840893,18.10101,17.272572,16.284819,15.756307,15.772684,14.721939,14.003019,13.871625,14.990536,15.999904,17.626474,19.698011,21.68292,23.064768,24.47958,24.71229,24.84203,25.202051,24.924335,23.631449,22.350647,21.11553,19.932798,18.839455,18.214775,17.564165
17.70216,17.24984,16.7503,16.249496,16.104958,16.176838,17.105675,18.552198,19.752787,21.256908,22.404484,24.014715,24.377241,24.65094,24.912643,25.53869,25.32641,24.423923,23.493599,22.322083,20.968386,19.79628,19.147543,18.44999,17.817886,17.595598,17.383432,16.402096,16.116228,16.381832,17.879116,18.966852,20.031008,21.358805,22.724726,23.633707,24.682144,24.900705,25.004921,25.435461,25.130169,23.878231,23.123018,22.18162,20.946966,19.805634,19.325705,18.746195
17.85213,17.574732,17.164951,16.782696,16.738346,17.052198,17.822062,18.8574,19.771929,20.80349,21.552067,22.419556,22.475557,22.623077,22.699282,22.654306,22.335459,21.84741,21.169127,20.426155,19.759474,19.075861,18.577478,18.171638,17.85984,17.652847,17.443842,16.77461,16.815014,17.252182,18.36874,19.168173,19.97198,20.887066,21.739481,22.176094,22.67032,22.775648,22.709387,22.53891,22.206417,21.579842,21.085264,20.41808,19.799084,19.076942,18.66563,18.29287
25.154406,25.077164,25.029638,24.874437,24.819605,24.78754,24.69935,25.055138,26.071222,27.08573,27.87005,28.527847,28.81787,28.983572,29.058283,28.888044,28.470182,27.884037,26.78585,26.014051,25.817406,25.67158,25.585709,25.375755,25.213274,25.102947,25.145155,24.766201,24.829578,24.718176,24.910036,25.287989,26.205193,27.190285,28.010674,28.429092,28.902336,29.071224,28.935205,28.55235,28.222862,27.568394,26.66535,25.89023,25.819147,25.584911,25.514832,25.402645
18.279453,17.801971,17.336512,16.89389,16.605963,16.525152,17.042902,18.38701,19.547693,20.934456,22.003885,23.607769,23.933788,24.237623,24.616308,25.222551,24.928225,24.163994,23.256393,22.264767,21.232052,20.270332,19.658922,19.053658,18.38143,18.1377,17.91092,17.051025,16.592997,16.648893,17.68423,18.6775,19.794703,21.018244,22.386446,23.337395,24.23045,24.446877,24.640099,25.02763,24.69389,23.682785,22.9497,22.174992,21.218367,20.243292,19.819628,19.263098
17.741116,17.277758,16.857193,16.299932,16.098843,16.46041,17.55579,19.050114,20.166494,21.504118,22.541353,24.038725,24.340038,24.762812,25.123503,25.524998,25.304873,24.65613,23.992266,22.960665,21.615854,20.211786,19.324339,18.553743,17.78171,17.561577,17.414143,16.4805,16.25818,16.695314,18.321272,19.339933,20.345215,21.580141,22.807564,23.641148,24.609459,24.993397,25.186977,25.361618,25.06219,24.190207,23.72993,22.811533,21.56775,20.224556,19.422205,18.753984
17.194035,16.495344,15.936243,15.317518,15.174786,15.650338,17.236452,18.996607,20.60637,22.372068,23.695631,25.36618,25.792654,26.063446,26.405907,26.782965,26.35136,25.391708,24.567654,23.082184,21.450329,19.810095,18.862879,17.962421,17.277777,16.827444,16.585548,15.355978,15.25276,15.833376,18.115479,19.385994,20.851376,22.552214,24.072723,24.971212,26.205357,26.369553,26.480833,26.579365,26.07176,24.826199,24.22052,22.857553,21.425081,19.886265,18.96497,18.298264
17.519855,17.151106,16.581812,16.013603,15.984686,16.305593,17.442457,19.10626,20.487736,22.074448,23.224232,24.770998,24.98446,25.356884,25.66249,26.0714,25.642008,24.679714,23.708101,22.402966,20.863594,19.564655,18.891577,18.21697,17.558083,17.480572,17.212667,16.07949,16.0108,16.580942,18.33546,19.534344,20.77824,22.226942,23.576242,24.460682,25.410994,25.67553,25.717022,25.98219,25.475025,24.120531,23.337776,22.237173,20.844925,19.588135,19.083662,18.527216
15.464301,15.201735,14.888516,14.512766,14.40317,14.416275,14.525008,15.198631,16.613379,18.317924,19.550583,21.128891,21.619532,22.032787,22.362371,22.785446,22.421461,21.644772,20.091652,18.575754,17.712559,17.040445,16.605186,16.120056,15.602821,15.446877,15.423497,14.609936,14.404282,14.520053,15.064608,15.682703,17.03096,18.516563,19.879293,20.850166,21.921688,22.305298,22.445908,22.49828,22.172329,21.063946,19.691267,18.446865,17.667236,17.01987,16.793951,16.361526
17.865528,17.43853,16.955708,16.381351,16.216398,16.457628,17.40813,18.948444,20.488056,21.975122,23.03177,24.509323,24.70322,24.999233,25.368998,25.831497,25.484455,24.645405,23.68497,22.526459,21.417114,20.190153,19.411047,18.608244,17.911985,17.684715,17.483208,16.399998,16.208559,16.636549,18.181501,19.396847,20.808979,22.15538,23.3457,24.153023,25.103657,25.303125,25.422308,25.590605,25.201344,24.112774,23.412277,22.467196,21.443064,20.27718,19.569418,18.900003
17.159859,16.89997,16.56099,16.251253,16.185993,16.58284,17.488354,18.587187,19.563301,20.832844,21.804234,23.018696,23.300241,23.597715,23.864405,24.204123,23.830088,23.174345,22.385107,21.278397,20.033918,19.008184,18.440048,17.84317,17.329416,17.18859,17.118425,16.33006,16.228903,16.699339,18.080536,18.8812,19.705149,20.970514,22.054518,22.763157,23.591436,23.89256,23.95259,24.061354,23.676609,22.74318,22.108843,21.142467,20.042093,19.057339,18.53288,18.106195
17.877298,17.62467,17.353779,16.928318,16.64362,16.74461,17.60103,19.044752,20.219088,21.321949,21.933352,22.908825,22.991318,23.165096,23.346245,23.781912,23.667683,23.292547,22.771961,22.085016,21.07399,19.967913,19.18433,18.506563,17.94829,17.86655,17.788445,17.049057,16.71051,16.988907,18.284786,19.422163,20.343565,21.313377,22.178976,22.6968,23.257292,23.42173,23.43484,23.701113,23.546541,22.977669,22.599417,22.006252,21.076944,20.01275,19.218353,18.70465
15.894352,15.6016865,15.108131,14.677134,14.65549,14.690157,15.08616,16.750921,18.473824,20.370068,21.758904,23.481651,23.772745,24.195326,24.54508,24.744976,24.129438,22.889362,21.003778,19.67234,18.569435,17.69412,17.11772,16.542526,16.000814,15.930441,15.703016,14.606016,14.559811,14.794385,15.873073,17.307148,18.88961,20.664406,22.233677,23.28895,24.217289,24.547567,24.506592,24.50616,23.846817,22.200792,20.644154,19.51005,18.547306,17.619179,17.31113,16.863663
18.25615,17.788868,17.288094,16.722973,16.570564,17.062717,18.31476,19.717175,20.988556,22.571096,23.936985,25.539156,25.902313,26.368027,26.613665,26.823786,26.333431,25.526382,24.688606,23.433372,22.00776,20.633472,19.911173,19.155203,18.32728,18.032549,17.795652,16.786583,16.641808,17.15335,19.016068,19.991737,21.137917,22.700947,24.255806,25.142342,26.161604,26.588371,26.606504,26.583508,26.091793,25.039022,24.400537,23.240658,21.948957,20.637272,19.943275,19.370626
17.525663,17.069744,16.472418,15.899319,15.882162,16.09262,17.043747,18.768478,20.381905,21.969995,23.169018,24.71928,25.048397,25.434187,25.871094,26.341867,26.000105,24.975035,23.845306,22.498535,21.11841,19.820656,19.091866,18.235575,17.559795,17.348406,17.093565,15.903912,15.847124,16.242416,17.869333,19.159496,20.627832,22.18877,23.545696,24.4025,25.456348,25.765682,25.936085,26.146759,25.737192,24.340622,23.446777,22.3325,21.101376,19.851027,19.228516,18.58601
18.161047,17.890022,17.37275,16.901644,16.798191,16.941633,17.789845,19.09615,20.240995,21.613226,22.732405,24.266954,24.655468,25.22551,25.558582,25.99565,25.731787,24.983318,24.154078,23.064732,21.786543,20.50802,19.763988,18.97658,18.296719,18.150286,17.93609,17.087957,16.930557,17.196129,18.461462,19.350653,20.329502,21.595947,22.981693,23.813892,24.910206,25.441753,25.613543,25.805193,25.558413,24.5521,23.932388,23.01566,21.82836,20.545174,19.917873,19.158878
17.777842,17.287085,16.65987,16.054417,15.741518,15.790912,16.675623,18.608465,20.047344,21.510656,22.719584,24.680807,25.0945,25.526394,25.842964,26.674126,26.567677,25.946838,25.251202,24.35082,22.728483,20.91582,19.75364,18.765656,17.770235,17.497631,17.248432,16.244467,15.726528,15.894615,17.42617,18.932104,20.141117,21.560684,23.003752,24.17914,25.358017,25.650917,25.642014,26.253464,26.25411,25.397404,24.910065,24.283302,22.71505,21.044588,19.93034,19.131111
19.095716,18.626003,18.06252,17.617702,17.163652,17.079243,17.662941,19.306927,20.523062,22.061329,23.205647,25.163403,25.678574,26.24192,26.539162,27.538559,27.449154,26.92862,26.04271,25.122623,23.617273,22.083166,20.959524,20.1528,19.145224,18.865671,18.6282,17.866232,17.202381,17.23909,18.41563,19.640787,20.624146,22.026144,23.461102,24.805086,26.012115,26.441635,26.434032,27.184792,27.184525,26.407278,25.717873,25.080467,23.630693,22.192688,21.091757,20.39073
21.306152,20.68065,19.730717,19.33601,18.76079,18.622381,17.852747,17.833666,18.18347,19.06675,19.954922,20.84071,22.20957,23.054655,24.448227,25.180698,25.37136,25.949432,25.69949,24.980274,23.94873,23.550924,22.77257,21.617144,20.89163,20.097425,19.759138,18.88645,18.723618,18.38074,17.948328,17.973465,18.09584,19.189556,20.17611,21.35059,23.003897,23.954235,24.856174,25.498161,25.970974,26.387262,25.947124,25.30929,24.32002,24.116287,22.857065,21.483675
17.772608,17.206,16.610409,16.028975,15.69886,15.651642,16.644602,18.695217,20.057934,21.46716,22.636932,24.620075,25.094078,25.60107,25.850105,26.76865,26.862669,26.152523,25.370182,24.478443,22.829472,20.77242,19.52836,18.617937,17.629234,17.372734,17.172329,16.290653,15.750184,15.781031,17.409843,18.986994,20.11714,21.369333,22.866686,24.1081,25.399294,25.704535,25.663267,26.390333,26.538641,25.640615,25.042328,24.369139,22.760973,20.895746,19.76127,18.988419
18.16819,17.651407,17.288252,16.892384,16.460499,16.316477,16.927065,18.37345,19.667198,21.51352,22.90785,24.829868,25.326412,25.785627,26.097746,26.798376,26.577854,25.938946,25.085825,23.94122,22.579071,21.199774,20.14092,19.22654,18.277287,17.956972,17.839926,17.075323,16.500446,16.396833,17.615664,18.608105,19.829512,21.476852,23.188728,24.374815,25.548103,25.906034,25.942371,26.460575,26.283651,25.393593,24.732286,23.855106,22.634254,21.306124,20.354055,19.49921
16.998013,16.70358,16.264408,15.652713,15.628686,15.994902,16.75539,18.36299,20.285957,22.422125,23.894775,25.790646,26.032722,26.320774,26.75955,27.471487,27.085468,25.98549,24.159582,22.210665,20.629345,19.262201,18.548515,17.76765,17.055752,17.025944,16.963062,15.5900955,15.408089,16.100174,17.700438,19.016216,20.664288,22.61526,24.349447,25.499466,26.542492,26.75046,26.85955,27.228022,26.800232,25.186287,23.568653,22.012363,20.649796,19.328766,18.857021,18.308338
18.415745,17.900965,17.33214,16.877874,16.644922,16.624475,17.258904,18.485851,19.527664,20.760778,21.866459,23.527979,23.985506,24.337694,24.713377,25.187355,24.900116,24.257828,23.571474,22.586494,21.478779,20.434923,19.765125,19.174088,18.556696,18.138752,17.809322,16.977964,16.707775,16.731709,17.810276,18.6924,19.635992,20.79474,22.116154,23.105547,24.105732,24.46061,24.685593,24.91692,24.646887,23.764101,23.259106,22.479149,21.47689,20.396603,19.846874,19.289375
19.563332,18.983742,18.434011,17.852743,17.248703,17.079483,17.829367,19.565197,20.823082,22.742453,24.242817,26.79047,27.703884,28.362982,28.966274,30.207443,30.104353,29.240631,28.047192,26.568419,24.60608,22.720087,21.495008,20.73264,19.7284,19.322315,19.178858,18.117329,17.280762,17.290552,18.74036,19.943651,20.983316,22.606993,24.518536,26.257267,28.03897,28.601799,28.836067,29.71922,29.697325,28.493753,27.535593,26.450474,24.621305,22.761477,21.725143,20.924063
17.61544,17.289381,16.813982,16.264908,15.949732,15.998415,16.621424,18.040545,19.267546,20.86987,22.029068,23.782818,24.197393,24.722784,25.005133,25.542162,25.30419,24.504272,23.631868,22.662338,21.45385,20.311003,19.52783,18.73743,17.776115,17.607563,17.3459,16.421469,16.033285,16.246136,17.436485,18.33932,19.447552,20.933426,22.348719,23.363476,24.495539,24.972141,25.009594,25.332655,25.05771,23.970133,23.34076,22.657776,21.544157,20.307587,19.611942,18.83723
16.850788,16.184673,15.188986,14.129751,13.904971,14.307835,16.085238,18.647491,20.713959,23.120373,25.065102,27.623764,28.248453,28.801764,29.139595,30.057531,29.700678,28.184704,26.864338,24.979525,22.596989,20.34357,19.1814,17.853134,16.690928,16.395937,15.926323,14.1177025,13.784653,14.41035,17.276945,19.029928,20.839733,23.25102,25.558886,26.972569,28.8228,29.179836,29.185799,29.582607,29.126228,27.189009,26.169994,24.567408,22.375277,20.304865,19.257853,18.32576
18.19492,17.668436,17.10902,16.516,16.420467,16.87861,18.32965,20.035995,21.134811,22.569164,23.71203,25.16245,25.436255,25.801699,26.156324,26.683115,26.459852,25.653358,24.917778,23.616104,21.949976,20.445518,19.605173,18.800426,18.12273,17.86171,17.6302,16.553368,16.391453,16.99788,19.088655,20.30959,21.244701,22.623241,23.925882,24.720491,25.739645,26.027634,26.1808,26.47681,26.172274,25.090614,24.530321,23.387218,21.833378,20.45665,19.69843,19.115763
17.72889,17.341902,16.876585,16.353905,16.000837,15.925482,16.70699,18.393978,19.664368,21.008825,22.01031,23.525307,23.858301,24.200294,24.319696,25.034094,25.07721,24.590485,23.960634,23.222961,21.989714,20.36759,19.251272,18.386393,17.67045,17.504,17.346893,16.619324,16.068487,16.07536,17.386774,18.744314,19.757956,21.016459,22.323776,23.189379,24.05843,24.261007,24.15291,24.719048,24.804136,24.144632,23.647535,23.099958,21.880352,20.392479,19.35665,18.681463
18.46575,17.909977,17.37932,16.726658,16.527794,16.808405,18.077087,19.47518,20.693106,22.096918,23.195082,24.708893,25.167616,25.534672,25.946972,26.467133,26.203709,25.510603,24.843319,23.509565,22.13937,20.84347,20.078318,19.273905,18.637688,18.285357,18.091301,16.98586,16.591404,17.002975,18.789234,19.767038,20.854101,22.218567,23.635696,24.487339,25.6134,25.869324,26.097034,26.323416,26.038654,25.032585,24.54617,23.418861,22.148355,20.900164,20.243994,19.578938
14.796066,14.413016,14.06406,14.092803,14.939625,16.174541,17.621525,19.226513,20.790844,22.04626,22.771833,23.54229,23.327534,23.40379,23.27599,22.592363,21.58721,20.568844,18.940031,17.291037,16.249855,15.328886,15.00419,14.867355,14.626286,14.312439,14.413272,14.087904,15.158646,16.335705,18.165783,19.59729,20.918386,22.039524,22.836504,23.271677,23.780354,23.647425,23.194298,22.267889,21.431973,20.229998,18.807053,17.179897,16.307869,15.497319,15.050961,14.967756
17.995178,17.546902,17.051998,16.559713,16.241488,16.187798,16.820532,18.363428,19.617825,21.328644,22.752638,24.854324,25.442642,25.951597,26.30455,27.101921,26.887022,26.164602,25.197384,24.039934,22.44875,20.910364,19.901346,18.984444,18.056356,17.759495,17.653597,16.725597,16.231861,16.27756,17.57026,18.673597,19.770292,21.35024,23.027828,24.3283,25.714127,26.099329,26.180077,26.719576,26.640968,25.586748,24.80795,23.94145,22.408737,20.927845,20.04792,19.267069
16.974583,16.705343,16.258768,15.686123,15.776075,16.11858,17.050306,18.673298,20.146784,21.808712,23.047352,24.60056,24.764181,25.216217,25.708778,26.063633,25.650845,24.56342,23.289335,21.737865,20.237288,18.863209,18.205233,17.48646,16.943146,17.039757,16.897154,15.66543,15.730499,16.343964,17.89997,19.093454,20.446047,21.992805,23.397139,24.231682,25.139637,25.471859,25.705946,25.948133,25.405258,23.917887,22.819601,21.5423,20.208836,18.904778,18.488894,17.917818
18.405582,17.943338,17.366026,16.940737,16.595207,16.550558,17.309105,18.791182,19.927141,21.471039,22.71115,24.625137,24.994825,25.43163,25.743557,26.721115,26.594076,25.983448,25.143639,23.94864,22.471447,21.083944,20.142937,19.361137,18.544231,18.287844,18.034132,17.237076,16.708332,16.811556,18.072456,19.166033,20.112013,21.43195,22.929716,24.107416,25.23045,25.553123,25.684387,26.40099,26.3093,25.391369,24.73299,23.89031,22.47015,21.125832,20.303547,19.574074
17.23697,16.970745,16.592838,15.981476,15.908258,16.123604,16.965118,18.268152,19.396244,20.87552,22.065292,23.615454,23.898182,24.26203,24.628008,25.183142,25.032032,24.255802,23.333607,22.06789,20.668432,19.434874,18.802345,18.012459,17.301064,17.223902,17.191828,16.101719,15.861109,16.257893,17.693775,18.634375,19.627213,20.992548,22.424314,23.246685,24.233105,24.50219,24.659775,24.943624,24.805967,23.71989,22.971079,21.964449,20.643314,19.445635,18.996513,18.339773
17.811714,17.198704,16.65915,16.155884,15.633593,15.441505,15.793386,17.277851,18.76586,20.795034,22.231413,24.437069,25.124,25.556992,25.869827,26.930746,26.763548,26.052418,24.783997,23.450062,21.939348,20.685152,19.730888,18.957537,17.895445,17.443449,17.216799,16.342052,15.543253,15.428722,16.50237,17.608341,18.935835,20.799822,22.59249,24.07486,25.46682,25.788239,25.78561,26.511787,26.451767,25.408377,24.310158,23.322863,21.964659,20.729862,19.876888,19.221115
14.344433,13.640606,12.459367,11.985955,11.273039,10.977858,10.581539,10.4314575,10.516029,11.113557,12.22511,13.155874,14.055372,15.054434,15.940521,16.814274,17.460342,17.985653,18.041924,17.956827,17.628536,16.973478,16.396917,15.43952,14.486972,13.451283,12.74973,12.058046,11.601704,11.23021,10.949901,10.81474,10.728533,11.338999,12.288374,13.042545,14.420293,15.313701,16.062592,16.651533,17.245255,17.648293,17.8001,17.974308,17.375145,17.207817,16.365929,15.367083
18.287977,17.296852,16.271034,15.380887,14.726568,14.743282,15.693351,17.730717,19.570993,21.631186,23.237019,25.842457,26.772516,27.793013,28.74488,30.147467,30.029987,29.149033,28.12196,26.452887,24.619404,22.583586,20.924389,19.685707,18.343563,17.617273,17.015947,15.659281,14.9162445,14.974875,16.720865,17.970804,19.662418,21.755299,23.608864,25.307009,27.203764,27.978378,28.516209,29.448847,29.389078,28.130972,27.532051,26.390007,24.753355,22.764715,21.18003,20.060432
17.067617,16.721107,16.28266,15.804348,15.582594,15.687193,16.431234,17.396568,18.479637,19.882267,20.948723,22.345465,22.794447,23.20084,23.367672,23.839958,23.62763,22.997158,22.276735,21.169521,20.135313,19.161217,18.5162,17.830761,17.156666,16.887978,16.653994,15.931742,15.58723,15.68704,16.931776,17.58895,18.55148,19.880144,21.244593,22.008642,22.98175,23.347507,23.35324,23.530533,23.374716,22.590162,21.982851,21.04304,20.118694,19.175785,18.589437,18.012354
27.477436,28.48272,28.944979,29.329576,29.041391,26.73593,23.282858,22.204643,23.615183,24.217787,25.1636,26.743975,28.056454,28.843115,29.677792,28.409369,28.455385,29.657387,29.615957,25.941296,21.56039,20.545061,23.383894,24.931036,25.312113,26.31999,27.966713,28.279215,29.205288,29.492882,29.213364,29.2388,29.019241,26.36219,23.467169,22.720814,24.439539,25.364792,25.806902,25.170591,26.242249,27.9119,29.268091,29.167183,29.48715,29.147633,28.96954,26.581932
15.651649,15.676454,16.098633,16.29463,16.510754,15.810984,16.045128,15.690285,15.496048,15.00831,14.634715,14.876362,15.036055,15.017516,15.437793,15.944914,16.590755,16.423325,16.593517,16.550474,16.381357,15.831545,15.731936,15.508291,15.22487,14.888547,14.981391,15.094301,15.4048395,15.627887,16.109188,16.36485,15.968267,15.679772,15.612862,15.260901,15.323028,14.826199,14.600725,14.659276,14.894068,14.499051,14.739072,15.538929,15.835068,16.052015,16.265232,16.476376
20.839266,22.45264,24.05047,26.722332,29.05064,30.401543,30.944208,31.399265,30.364254,30.814571,29.844769,29.838692,27.562897,26.483381,24.369131,22.032337,20.599972,19.637022,19.183266,19.082455,17.85456,17.095598,17.097141,19.4561,20.742706,22.387478,24.80997,27.42084,29.94964,30.70636,31.265102,31.912823,31.867369,31.555143,29.922626,29.283043,27.316662,25.884653,23.049267,21.840284,20.56443,19.625357,17.848219,17.464888,16.521778,17.245049,17.644014,19.811754
17.671844,17.209406,16.76572,16.159994,15.8387165,15.841968,16.46988,17.962095,19.267971,21.14134,22.504614,24.46862,25.017714,25.458527,25.851437,26.715363,26.59244,25.704746,24.549812,23.30135,21.762598,20.345734,19.427458,18.624567,17.703821,17.449091,17.357922,16.30801,15.760186,15.882498,17.248318,18.285666,19.410603,21.099037,22.803988,24.014277,25.30544,25.65511,25.793463,26.359734,26.304562,25.085812,24.118923,23.16172,21.753233,20.386665,19.624561,18.930185
16.628458,16.384861,16.053146,15.593064,15.380601,15.410012,16.263609,17.693136,18.72862,20.11727,21.125881,22.631598,22.97369,23.230492,23.468063,24.044521,23.803894,22.944868,22.201277,21.291546,19.89218,18.607334,17.909847,17.301264,16.693659,16.615475,16.579126,15.686522,15.3033285,15.508131,16.97414,18.039957,18.853958,20.089071,21.401102,22.254147,23.242931,23.4674,23.483707,23.860703,23.644577,22.544928,21.895636,21.155617,19.903315,18.659607,18.109037,17.5731
17.953382,17.511356,17.066874,16.499035,16.300104,16.279228,17.077833,18.643795,19.839975,21.275482,22.430899,24.098438,24.461054,24.795738,25.191254,25.840704,25.709536,24.950714,24.235397,23.15408,21.663574,20.284573,19.526905,18.75961,17.953215,17.715591,17.566004,16.59401,16.254185,16.388103,17.800392,18.938417,19.940096,21.221409,22.660921,23.668821,24.727253,24.955097,25.10278,25.541315,25.437798,24.41813,23.85562,23.039852,21.656242,20.335485,19.688131,19.005949
16.48743,16.52985,17.04118,18.028185,19.385448,20.507515,21.721254,23.621874,24.232687,25.361761,25.616907,25.375395,24.581497,24.04565,23.529743,22.535969,21.278198,20.263802,19.015163,18.315504,17.35571,17.056097,16.599318,16.511923,16.433859,16.264408,16.997627,18.006824,20.147392,21.265013,22.916273,24.196556,24.754475,25.349525,25.21883,25.326124,24.541384,23.813934,22.815926,22.176344,21.604607,20.202774,18.8803,17.938673,16.907482,16.516117,15.695797,15.540037
17.26609,16.707718,16.292013,15.761649,15.799017,16.32617,17.76559,19.391634,20.576597,21.964138,23.124254,24.48061,24.737617,24.962273,25.341942,25.701504,25.423048,24.61845,23.798626,22.390478,20.793219,19.260906,18.491764,17.752739,17.18947,16.887814,16.767685,15.707035,15.735439,16.413107,18.501379,19.694998,20.687569,22.003687,23.341698,24.099947,25.054207,25.209152,25.376259,25.501364,25.1416,24.063362,23.379852,22.133795,20.684574,19.284473,18.60014,18.08067
22.204224,23.588102,24.904331,25.938587,26.479527,26.373087,26.62963,26.092308,25.256386,24.961416,23.756876,22.856062,21.177633,20.44801,19.114893,17.718102,17.655571,17.080675,17.040018,16.852709,16.99673,17.458548,18.939142,21.008678,21.882347,24.039183,25.541004,26.271515,27.083178,27.108643,27.277962,26.499878,25.9986,24.64632,23.150036,21.921494,20.85248,20.132935,18.408566,17.615368,17.055721,16.819511,16.231777,16.240385,16.743462,18.00595,19.683756,21.11392
18.26208,17.925732,17.520021,17.031624,16.710905,16.636003,17.370274,19.185434,20.455938,21.995367,23.257175,25.199127,25.635696,26.11527,26.355782,27.139935,27.125332,26.534489,25.622786,24.625204,22.964956,21.229483,20.106834,19.24992,18.34474,18.216982,18.115147,17.210361,16.73367,16.775341,18.21328,19.646912,20.639961,21.99391,23.564915,24.779388,25.885035,26.289557,26.256552,26.83266,26.862198,25.9729,25.278755,24.545471,23.003216,21.331594,20.286188,19.549936
17.846418,17.441574,16.97193,16.372309,16.208042,16.470171,17.651922,19.23718,20.445738,21.806551,22.926552,24.38723,24.727446,25.104994,25.438545,25.882166,25.62856,24.787697,24.001974,22.88322,21.436884,19.966812,19.18379,18.481133,17.875738,17.69232,17.51665,16.485165,16.270435,16.6363,18.417461,19.578573,20.584944,21.884243,23.251284,24.056864,25.037441,25.379026,25.475159,25.686697,25.403852,24.332016,23.71909,22.71296,21.396082,20.000916,19.312077,18.770317
14.919606,14.613474,14.293062,14.176152,14.248142,14.067328,13.905584,14.023116,14.962401,16.458603,17.923653,19.530941,20.421383,20.928024,21.286665,21.387709,20.79838,20.031319,18.696117,17.106272,16.220596,15.897179,15.803137,15.429295,15.134983,14.709673,14.608185,14.178667,14.278076,14.074961,14.225804,14.353287,15.295409,16.696297,18.243776,19.343163,20.697424,21.145,21.283148,20.960596,20.570847,19.622427,18.445677,17.005795,16.258942,15.907066,15.860964,15.551943
15.234645,14.947372,14.676037,14.332136,14.257845,14.217007,14.227258,14.732702,16.210045,17.832949,19.089493,20.520351,21.234602,21.551136,21.90751,22.214325,21.813068,20.934378,19.417442,17.84347,17.075615,16.495153,16.186644,15.730687,15.28056,15.019588,15.017271,14.273684,14.162775,14.121088,14.697239,15.038765,16.390495,17.940706,19.409678,20.361736,21.483109,21.816189,21.90083,21.821125,21.548033,20.38235,19.026329,17.596369,17.053604,16.392717,16.23806,15.966034
15.558287,15.223732,15.011211,14.731388,14.56046,14.474983,14.471462,14.896557,16.225363,17.93411,19.300657,21.105583,21.889969,22.370993,22.896955,23.491306,23.094858,22.391632,20.912693,19.138458,18.09031,17.310446,16.7863,16.27393,15.685647,15.364452,15.439398,14.760091,14.45455,14.449281,15.023725,15.2756815,16.43634,18.00928,19.615871,20.827972,22.146065,22.609894,22.894993,23.08501,22.873825,21.850529,20.45974,18.984995,18.127016,17.297718,16.873655,16.498716
15.561129,14.8189125,14.183412,13.778738,13.325502,13.342341,14.056576,15.252732,16.09481,17.357183,18.500174,20.473022,21.30163,22.136566,22.981565,24.145796,24.033535,23.621498,22.9985,21.631777,20.033024,18.494186,17.223188,16.496655,15.647255,15.012152,14.6854515,13.981884,13.522185,13.631868,14.80866,15.4711685,16.170324,17.30568,18.639894,20.107483,21.632025,22.30025,22.901575,23.681795,23.667246,22.96114,22.599514,21.615387,20.16412,18.634226,17.419926,16.65587
13.579662,12.952801,12.184679,11.597311,11.264986,11.48942,12.60643,14.663614,15.987087,17.798239,19.223097,21.817074,22.682278,23.591238,24.306808,25.763378,25.623507,24.806849,23.82364,22.158327,19.744286,17.403616,15.755029,14.533447,13.400236,13.09351,12.79604,11.762968,11.275202,11.73568,13.57394,14.867238,15.974459,17.748068,19.486843,21.14811,22.97941,23.661695,24.055693,25.1871,25.096634,23.924042,23.20704,21.996086,19.673115,17.458,15.85248,14.880712
17.525118,16.45106,15.379082,14.48735,13.695244,13.651198,14.903145,17.031666,18.587868,20.602858,22.564425,25.621529,26.87204,28.29694,29.492111,31.143925,31.030655,29.99094,28.858732,26.871616,24.327963,21.733656,20.051771,19.01546,17.579325,16.755848,16.13755,14.75603,13.943996,13.93747,15.974796,17.294895,18.609192,20.594812,22.890142,25.070663,27.39693,28.486334,29.272886,30.373459,30.388432,28.933731,28.22907,26.756529,24.480755,22.016546,20.385464,19.32662
17.792011,17.384449,16.855412,16.367798,15.784124,15.6971035,16.184437,17.643545,18.825598,20.560879,21.848862,23.851652,24.368263,25.025595,25.284744,25.968227,25.745516,25.2261,24.370108,23.455315,22.13571,20.795486,19.672344,18.870127,17.82726,17.667297,17.458984,16.663626,15.964542,15.887585,16.859076,17.870335,18.967348,20.571096,22.084232,23.367947,24.5593,25.096603,25.06439,25.601852,25.49377,24.754093,24.128742,23.462475,22.191652,20.859056,19.85926,19.058004
23.870878,24.687504,25.96199,27.277967,27.839693,28.254496,27.889696,28.586754,28.786737,26.804214,23.02215,24.277805,25.571188,27.12358,27.652824,28.31591,28.025972,28.380806,28.858793,26.482265,23.14481,23.796766,25.69623,27.10882,27.39118,28.307823,28.116692,28.729422,29.179363,26.482378,23.528908,24.46123,26.072796,26.665487,27.32705,27.960703,28.076214,28.447384,28.594112,26.085213,23.399454,24.550589,26.32954,27.230003,27.820644,28.106462,28.073112,28.21641
19.363201,18.926214,18.769346,18.813208,18.536802,18.17444,18.313858,18.87546,20.109573,22.056822,23.517359,24.729986,25.064022,25.165232,25.031603,24.893444,24.322632,23.812204,22.715668,21.604242,21.171463,21.021276,20.575283,19.915205,19.507776,19.050543,19.020435,18.68842,18.516697,18.01336,18.511517,19.174995,20.44488,22.168888,23.68054,24.467709,25.228743,25.1709,24.899635,24.501547,24.060362,23.467178,22.49674,21.406076,21.073559,20.984276,20.476679,19.993216
11.64758,11.343042,11.030895,10.6602955,10.589522,10.821611,11.545043,12.631808,13.44416,14.310849,15.03256,16.204292,16.505737,16.813757,17.132542,17.572382,17.391247,16.853928,16.225744,15.356804,14.263385,13.237844,12.677128,12.140207,11.617579,11.487462,11.402195,10.667509,10.530164,10.89782,12.031815,12.79535,13.50558,14.357205,15.225678,15.959872,16.766045,16.98925,17.149132,17.417984,17.221445,16.458721,15.970937,15.260436,14.23532,13.251449,12.746416,12.388743
18.35175,18.145393,17.693428,17.270914,17.27611,17.622765,18.74931,20.434181,21.800587,23.330427,24.503704,25.709394,25.746078,25.978792,26.103792,26.040108,25.50005,24.5,23.352587,22.274181,21.054914,20.026262,19.44421,18.836227,18.41133,18.433437,18.23354,17.253143,17.420643,17.94853,19.581999,20.912373,22.092943,23.525549,24.78938,25.482399,26.111305,26.278576,26.095564,25.922348,25.276783,23.976576,23.144821,22.144285,21.06535,20.054245,19.591875,19.0994
22.483768,22.750961,22.941904,22.984713,23.140566,22.987421,23.231565,23.130316,23.100712,22.942244,22.870255,22.702526,22.926752,22.661484,22.766401,22.711586,23.176603,23.14345,23.185244,23.0188,23.256226,23.225069,23.050737,22.972055,23.091116,22.857872,22.837399,22.748425,22.65253,22.609041,22.753666,22.698593,22.49994,22.578585,22.765348,22.816578,23.149656,23.205547,23.045486,23.022818,23.098196,22.862846,22.774042,23.008993,23.047485,23.016472,22.635593,22.84314
18.01463,17.524864,16.985512,16.51366,15.988552,15.903555,16.578268,18.250984,19.545822,20.981188,22.16647,24.118675,24.595188,25.18438,25.503191,26.4538,26.35451,25.932594,25.256058,24.368134,22.908314,21.14352,19.871643,18.978184,17.98895,17.69313,17.450611,16.72722,16.056332,16.049477,17.235687,18.506006,19.586647,20.992996,22.419619,23.662563,24.80302,25.182793,25.270416,25.999876,25.995564,25.345964,24.890484,24.331898,22.879927,21.263184,19.98514,19.252285
18.385578,18.112211,17.58905,17.016703,16.929537,17.195421,18.09599,19.516357,20.662172,21.970793,23.004042,24.414284,24.642609,25.13284,25.467703,25.828278,25.530645,24.734806,23.996887,23.05405,21.825562,20.613562,19.881279,19.14326,18.432796,18.365545,18.116951,17.11034,16.975178,17.387001,18.789677,19.798222,20.843882,22.133959,23.281916,24.048702,24.966345,25.367928,25.490221,25.633356,25.319283,24.252752,23.714432,22.96514,21.826588,20.678122,20.038197,19.408495
13.964052,14.233388,14.356676,14.497693,14.852085,16.079178,17.234913,19.390215,21.79991,25.109238,26.57093,27.490164,27.897058,28.46584,27.571583,27.061234,25.626442,23.954876,20.274725,18.115948,16.345106,15.396668,14.015978,13.7922735,13.917899,14.309406,14.166401,13.987506,15.7043295,17.599895,19.455538,20.92435,23.095425,25.70632,26.563877,27.748096,28.412754,29.233559,27.883709,27.230606,25.97933,23.721594,19.926907,17.869278,16.418303,15.085932,13.031847,12.421244
16.654078,16.2629,16.154,16.364086,15.621151,15.525005,15.283131,16.35931,17.722437,19.315472,20.914673,22.2613,23.169796,23.088774,23.240166,23.291687,22.393505,22.042213,20.539509,19.327026,18.16996,18.134926,17.616776,17.022984,16.795837,16.48787,16.579264,15.869386,15.764136,15.777551,16.399544,17.056438,18.124609,19.951736,21.121784,22.511454,23.18604,23.35598,23.40555,23.464617,23.039967,22.033325,20.72136,19.636703,18.926567,18.348116,17.07947,16.43457
26.793808,28.49696,28.600399,28.42743,27.942005,28.133741,27.381174,26.071186,24.493914,21.68162,19.791546,19.006226,16.731789,16.18092,15.854963,15.911745,15.817999,15.777592,16.352879,17.732874,19.929106,21.512785,23.229393,26.071678,27.256939,29.363808,28.973057,29.062248,29.180464,29.019552,27.44161,25.610971,24.018078,21.12217,18.998804,17.625265,16.34975,15.894367,15.407795,15.061988,14.807045,15.657007,16.338717,17.812769,19.8554,21.428164,23.814768,26.479004
17.05024,16.672241,16.173668,15.66283,15.731304,16.281366,17.550121,19.076557,20.43511,21.75851,22.79697,23.718838,23.75788,23.911285,23.962685,23.724833,23.214602,22.361801,21.477654,20.496513,19.534086,18.49775,17.957277,17.276363,16.873512,16.696087,16.507002,15.591291,15.80745,16.453997,18.18605,19.357883,20.551216,21.880302,23.025782,23.425842,24.010523,24.0208,23.835674,23.491837,22.980782,21.970266,21.308973,20.35036,19.475122,18.502995,17.990572,17.559124
18.19193,17.861818,17.47776,17.085932,17.155016,17.568573,18.558586,19.910435,21.10522,22.382486,23.481815,24.702196,24.878511,25.14703,25.364033,25.32024,24.785145,23.952785,22.974348,21.8664,20.806902,19.761835,19.224665,18.669315,18.260786,18.123867,17.976889,17.071981,17.203777,17.730911,19.22097,20.238108,21.319746,22.536549,23.767433,24.458735,25.164932,25.338188,25.295195,25.140285,24.585869,23.4926,22.729767,21.732773,20.807583,19.77031,19.374249,18.947226
18.439123,17.915672,17.447613,16.986982,16.997772,17.49837,18.882706,20.568855,21.78465,23.148539,24.196012,25.545336,25.72019,26.037725,26.377096,26.503662,26.087896,25.268969,24.42026,23.221964,21.827902,20.595345,19.805971,19.088188,18.542515,18.302502,18.072748,17.087069,17.17801,17.814749,19.708944,20.937222,21.991888,23.243967,24.475641,25.2318,26.059532,26.345827,26.439583,26.429699,25.868502,24.786818,24.188437,23.107344,21.892727,20.641022,19.947754,19.34683
19.241934,18.519573,17.996788,17.47208,16.661253,16.380318,16.669746,18.153082,19.38714,21.341614,23.059174,25.62532,26.605255,27.449818,28.19326,29.556738,29.506329,28.983288,27.776646,26.296116,24.463055,22.649645,21.276995,20.547388,19.342781,18.708138,18.555096,17.707516,16.760973,16.524021,17.569473,18.534227,19.543732,21.231863,23.22069,25.135515,26.992882,27.631115,28.025675,28.952747,29.14333,28.225883,27.296608,26.28672,24.58134,22.820704,21.551908,20.73536
30.033833,30.112309,29.836409,29.468271,29.272247,28.917788,28.373222,28.105717,27.951666,27.536856,27.21341,27.17445,26.916656,26.987213,26.899128,26.898674,26.880674,27.314386,27.9375,28.756329,29.566113,30.05926,30.472103,30.644869,30.370564,30.303291,29.870762,29.68998,29.243732,28.552649,28.014793,28.024082,27.715546,27.140871,27.13448,26.914928,26.806244,26.87335,26.674376,26.654863,27.020294,27.754642,28.264894,29.011766,29.725897,30.2202,30.664268,30.731283
24.915272,23.944202,22.535831,21.137768,19.62427,18.83735,17.59597,17.533966,16.956554,16.478916,16.115318,16.31506,17.735205,18.518934,20.69254,22.505793,24.315933,25.874062,26.887913,26.834705,26.5917,26.982622,26.180613,25.17269,24.716772,23.412342,22.187294,20.308702,19.72726,18.287306,17.261555,17.169592,16.13635,15.611484,15.381079,16.76462,18.281109,19.243044,20.841965,22.642847,24.690071,26.2616,27.140314,27.23692,27.632835,27.787233,26.45612,25.683598
12.830282,12.2944565,11.922391,11.816628,11.750711,11.448639,11.30813,11.568709,12.625094,14.318973,16.055834,17.869196,18.79658,19.06057,19.32658,19.488796,18.860872,18.200466,16.972507,15.363204,14.4422455,14.040766,13.845993,13.222656,12.892956,12.207354,12.048307,11.578405,11.563544,11.179659,11.467242,11.758093,12.910213,14.505973,16.285707,17.511787,18.988243,19.121952,19.205708,18.91705,18.54498,17.701187,16.660505,15.224937,14.406854,14.094246,13.855658,13.413535
17.815166,17.562073,17.13957,16.611359,16.181503,16.130274,16.615341,18.067904,19.24596,20.878036,21.948627,23.553226,23.909515,24.496655,24.724104,25.452745,25.448038,24.86488,23.915188,23.068115,21.84654,20.595594,19.675795,18.892677,17.9103,17.86266,17.729382,16.921047,16.311298,16.33834,17.356144,18.37594,19.377655,20.849142,22.185793,23.128887,24.149717,24.68842,24.65884,25.20789,25.238323,24.378668,23.614347,23.013046,21.87974,20.628368,19.812914,19.040817
18.50779,17.95514,17.398363,17.022575,16.512552,16.239227,16.441511,17.722347,18.808805,20.291965,21.471539,23.309685,23.802025,24.402412,24.783348,25.5681,25.464167,24.986298,24.277351,23.478788,22.360558,21.225048,20.275461,19.673565,18.63117,18.210068,17.891878,17.33233,16.689293,16.366217,17.053402,17.93172,18.929342,20.330658,21.719927,22.915277,24.024628,24.51237,24.631523,25.226015,25.24789,24.530293,23.986563,23.504246,22.485909,21.32634,20.470497,19.789722
18.486034,18.15927,17.603125,16.97667,16.751377,17.017723,18.119041,19.64924,20.75824,22.320356,23.364216,24.85292,25.136204,25.656357,25.959215,26.419182,26.220486,25.469488,24.640907,23.456734,22.061708,20.877821,20.02869,19.305658,18.585669,18.473055,18.199947,17.155682,16.863665,17.279732,18.935883,20.004765,20.961351,22.374823,23.659584,24.489227,25.464653,25.951006,26.037155,26.254864,25.959452,24.94818,24.323881,23.338596,22.065315,20.868517,20.150085,19.460503
18.855919,18.38178,17.826372,17.150288,16.908138,17.06226,18.329597,20.127516,21.345121,22.785522,23.922888,25.581083,26.001392,26.415314,26.730598,27.359058,27.25184,26.462011,25.793816,24.68772,23.113014,21.580585,20.638767,19.741272,18.935741,18.660374,18.40169,17.326336,17.03167,17.327995,19.155226,20.398798,21.415825,22.770676,24.205828,25.171415,26.3002,26.67229,26.749557,27.124607,26.954292,25.913448,25.489723,24.566845,23.092506,21.562893,20.700672,19.948586
15.236632,16.368172,17.830328,20.357649,22.979822,25.132988,26.332422,28.404259,28.110723,29.097332,29.101057,28.887817,27.435965,26.089333,24.264774,21.962475,20.150583,18.839832,16.98678,16.56778,15.435954,14.6956005,13.525162,14.094606,15.17811,16.03744,17.96071,19.792042,23.377335,25.301878,27.029709,28.533133,29.053732,30.049301,29.29587,28.895107,27.051702,25.595924,23.056347,21.852888,20.882795,18.751205,16.281563,15.365118,14.515294,14.158932,13.162879,13.869453
12.816702,12.306624,11.792456,11.479373,11.196842,10.808838,10.737365,11.535843,12.771544,14.171533,15.495602,16.838734,17.423046,17.428215,17.088196,16.68249,16.183708,15.380476,14.487228,14.168025,14.046114,13.874391,13.792307,13.443089,13.032694,12.418285,12.013022,11.416653,11.302817,10.798828,11.050125,11.778152,13.066914,14.452327,15.826073,16.724607,17.611074,17.561497,17.000534,16.404493,15.988415,15.148508,14.410084,13.990202,13.913992,13.711547,13.521142,13.344844
18.36606,17.688845,16.891483,16.00436,15.347114,15.362722,16.393404,18.34995,19.927238,22.22263,24.103586,26.58305,27.317251,28.190042,28.71589,29.85385,29.655132,28.511974,27.218428,25.730375,23.714275,21.755287,20.578897,19.62705,18.264616,17.87061,17.484035,16.202524,15.308393,15.361223,17.327139,18.548931,19.896572,22.220764,24.506102,26.025106,27.73224,28.421768,28.555145,29.297474,29.14758,27.6111,26.593143,25.444946,23.585491,21.786434,20.756107,19.981995
18.894176,18.437103,18.110308,17.888868,17.757626,17.444632,17.339832,17.703236,18.717728,20.007425,21.234789,22.653456,23.38338,23.670048,23.836098,23.97604,23.598,22.983133,22.05298,20.99572,20.524513,20.104206,19.805643,19.262905,18.889294,18.384361,18.189533,17.777018,17.689487,17.246445,17.496283,17.78666,18.901747,20.061897,21.347534,22.263775,23.497305,23.690876,23.682526,23.510374,23.302015,22.625713,21.856382,20.961159,20.533596,20.156172,19.839811,19.388973
16.840614,15.927204,14.868938,13.907416,13.362652,13.45142,14.897219,17.496946,19.135788,21.17144,22.911955,25.573563,26.20892,27.005829,27.557402,29.004559,28.987144,27.914574,26.937796,25.50203,23.145178,20.672403,19.222078,18.01516,16.594606,16.043865,15.42708,14.07139,13.328399,13.586864,15.92001,17.760178,19.18063,21.140839,23.232378,24.855066,26.62386,27.082317,27.305052,28.391777,28.360619,26.936874,26.27306,25.251945,22.96351,20.768888,19.41139,18.408682
20.417662,20.106634,19.967308,19.903368,19.959867,19.740875,19.684458,19.828342,20.499386,21.27922,22.012909,22.659399,23.115519,23.172842,23.320925,23.295029,23.064466,22.611197,21.804632,20.93281,20.718863,20.631779,20.603031,20.405258,20.44762,20.073645,20.034239,19.798817,19.937658,19.703407,19.861616,20.035,20.707893,21.358805,22.126606,22.558674,23.216465,23.2312,23.309212,23.022888,22.853489,22.348074,21.686487,20.842436,20.709375,20.608805,20.593836,20.442236
22.106987,20.950844,19.213747,18.18331,17.556532,17.109093,16.26019,15.93457,15.582077,15.323729,15.158492,15.1154175,15.295925,14.255332,14.1484995,16.169643,18.051102,20.452892,22.157843,23.586887,24.166065,24.175013,23.655758,23.176859,22.63195,20.894785,18.883139,17.312258,16.83997,16.276266,15.373924,15.787611,15.014426,14.518306,14.335421,14.718502,14.751536,14.097318,14.370293,16.402697,18.940727,21.18021,22.61355,23.551727,24.356144,24.621983,23.90036,23.589964
19.273193,21.037102,22.409525,24.85994,26.993416,28.581314,28.982174,29.573326,28.523603,28.877668,27.753284,27.74876,25.798288,24.750587,22.613726,20.33538,19.181198,18.202951,17.549278,17.934807,17.349922,16.968515,16.286453,17.980627,19.31446,21.112526,23.194914,25.263548,27.824701,28.845747,29.351934,29.812075,29.697697,29.79567,28.034763,27.368122,25.488588,24.18368,21.168224,20.06767,19.1568,18.269127,16.496552,16.50808,16.21683,16.727888,16.43547,18.391342
20.735004,20.409918,20.17391,20.139273,19.939728,19.733992,19.70122,20.172674,21.321535,22.912832,24.163937,25.320435,25.696198,25.928593,25.951279,25.95997,25.445957,24.917885,23.78652,22.699038,22.225042,22.044615,21.771002,21.264406,20.854387,20.506966,20.422308,20.059246,19.936697,19.59246,19.925915,20.42846,21.583883,23.053516,24.356592,25.130487,25.866707,26.005024,25.874783,25.61438,25.258791,24.564585,23.57615,22.519697,22.207281,22.029005,21.740282,21.383562
18.844326,18.486874,17.951248,17.476507,17.084827,17.086395,17.671013,19.046446,20.09622,21.609844,22.74979,24.519636,24.9665,25.470516,25.745548,26.459187,26.33093,25.857271,24.997923,24.125067,22.748072,21.467789,20.618645,19.892824,19.07801,18.866201,18.538807,17.723333,17.144423,17.241835,18.226664,19.270342,20.093407,21.475828,22.978188,24.140848,25.201963,25.649426,25.663568,26.209864,26.077438,25.37164,24.731327,24.063347,22.766058,21.545353,20.761831,20.01423
25.666464,25.631777,25.563148,25.190624,23.808592,22.9678,22.13641,20.869558,19.748203,19.41566,18.533033,18.59558,18.929169,19.335854,19.344923,21.032305,22.361786,23.702106,24.934206,26.249104,25.924868,26.1754,25.947906,25.479515,24.335644,23.897991,23.105154,21.718204,20.69106,20.09413,19.825125,19.442808,19.40722,19.409016,20.583843,21.602339,23.469702,24.595436,25.423483,26.407999,26.948492,26.17875,26.01041,24.804712,24.0359,23.400522,22.163649,21.408215
21.645205,20.977736,20.32366,19.866817,18.801037,18.786871,19.29716,19.311028,20.038153,20.978743,22.44928,23.421673,24.165508,24.617504,25.402788,25.274073,25.151958,25.160103,25.125587,23.51149,22.65729,21.74388,21.24421,20.582726,19.92523,20.203114,20.632635,20.643608,20.951187,22.088503,22.914865,23.299294,24.179325,24.650963,25.120981,25.169985,25.346855,24.738674,24.52147,23.204014,22.567223,21.667072,21.447502,20.563828,19.823942,19.560112,20.131325,19.990967
18.786175,18.486057,17.966015,17.54041,17.030674,16.999678,17.398594,18.704565,19.740904,21.247463,22.439363,24.179607,24.531744,25.144222,25.456137,26.273748,26.194706,25.725056,24.846832,24.053627,22.834585,21.537014,20.56375,19.86948,18.89823,18.69883,18.506748,17.764225,17.180326,17.207571,18.080225,18.999636,19.85887,21.28149,22.644554,23.779922,24.774332,25.298574,25.367867,25.91304,25.935585,25.180065,24.561749,24.01751,22.853636,21.60739,20.721354,20.031616
17.680529,17.104944,16.8106,16.688938,16.52839,16.086254,16.032469,16.354725,17.428627,19.035105,20.510162,21.943092,22.663906,22.859972,23.024033,23.13387,22.672146,21.968119,20.971565,19.774855,19.235651,18.873692,18.627129,18.06513,17.753124,17.069216,16.920288,16.513248,16.411049,15.828149,16.202791,16.535559,17.701006,19.099941,20.671516,21.59792,22.806591,22.873075,22.90223,22.624302,22.33447,21.56572,20.747597,19.635473,19.219585,18.964798,18.698975,18.199194
15.31407,14.6485615,14.245006,14.072115,13.990445,13.568766,13.48125,13.798448,15.147221,17.149412,18.923624,20.68053,21.535437,21.73182,21.95681,22.076124,21.515942,20.799517,19.48948,17.686459,16.938665,16.635942,16.324562,15.63383,15.352987,14.585377,14.352856,13.821699,13.844635,13.29916,13.689367,14.0331135,15.520137,17.277824,19.15326,20.29202,21.724304,21.780783,21.860113,21.506878,21.157824,20.299622,19.154415,17.486092,16.91241,16.673674,16.371954,15.855055
14.492318,13.852694,13.537639,13.392045,13.277634,12.989436,12.834206,13.024883,13.876486,15.2520275,16.791481,18.593773,19.608932,19.992043,20.494642,20.885014,20.436382,19.668756,18.44667,16.93648,16.063538,15.506496,15.320612,14.949429,14.590453,13.864407,13.731987,13.274807,13.204447,12.81958,13.061934,13.217785,14.171629,15.413873,16.972548,18.272736,19.830135,20.068604,20.399399,20.347158,20.082436,19.137808,18.133549,16.87576,16.109293,15.63517,15.436131,15.124865
15.392433,14.837617,14.617923,14.194282,13.941029,13.875807,13.982615,14.525576,15.915016,17.616426,18.996769,20.783512,21.48241,21.923368,22.51099,23.102535,22.782932,22.090841,20.826622,19.214293,18.282509,17.433546,16.920479,16.31493,15.578885,15.14222,15.150389,14.329869,13.985936,13.927272,14.517111,14.826324,16.175426,17.696012,19.306395,20.492374,21.783796,22.157173,22.515392,22.71915,22.502834,21.499262,20.395945,19.119013,18.329767,17.459791,17.051817,16.495913
14.678133,14.021156,13.201619,12.468281,12.236689,12.577452,14.052727,15.926814,17.166933,18.712925,20.147432,22.36045,23.068481,24.110014,25.071491,26.379444,26.31385,25.472107,24.657867,22.889206,20.621378,18.37919,16.971653,15.782679,14.701642,14.266502,13.892353,12.728392,12.437043,12.960604,15.036651,16.14591,17.18731,18.773859,20.425882,21.707827,23.385628,24.271563,24.99695,25.857431,25.75008,24.567429,24.10656,22.760057,20.66116,18.542387,17.180208,16.178072
21.354837,21.304916,21.050442,20.959518,20.622541,19.576694,18.562334,17.004286,15.93935,14.653666,13.665005,12.853273,12.315489,12.227046,12.193651,13.090843,13.992582,15.0045395,16.104685,16.906954,18.240509,19.02347,19.840096,20.867628,21.106058,20.902008,20.841703,20.831774,20.372055,19.584347,18.451204,17.196993,16.049099,14.786538,13.807398,12.887692,12.808058,12.489573,12.188115,12.690256,13.982343,14.931282,15.939735,16.952215,18.169699,18.994184,19.93481,20.388731
14.576376,14.033842,13.468948,13.067305,12.729029,12.868288,13.660574,14.734002,15.417006,16.426403,17.5666,19.231699,19.934958,20.625677,21.245914,22.135338,22.015327,21.535656,20.887774,19.76989,18.289755,16.812447,15.937404,15.372501,14.7133465,14.220292,13.966951,13.25908,12.878421,13.041102,14.225262,14.882564,15.413304,16.416458,17.680506,18.851765,20.165152,20.755901,21.189533,21.757698,21.733063,20.985514,20.571293,19.705742,18.312675,16.918097,16.08715,15.588617
19.032265,18.505384,17.9785,17.94273,17.502981,17.114468,16.968386,17.153822,17.523584,18.49109,19.615625,20.924305,21.930456,22.817457,23.464859,24.125029,24.120167,24.267426,23.963335,23.168787,22.387806,21.54216,20.520947,19.868937,19.384695,18.632792,18.388502,18.229221,17.977955,17.529419,17.503918,17.472338,17.81782,18.62408,19.656223,20.699293,22.214882,22.994404,23.56953,23.897402,24.151615,24.13416,23.9761,23.426172,22.620945,21.815432,20.717484,19.859545
17.334154,16.730541,15.371091,14.502831,13.465111,12.918652,12.446144,11.68728,11.308065,10.981464,11.2033415,11.468271,12.428143,13.514459,14.40602,15.593234,16.648355,17.5196,18.179914,18.470497,18.739109,18.375723,18.291368,18.075462,17.424166,16.295368,15.430229,14.461306,13.686764,12.906381,12.421971,11.918459,11.473361,11.224942,11.24049,11.50055,12.691658,13.608532,14.471098,15.315554,16.358894,17.125095,17.86088,18.424751,18.448542,18.610403,18.076168,17.986843
18.136208,17.786797,17.264242,16.681852,16.522064,16.738745,17.819054,19.527617,20.823654,22.3826,23.578884,25.132696,25.335321,25.782383,26.060314,26.466757,26.259146,25.426142,24.465128,23.352682,21.935394,20.562454,19.783936,18.9966,18.3092,18.257198,17.99871,16.880596,16.684542,17.062666,18.692062,19.93739,21.074656,22.478611,23.930597,24.77164,25.704582,26.073696,26.15129,26.400196,26.073296,24.87428,24.16458,23.211594,21.946041,20.618979,19.985374,19.223831
16.120272,15.414576,14.84552,14.43585,14.669529,15.546061,17.385593,19.274002,20.707027,22.11522,23.28319,24.904602,25.06261,25.328327,25.644302,25.910536,25.497108,24.69814,23.729366,22.112288,20.396442,18.664917,17.717106,16.818035,16.204561,15.793677,15.640501,14.608427,14.895571,15.927757,18.270798,19.755535,20.975042,22.275244,23.57246,24.469559,25.47949,25.646622,25.707718,25.773787,25.259377,24.15504,23.385372,21.93149,20.33072,18.716549,17.830524,17.204685
18.60597,18.008533,17.533054,17.108734,16.484592,16.300768,16.613943,17.905327,19.208843,21.210918,22.849613,25.477491,26.462002,27.285988,27.982649,29.418789,29.365673,28.830532,27.521067,25.797327,23.921295,22.135332,20.81978,19.987297,18.83243,18.29224,18.234016,17.421263,16.622993,16.54042,17.493107,18.360264,19.469652,21.21378,23.071074,24.898153,26.756668,27.459538,27.87336,28.884243,29.052786,28.085629,27.022,25.803787,24.020718,22.268188,21.040947,20.206398
15.000733,14.426081,14.005583,13.610413,13.23392,13.132324,13.314613,14.158897,15.955107,18.396324,20.178633,22.589481,23.367275,23.78964,24.16168,25.201693,24.94829,24.228308,22.628305,20.578033,19.17175,17.930124,16.927616,16.084208,15.102839,14.630252,14.538491,13.696705,13.156077,13.062096,13.946159,14.566681,16.235052,18.38469,20.365496,21.931044,23.533224,23.901777,24.010979,24.599985,24.565214,23.475489,22.000013,20.384434,19.171907,17.971153,17.090147,16.38431
13.830319,13.081296,12.730775,12.555684,12.548346,12.221558,12.105588,12.335891,13.344988,14.87468,16.596,18.755085,19.883255,20.384533,21.058136,21.629839,21.208881,20.440863,19.169842,17.29183,16.11856,15.247043,14.88734,14.354684,13.906228,13.0867605,12.942076,12.442721,12.438452,12.045654,12.330501,12.474597,13.616976,15.032646,16.843712,18.32195,20.108006,20.409435,20.87814,21.007053,20.813137,19.876083,18.770164,17.224556,16.142263,15.37539,15.019935,14.580478
17.591705,16.831078,15.973007,15.4558525,14.846549,14.515165,15.255753,17.572948,19.197296,20.748003,22.316595,24.991407,25.791595,26.637377,27.125385,28.381844,28.34766,27.942741,27.22978,26.161144,24.239788,21.736364,19.900772,18.700836,17.513893,16.989552,16.502966,15.705013,15.004845,14.764251,16.161652,17.915031,19.246658,20.718445,22.588253,24.459244,26.175743,26.669785,26.752213,27.728333,27.886515,27.247444,26.839634,26.186852,24.221624,21.88253,20.02115,18.978716
27.102522,25.815496,23.683718,22.13507,19.0296,18.45711,16.735424,16.330227,15.112254,16.704222,20.0486,22.973658,26.648197,28.94041,32.881416,35.037495,35.220276,35.69968,35.360863,34.521465,32.262398,31.619133,30.098442,27.957092,26.210766,24.512743,23.577333,20.661535,19.228867,17.74475,16.582027,15.970194,14.901075,17.832108,21.00774,24.491613,28.087633,30.491726,33.395164,35.20629,35.440975,35.865444,36.108604,35.44203,32.77677,32.7631,30.262032,28.089901
19.079163,18.541618,17.728886,16.913864,16.427212,16.5119,17.904213,20.378231,21.906488,23.887897,25.340685,27.812466,28.275616,28.682138,29.015875,30.178019,30.139961,29.316109,28.426285,27.142353,24.933533,22.846672,21.500946,20.37159,19.208172,18.955753,18.594961,17.320377,16.560062,16.893757,19.026888,20.827206,22.024717,23.795012,25.726448,27.154684,28.54052,28.917038,28.947706,29.88302,29.812237,28.614338,27.984589,27.018278,24.933613,22.794855,21.635271,20.606413
17.322557,16.65203,15.779625,14.92363,14.897611,15.557497,17.464369,19.951378,21.884668,23.8685,25.460083,27.273582,27.40903,27.661623,27.775387,27.808084,27.10917,25.791561,24.65128,23.293049,21.542643,19.812094,18.956696,17.979761,17.207989,16.925114,16.392239,14.796713,14.910703,15.797783,18.490683,20.356625,22.16966,24.208351,25.972488,26.916517,27.990059,28.005102,27.780197,27.602844,26.712944,25.03244,24.208164,22.969704,21.352077,19.808563,18.998545,18.38394
17.461948,16.908709,16.414999,15.971258,15.562908,15.531496,15.731005,16.668344,18.012922,19.908766,21.343773,23.510458,24.237488,24.822077,25.37844,26.484158,26.314816,25.621235,24.20703,22.52811,21.14615,19.974277,19.161358,18.564802,17.665222,17.266054,17.069094,16.201832,15.613415,15.649017,16.389486,17.00417,18.277119,19.984413,21.635366,23.044003,24.497913,25.015442,25.349249,26.056257,25.97042,24.882635,23.652483,22.403502,21.1818,20.028973,19.390572,18.851418
16.395683,15.7386465,15.318241,15.101489,14.59669,14.414829,14.419035,15.092262,16.09998,17.623571,18.992825,21.009623,21.942125,22.666245,23.449152,24.486444,24.30791,23.868164,22.652166,21.146482,19.908941,18.900892,18.035868,17.500698,16.637486,15.973565,15.828219,15.322805,14.770867,14.549976,14.951737,15.306585,16.20857,17.625818,19.162283,20.754705,22.320927,22.944002,23.43718,24.065304,24.043451,23.273104,22.320675,21.19367,20.112026,19.0385,18.214094,17.628805
17.751213,17.378424,16.825409,16.24118,16.0056,16.288694,17.433407,19.091331,20.240368,21.69926,22.741697,24.276484,24.621569,24.972538,25.256895,25.976679,25.728643,25.000004,24.222538,23.009804,21.344439,19.929066,19.104641,18.369154,17.682892,17.521917,17.260992,16.234161,15.877989,16.364183,18.159782,19.39387,20.32888,21.702621,22.992336,23.883228,24.892347,25.1683,25.268574,25.698063,25.402042,24.42068,23.784693,22.76514,21.240389,19.95691,19.198984,18.684229
17.261097,16.67252,16.137543,15.527811,15.341788,15.496761,16.869188,18.723497,20.039759,21.430689,22.725903,24.478228,24.883799,25.368025,25.80579,26.563631,26.46038,25.631641,24.899109,23.62742,21.913845,19.991596,18.94813,17.987288,17.132856,16.799534,16.655245,15.638538,15.34535,15.610108,17.66672,19.022615,20.086504,21.359976,22.921087,23.92878,25.189425,25.495872,25.729294,26.182043,26.10009,25.026865,24.449923,23.401842,21.747818,20.002533,19.037663,18.270397
17.860939,17.298115,16.629934,16.076557,15.587958,15.572651,16.568647,18.513012,19.800037,21.262709,22.498653,24.679306,25.272194,25.885824,26.314936,27.463041,27.384575,26.849537,26.199827,25.126192,23.303797,21.23039,19.757935,18.731287,17.731054,17.452202,17.21183,16.355621,15.687106,15.821808,17.384417,18.817936,19.870024,21.253527,22.75549,24.187965,25.555086,25.950968,26.049917,26.941202,26.95891,26.200935,25.783386,25.059107,23.215473,21.306768,19.88578,19.036777
19.055412,18.537525,17.970575,17.342213,17.000439,16.964647,17.899918,19.554966,20.764193,22.427256,23.764576,25.874115,26.516308,27.07615,27.588463,28.836275,28.867989,28.076315,27.12466,25.69955,23.821127,22.014675,20.96026,20.097214,19.132915,18.837296,18.63635,17.644123,16.985971,17.176884,18.751026,19.89787,20.881804,22.34241,24.092432,25.42042,26.898142,27.335842,27.552988,28.468552,28.506752,27.391232,26.61533,25.61228,23.85927,22.12411,21.233135,20.39427
18.947504,18.490591,17.952705,17.446415,17.009838,16.91058,17.329903,18.799408,20.067266,21.981865,23.45979,25.654915,26.247192,26.791061,27.283796,28.4574,28.294312,27.481136,26.173374,24.759962,23.084034,21.701586,20.826544,20.080538,19.06994,18.782986,18.613071,17.671158,16.973894,17.038307,18.16383,19.164942,20.241535,21.97065,23.743431,25.193348,26.599884,27.046827,27.193275,28.05819,27.986284,26.758326,25.625782,24.632572,23.055515,21.701447,21.009645,20.354715
17.970764,17.66592,17.110806,16.599365,16.238396,16.267797,16.907513,18.526724,19.7514,21.319956,22.436083,24.278233,24.600937,25.146805,25.418428,26.1932,25.90751,25.116177,24.123247,23.193987,21.79705,20.526697,19.718964,19.053534,18.088634,17.939182,17.7287,16.880013,16.325596,16.450787,17.64575,18.878101,19.977615,21.431622,22.772951,23.823566,24.876776,25.359737,25.417154,25.930834,25.674963,24.576262,23.797287,23.15255,21.80868,20.555609,19.901785,19.317928
17.748974,17.359192,16.77327,16.169687,16.01727,16.07313,16.66287,18.165277,19.553604,21.223967,22.416182,24.194208,24.649319,25.04163,25.427773,26.090612,25.848026,24.921152,23.752527,22.465729,21.102571,20.076902,19.421076,18.656866,17.860558,17.685944,17.385914,16.277828,15.964323,16.183887,17.42301,18.503426,19.789436,21.369513,22.867868,23.930248,25.040127,25.388817,25.512764,25.912792,25.637747,24.309048,23.338066,22.323622,21.149435,20.056053,19.600956,18.96035
18.17664,17.609222,17.126364,16.77255,16.176691,16.057425,16.29759,17.415997,18.452135,20.117882,21.6221,23.98962,24.767311,25.475285,26.229677,27.599026,27.534584,27.074535,25.775688,24.187744,22.533077,20.986958,19.891521,19.397247,18.42044,17.910887,17.794485,17.099138,16.326937,16.27432,17.082405,17.80412,18.62015,20.054188,21.814165,23.571297,25.091885,25.695894,26.166332,27.098854,27.201744,26.332273,25.285103,24.165056,22.62205,21.092802,20.15718,19.590675
17.752417,17.013714,16.499626,16.239286,15.730533,15.470402,15.406569,16.296314,17.380018,18.762169,19.99678,21.828108,22.616316,23.235409,23.869017,24.786205,24.709421,24.363668,23.372269,22.23448,21.253511,20.25227,19.334034,18.82293,17.958855,17.22854,16.989475,16.484367,15.953651,15.639957,16.002897,16.530598,17.487589,18.809769,20.192,21.609425,22.954458,23.455475,23.840534,24.429672,24.57958,23.875227,23.11473,22.357153,21.513012,20.434883,19.515388,18.898245
15.75159,15.302696,14.849166,14.535915,14.889559,15.804318,17.105778,18.459497,20.38594,22.387577,23.75005,24.995274,24.977272,25.187351,25.548271,25.527996,24.816298,23.840546,22.135384,19.831495,18.536814,17.393818,16.697054,15.933527,15.576706,15.40165,15.393915,14.367048,14.906042,15.999238,17.93089,18.982634,20.678106,22.502094,23.942045,24.636417,25.351856,25.430794,25.444916,25.231674,24.460897,23.17136,21.721766,19.642744,18.554655,17.454525,16.896147,16.372007
19.17662,18.66764,18.048012,17.5109,17.158009,17.065779,17.435736,18.695824,19.796198,21.20813,22.272026,24.011398,24.554749,25.085846,25.434305,26.27652,26.276197,25.674213,24.84123,23.923561,22.74752,21.56167,20.71724,20.116154,19.260838,18.907139,18.541578,17.764856,17.294933,17.25406,18.115618,18.97613,19.95502,21.230612,22.523094,23.621157,24.777668,25.255327,25.377033,25.970417,26.011211,25.187046,24.517132,23.864231,22.767414,21.576832,20.861378,20.250345
18.662464,18.08181,17.453636,16.795471,16.284735,16.262291,17.287193,19.1738,20.435137,21.926401,23.332266,25.504066,26.048473,26.64739,27.15609,28.239021,28.22205,27.738552,27.049963,25.816614,23.979069,21.892357,20.528622,19.56802,18.636017,18.29986,18.05686,16.987978,16.325073,16.41741,18.090765,19.518667,20.507423,21.864607,23.575481,24.997328,26.306921,26.691973,26.952065,27.72327,27.841444,27.05678,26.602688,25.699158,23.925003,22.029764,20.779438,19.928251
19.447752,18.90387,18.337885,17.758871,17.295755,17.304659,18.215519,19.913284,21.060005,22.68086,23.990849,26.035707,26.586191,27.12891,27.641613,28.599144,28.458256,27.769035,26.920658,25.719484,24.071617,22.463844,21.408638,20.537794,19.589174,19.245707,19.021439,18.018139,17.405558,17.556328,19.016018,20.17726,21.214527,22.639008,24.24564,25.47353,26.791239,27.28542,27.521027,28.20758,28.068268,27.103031,26.52037,25.642643,24.076288,22.470978,21.58304,20.70322
19.101543,18.54633,17.903305,17.426449,16.947432,16.845293,17.79243,19.508446,20.624191,22.157883,23.452745,25.560253,26.09293,26.677446,27.107931,28.201021,28.125698,27.599699,26.824282,25.549873,23.804207,22.078987,20.893173,20.072395,19.185688,18.871588,18.61402,17.755009,17.047062,17.120842,18.58105,19.845701,20.76911,22.147232,23.753756,25.116247,26.396688,26.84029,27.041365,27.863935,27.804342,26.987007,26.421478,25.488674,23.801067,22.189863,21.122599,20.34717
18.517414,18.09337,17.545946,17.117485,16.599367,16.681608,17.362087,18.915512,20.106617,21.683197,22.777758,24.518366,24.958857,25.588097,25.858532,26.56074,26.387764,26.003819,25.275412,24.539036,23.25949,21.870699,20.708975,19.783182,18.725107,18.472227,18.240807,17.510962,16.840986,16.916168,18.081812,19.155195,20.161572,21.71167,23.057055,24.108015,25.160698,25.755657,25.780657,26.299498,26.209883,25.59881,25.13662,24.547087,23.32284,21.959545,20.831427,19.991337
19.24876,18.632895,18.00357,17.501892,17.051397,16.964712,17.876148,19.566011,20.708002,22.182735,23.45938,25.489656,26.099764,26.684547,27.172672,28.22346,28.11253,27.476915,26.801596,25.688173,24.012249,22.305054,21.187548,20.334648,19.372158,18.917887,18.619831,17.786102,17.20987,17.257048,18.67142,19.846922,20.86514,22.23975,23.760475,25.05106,26.407299,26.8709,27.080008,27.851381,27.75483,26.852306,26.444134,25.65869,24.051638,22.38882,21.33119,20.498678
18.716673,18.200089,17.595543,16.99792,16.631092,16.678238,17.64606,19.47235,20.67079,22.13656,23.430683,25.33607,25.722782,26.273073,26.716099,27.581034,27.500662,26.932785,26.208956,25.144043,23.422798,21.729635,20.649448,19.743267,18.752373,18.514757,18.258,17.218052,16.739346,16.894852,18.478886,19.80083,20.772894,22.133621,23.685196,24.945793,26.0169,26.43303,26.566877,27.202122,27.186539,26.299768,25.842611,25.01649,23.391827,21.814255,20.80375,19.9775
17.96726,17.75443,17.35454,17.055916,17.048126,17.19222,17.8591,18.845972,19.707588,20.747536,21.596188,22.497358,22.664114,23.062822,23.111698,22.946156,22.496647,21.782764,20.991508,20.339674,19.707056,19.147047,18.784912,18.383877,18.04791,17.986639,17.713686,17.072994,17.147802,17.388733,18.339182,19.117989,19.952944,20.956436,21.881365,22.372318,22.95815,23.235544,23.068121,22.812405,22.280024,21.433596,20.86296,20.26867,19.66293,19.135529,18.85218,18.47558
18.275593,17.715204,17.104397,16.371477,16.311129,16.870909,18.443302,20.528458,22.433323,24.749557,26.441814,28.521832,28.988964,29.52983,30.179554,30.799936,30.177198,28.762682,27.100452,24.872557,22.692314,20.8419,19.955866,19.08192,18.299051,18.035162,17.830591,16.247665,16.179108,16.995712,19.486336,21.0184,22.71909,24.91695,26.859385,28.03754,29.484676,29.934624,30.240658,30.439625,29.704985,27.81484,26.41199,24.48979,22.5857,20.87249,20.165575,19.543215
19.405626,18.2344,16.726397,15.457161,14.669391,14.6564665,16.137695,19.128809,21.604044,24.549099,26.869131,29.87322,30.482285,31.706717,32.177994,33.08348,32.564648,30.951921,29.684872,28.298347,26.34328,24.289978,22.873411,21.374739,19.386683,18.593739,17.42091,15.721885,14.936694,14.858499,17.351698,19.330475,21.723799,24.764305,27.475058,29.144733,30.954372,31.899426,31.907412,32.44124,31.805706,29.870478,29.11052,28.037807,26.255793,24.283052,22.871372,21.636656
17.61286,16.767292,15.54009,14.3269205,13.556958,13.459137,14.664511,17.679739,19.594666,22.311216,24.460634,27.648102,28.540869,29.297089,29.770428,31.526142,31.627087,30.37732,29.014086,27.426487,24.61361,22.063435,20.509464,19.08283,17.38168,16.984352,16.285273,14.548743,13.341481,13.46672,15.854295,17.941559,19.554258,22.255302,24.890272,26.962757,29.143993,29.580868,29.495384,30.903168,31.0279,29.276749,28.222319,27.108873,24.413876,22.103323,20.753014,19.631983
12.79032,12.363316,12.019768,11.788469,11.580521,11.257007,11.235459,11.837716,12.969469,14.384417,15.6335945,16.961088,17.501143,17.694902,17.609333,17.509272,17.060474,16.451893,15.609307,14.929148,14.574035,14.216244,13.937736,13.446058,12.953683,12.435405,12.205679,11.7792,11.619064,11.161629,11.496794,12.006419,13.176661,14.529314,15.868887,16.69629,17.610731,17.797127,17.51765,17.160486,16.81724,16.137243,15.42531,14.797089,14.492772,14.143826,13.821381,13.474616
16.792881,15.686144,14.683752,13.79529,12.773863,12.217272,12.716153,15.147442,16.80735,18.919724,21.056217,24.393026,25.836935,27.254642,28.397749,30.158194,30.318539,29.397255,28.380676,27.101906,24.781965,21.833698,19.614866,18.326206,16.705658,15.852266,15.348623,14.132204,13.055385,12.405743,13.924528,15.432562,16.844194,18.890522,21.405354,23.801006,26.476742,27.346298,27.936579,29.259636,29.722195,28.322784,27.76847,27.047394,24.88224,22.11717,20.078287,18.686476
19.844818,19.088778,18.081821,17.036867,16.330523,16.328447,17.908247,20.570011,22.061426,24.00873,25.706606,28.598532,29.453669,30.240005,30.704292,31.975405,31.775581,30.808838,29.94933,28.543829,25.98197,23.488869,21.994465,21.077112,19.853676,19.458496,18.911997,17.453068,16.467836,16.629475,19.046337,20.934898,22.17665,24.058432,26.238474,28.107283,29.916681,30.525158,30.602442,31.566093,31.416277,30.079819,29.436241,28.319977,25.871004,23.514961,22.2142,21.49564
17.545929,17.109112,16.641567,16.13294,15.761258,15.608778,16.187426,17.726658,19.157547,21.206697,22.822601,24.839153,25.32301,25.677448,25.678667,26.090126,25.813711,25.008318,24.069582,23.044153,21.683899,20.419113,19.533184,18.552404,17.555454,17.302593,17.08675,16.21308,15.790909,15.615356,16.861782,17.95104,19.264101,21.194082,23.10804,24.350706,25.549982,25.775948,25.486624,25.71893,25.50129,24.460867,23.74143,22.892523,21.634739,20.386417,19.553932,18.783436
17.498083,16.930561,16.459305,15.867662,15.2709255,15.052112,15.584119,17.180944,18.822676,21.093107,22.7978,25.274857,25.99553,26.4523,26.871689,28.013174,27.867474,27.106472,25.741545,24.095976,22.342476,20.629616,19.50302,18.696323,17.62733,17.12988,17.064436,16.05804,15.162962,15.0428705,16.377087,17.600918,19.013311,21.033775,23.105911,24.690472,26.267235,26.622007,26.729704,27.458115,27.496784,26.347006,25.141464,23.955462,22.343496,20.699764,19.69974,19.006386
17.552494,16.328869,15.448063,14.870699,14.004266,13.421252,13.267194,13.982803,15.4202175,17.44095,19.401035,21.647621,22.925068,23.800394,24.62948,25.716991,25.886341,25.682285,24.717308,23.189226,22.130331,20.915483,19.648832,18.858389,17.735643,16.532848,16.00473,15.321251,14.546467,13.737505,14.11191,14.400688,15.68675,17.45892,19.522097,21.303473,23.377214,24.12128,24.59334,25.22192,25.725008,25.18457,24.398483,23.187061,22.307028,21.111618,19.862045,18.838676
20.340101,20.047232,19.944403,19.936283,19.839947,19.532715,19.57956,19.826527,20.630825,21.898947,23.06975,23.991013,24.394485,24.468527,24.503977,24.341831,23.948812,23.472078,22.701889,21.739328,21.309853,21.15637,21.023092,20.61561,20.45222,20.111782,20.133354,19.831913,19.861324,19.447985,19.739218,20.04801,20.959957,22.084137,23.20615,23.774271,24.500753,24.483818,24.441923,24.102863,23.829948,23.235035,22.607395,21.621716,21.283783,21.13268,20.990864,20.65984
17.506266,16.809822,15.863293,15.109335,14.6187315,15.000159,16.562351,18.633133,20.059746,22.177027,23.85453,26.39187,26.992542,27.91711,28.460604,29.657852,29.485035,28.81285,28.070831,26.358376,23.955214,21.639513,20.060347,18.836023,17.486757,17.011826,16.539373,15.378799,14.777545,15.304371,17.575726,18.891573,20.09698,22.189215,24.136139,25.593733,27.195166,27.955015,28.217592,29.089603,28.998837,27.999329,27.534275,26.203783,23.937435,21.760738,20.20389,19.136082
18.624882,18.200872,17.592354,17.08411,16.77095,16.730186,17.294224,18.673246,19.824797,21.361162,22.54487,24.456423,25.022823,25.60977,26.055347,27.000498,26.868908,26.170933,25.237,24.077763,22.632952,21.278204,20.384073,19.61319,18.768692,18.514744,18.241724,17.323305,16.809809,16.922594,18.03264,18.967657,19.982878,21.378078,22.837673,24.048372,25.34854,25.816563,26.039684,26.69206,26.614101,25.5871,24.85541,23.998936,22.660488,21.361618,20.593996,19.856674
17.874233,17.271772,16.653639,16.047314,15.631479,15.614495,16.606941,18.301146,19.467537,20.760046,21.950335,23.829998,24.313805,24.871134,25.264359,26.178885,26.123367,25.586245,25.08617,24.105726,22.579624,20.762114,19.596926,18.70709,17.808235,17.422977,17.09933,16.264832,15.75329,15.812026,17.318089,18.55524,19.587278,20.808104,22.220232,23.347303,24.532137,24.927128,25.078243,25.743887,25.704733,25.006447,24.713266,24.012253,22.48381,20.826117,19.732504,18.993105
16.587715,17.677952,19.07688,20.888994,22.77064,23.95057,24.597807,25.625431,24.994051,25.549498,25.214844,25.169636,24.193378,23.936111,22.571701,20.59879,19.142525,17.910076,16.810858,16.384441,15.677385,15.342112,14.977482,15.846977,16.70234,17.862045,19.517628,21.011805,23.143799,24.118984,25.071613,25.694944,25.881248,26.287947,25.627054,25.260378,24.223799,23.473043,21.486084,20.486008,19.328163,17.820137,16.029383,15.506741,15.041916,15.195764,14.91419,15.499638
15.357492,14.805094,14.259056,13.622681,13.390812,13.669599,15.311602,17.484669,18.827068,20.30885,21.572052,23.381258,23.621693,23.848597,24.08093,24.811758,24.646479,23.926094,23.28698,22.068607,20.14172,18.171633,17.018024,16.033329,15.238898,15.038769,14.882696,13.777817,13.361747,13.832982,16.175653,17.842224,18.858355,20.259907,21.832891,22.867851,23.967487,24.023754,24.05215,24.543991,24.33651,23.354404,22.830057,21.788658,19.902851,18.13886,17.079014,16.426771
18.334808,17.764622,17.326097,16.956478,17.280516,18.200043,19.46044,20.868444,22.150703,23.702291,24.873688,26.110453,26.283075,26.57537,26.850449,26.6666,26.199715,25.537825,24.262701,22.666513,21.395544,20.295788,19.686659,19.01201,18.504595,18.080357,17.921919,17.002995,17.407442,18.398808,20.18758,21.23273,22.426525,23.796307,25.083065,25.765173,26.661137,26.901955,26.816545,26.489855,25.948975,25.002748,24.00235,22.579245,21.495468,20.355421,19.89648,19.282734
18.949799,18.477615,17.846905,17.29013,17.010098,17.150734,18.039158,19.471066,20.474504,21.728405,22.685574,24.290401,24.69283,25.205303,25.648714,26.293497,26.086285,25.590157,25.07239,24.14917,22.851168,21.641823,20.739416,19.885136,19.08472,18.82282,18.468283,17.5481,17.119421,17.392904,18.666603,19.633879,20.524113,21.726234,22.929756,23.909393,24.939457,25.396618,25.603863,26.0584,25.833868,25.126953,24.82735,24.116707,22.883858,21.677668,20.852552,20.027227
17.243889,16.312632,8.95853,17.079872,13.066414,15.94762,18.252651,28.387856,27.266298,42.650116,58.474422,67.24335,59.616066,60.671272,62.01561,82.18215,83.1547,79.6313,62.88472,51.748222,30.051159,26.826445,28.377077,30.911484,17.79456,18.737993,15.296856,18.494658,11.273109,17.28299,20.078962,31.407095,29.281662,38.122837,45.255215,54.914032,53.213257,60.489525,61.900513,78.646255,72.80702,64.90329,45.651352,37.54939,16.53471,21.60632,23.89866,26.604706
14.497047,10.287762,18.110765,27.374352,22.739347,12.309208,20.184393,31.109888,44.14118,56.290573,65.035164,73.32341,66.44481,58.18061,59.418205,76.08111,75.04289,69.38532,59.662083,42.48677,35.90316,24.275433,19.954754,24.794914,23.006388,9.841522,8.921627,21.510904,15.865185,11.336664,30.459984,43.538647,55.03488,54.889282,56.466766,54.025253,59.03554,62.60933,67.59947,82.25719,73.317604,61.329124,50.78981,42.982166,40.409904,27.313177,21.571672,23.7676
16.003185,16.435106,18.328238,20.860907,18.96886,26.371119,30.382568,35.750713,29.433739,38.495354,41.0027,37.701263,35.811253,41.12374,46.877735,53.891083,57.817993,53.31478,41.17164,37.93103,22.937477,21.985645,18.466892,18.424486,11.229536,13.128525,22.290827,21.478212,19.759764,24.570633,32.42744,40.618248,30.704487,39.489677,35.405987,35.25538,33.86276,42.053684,49.899754,55.16742,57.17988,53.007057,44.415707,38.65566,25.395615,27.773336,24.976715,23.641237
15.82589,19.583633,5.6461487,10.622047,6.40464,19.883217,33.74317,21.0668,25.569752,42.421368,55.01871,74.07191,77.272316,98.2202,105.163574,139.07858,132.80595,127.92282,104.07608,87.57192,63.675877,49.77043,44.769188,46.114246,33.55689,29.629265,17.438046,19.32307,6.1142654,12.754417,19.684052,24.63881,18.058552,33.251095,37.614906,51.35366,68.0978,87.71361,101.606705,120.55086,116.136154,109.59291,80.75659,74.09456,47.44231,57.086117,38.87344,48.87396
396.83014,308.59976,270.6249,204.2612,319.82623,426.451,660.6822,787.8278,788.41956,680.2747,630.4465,548.883,524.88104,518.6718,679.5928,733.0841,754.65656,623.7558,722.67474,669.50165,523.2059,272.25674,249.58313,283.2977,325.8753,303.2344,203.25928,146.09271,343.31757,537.21674,779.14087,678.9578,572.8872,374.3252,319.44797,211.74457,340.25256,452.6181,605.8611,605.3078,590.7704,498.77002,502.8617,440.7699,403.4779,246.75137,279.73886,291.2917
25.861298,32.46823,33.480083,23.515396,29.408794,50.370853,71.32175,131.85226,150.62076,148.31529,134.03018,123.963554,101.27426,106.88851,118.8018,134.43558,141.57587,124.1902,108.913734,105.761475,71.91692,40.93716,27.570927,30.126526,17.884476,38.136658,29.494072,17.325855,29.29095,72.06884,101.630844,141.80536,147.11136,137.85815,116.70842,93.545,88.61524,112.79338,133.58026,150.00635,138.10928,112.79274,102.33681,113.51718,77.64339,47.890373,37.883354,28.708595
54.176517,55.25139,55.385376,49.25493,53.14813,60.19596,52.073303,74.26369,92.54043,111.899826,128.82794,146.81012,163.92625,183.1362,195.22804,189.47276,202.80225,205.6435,185.9988,171.36894,171.8292,154.32283,110.52344,96.705864,86.46972,68.446724,38.689117,25.703114,34.968006,31.76339,25.601166,52.02521,74.334946,81.83837,92.189415,117.903076,148.64932,181.7048,200.36545,187.3579,189.71565,201.76434,187.35898,178.56548,181.09909,168.90768,143.7667,116.29142
48.042435,46.835796,39.576637,45.53945,33.911987,46.5432,45.76722,57.33171,67.708435,88.59316,82.047356,101.793205,104.85979,117.56204,132.08864,142.93811,136.99188,160.5457,159.16376,152.5649,138.9467,141.19872,116.91615,103.43918,81.8116,72.3963,58.469933,58.514107,58.322697,59.719913,30.32576,35.590416,35.206573,43.94806,17.91661,30.591621,28.001617,41.987335,41.1894,42.62049,35.721375,54.8508,68.08951,77.26533,76.7391,97.94335,80.33566,79.89118
107.82548,78.01562,75.88701,60.744194,81.93124,119.81216,212.68082,259.6547,232.97487,174.10648,158.5148,117.86158,97.42855,87.89198,134.03625,155.30913,155.46591,91.00591,137.0431,136.72134,99.539795,31.937904,58.765984,69.161125,80.76638,67.46543,43.88658,35.452057,85.49491,145.33665,248.482,249.3616,192.90239,111.965065,98.380585,64.07726,79.840294,94.41868,151.81606,143.94467,123.246956,83.56622,115.928024,106.30455,83.50383,39.970207,65.22909,74.03794
29.615953,21.611685,14.6335335,10.645,9.547981,13.330826,26.898676,40.80771,50.566814,50.35993,46.36916,55.960533,60.4573,61.59716,73.21005,93.05114,85.30688,70.3383,68.85881,63.582726,55.753376,40.252983,30.041548,21.545326,15.18848,8.630653,4.4430313,12.709682,11.705242,18.15721,21.415377,25.160921,31.901167,36.311577,36.67962,43.78262,61.322628,66.94509,73.24277,87.55994,76.01352,65.81048,55.096806,60.34068,47.596912,36.71806,30.398449,35.063
34.758545,32.441105,15.32114,24.627491,25.636185,30.307293,33.21288,40.56675,29.800274,42.71392,30.967468,49.583176,51.52083,57.84887,55.65599,69.14328,68.715866,76.92761,77.109184,72.812325,69.049,74.71174,61.23622,65.00253,47.019875,36.036633,27.82859,36.457386,19.477497,23.871014,19.732815,18.768402,10.020729,18.01223,5.362171,15.611282,20.534111,18.88636,-1.8684311,7.9674683,14.647221,28.046642,26.868118,40.366314,39.326572,55.69793,48.96488,62.102364
31.829218,17.419296,12.267429,19.56808,5.5210876,-1.6235657,0.88303375,-1.3879204,-1.4562759,22.069939,28.045673,42.498848,58.908066,64.458206,81.49472,105.122284,114.42369,99.95224,86.77509,73.45197,59.89025,38.551933,22.901474,38.55684,26.690386,6.050335,0.6742325,5.991379,0.60230637,-5.589226,3.6118164,-1.7535172,5.9340935,12.538795,11.511864,18.809277,46.426235,68.67849,85.8817,102.73541,100.826416,90.3949,81.99681,69.84706,56.217777,40.03617,30.104479,30.413876
108.46641,126.32213,121.89533,92.95293,90.2152,156.30649,155.81206,165.30641,204.40292,230.79984,238.54202,273.43143,312.50372,360.06052,402.42276,411.12775,437.04657,460.51733,455.76624,400.2697,375.96988,344.93768,275.95837,227.4993,172.7027,137.81335,115.42003,78.52684,80.113525,100.81318,101.66043,76.24208,114.89297,155.59608,172.63693,198.77713,272.5805,343.1228,358.82593,334.935,365.03113,425.26398,420.33716,368.2439,363.57318,327.81555,296.86224,267.54498
43.350525,47.3244,31.425781,10.634346,23.359215,41.335987,58.125793,65.55008,93.93597,105.497696,108.52659,107.949615,110.62628,133.98903,141.62279,159.07404,169.05603,155.86697,133.1426,114.87603,107.48134,80.537704,72.068695,51.52819,37.702072,44.276653,25.088844,8.849007,25.90802,52.081726,49.83775,36.2049,48.463207,55.9718,66.6872,68.89039,104.846375,135.71422,140.4645,145.80402,148.38513,139.37042,116.07176,107.845924,89.519196,80.52492,66.04785,53.41063
15.724499,29.84673,39.17148,41.815346,40.551422,34.51174,46.721024,51.563103,62.155735,60.74314,77.69733,92.354034,71.66713,68.79244,72.65234,70.44507,46.94794,52.745193,50.511467,33.06333,29.395681,22.360332,25.85841,16.77811,6.797161,10.671982,20.306015,24.71484,25.362019,32.556244,44.370552,68.262115,78.67507,75.46744,80.64395,81.0355,78.11416,72.88093,93.11148,83.25251,74.21981,73.433334,67.43043,61.43645,37.941795,35.118195,32.169476,26.196827
32.14325,23.106796,21.40723,16.88536,22.511618,23.020666,20.88755,25.336563,36.917664,39.255627,38.904713,51.091927,56.333332,51.997086,53.879604,63.118576,81.580025,75.14105,64.700455,56.312126,52.938667,45.909023,34.2985,31.411568,27.525612,26.151196,19.193953,9.445425,23.54503,25.242222,24.209534,24.454971,34.979576,37.329517,35.547245,47.297012,53.53778,52.999275,53.97056,62.550575,71.63791,64.97397,58.24642,52.606747,54.267582,46.006454,38.210575,35.82978
51.473717,57.72999,36.6904,19.599419,38.948246,62.690647,84.64834,88.71946,89.76815,107.4126,120.04022,112.53769,103.379425,136.9899,180.62903,208.61015,194.45366,180.06238,181.16309,144.79767,96.85413,61.227875,49.625465,32.254395,32.38162,44.038906,30.143997,30.287495,54.70101,88.50994,99.68422,74.6514,67.15128,78.2916,108.14339,105.69895,122.88466,159.97092,192.67703,207.64484,186.18932,176.75055,178.19171,137.66284,83.68113,66.11954,78.64859,64.35043
51.38216,41.89281,38.367905,34.324394,68.74745,79.79753,85.61548,84.92519,95.54803,110.25897,112.89652,116.53922,116.11023,108.40739,101.67651,88.55811,94.83661,94.73603,101.75308,97.42459,114.29185,121.70202,100.00125,84.75556,63.39834,65.34875,42.11689,34.225594,48.42,47.897434,58.475983,55.128414,75.459366,97.822685,110.125015,123.68174,150.43527,152.62444,149.85625,147.6276,175.49884,157.12927,138.50282,119.66324,133.94614,138.31027,127.83425,112.52888
33.064575,29.002342,27.456093,17.550354,6.9520645,21.353714,29.14746,51.200176,90.78526,132.01569,155.47418,179.18857,166.99014,152.29134,139.99402,133.98396,117.51816,115.615906,92.28929,78.20975,82.23857,68.27181,45.83638,43.610146,29.165672,23.404945,27.388222,8.4706955,4.0396423,27.625076,59.600807,75.160774,98.03094,129.57742,147.32552,158.73569,138.09749,134.24768,128.70605,129.6293,125.35425,127.59851,97.62052,95.00714,90.72541,72.56271,35.946213,37.650463
46.305714,48.641594,46.506134,25.962402,30.892487,58.52426,80.99214,99.90072,133.0366,149.04065,164.3976,158.12703,143.82858,144.77396,177.16476,207.20534,220.1066,199.52432,164.92526,145.73874,141.05728,99.19741,76.83719,51.956993,29.255028,28.78366,21.501305,2.2148743,4.592186,49.42733,84.77346,75.464806,86.94277,93.02098,115.868965,123.85278,151.64998,155.77808,170.93025,190.88211,203.95721,183.89865,160.40074,141.21342,133.4526,95.86017,88.71168,69.93965
14.861221,21.558823,18.597137,7.1114807,8.082283,22.782658,33.295097,57.267162,58.655575,66.61726,72.97631,100.71208,90.180695,97.36467,92.99132,97.17868,90.10631,81.48068,67.35298,57.233727,45.41889,41.4617,33.199524,28.814545,12.119286,22.49871,15.057636,17.038048,16.24939,26.992256,33.345604,55.279274,73.0358,79.65146,86.89877,96.12475,92.42003,98.32283,85.627754,82.21692,70.81643,74.0332,61.705086,65.60392,42.811974,29.186062,28.885132,24.675037
49.824673,39.229263,41.910862,34.761753,42.841614,51.4094,57.5854,81.011,98.64427,110.428375,108.71736,106.66905,103.95218,104.54523,106.56915,106.02811,124.92326,115.631195,91.12084,83.20551,89.33511,73.712456,58.76862,57.927597,47.476265,38.28411,35.41453,31.143631,40.870186,47.60797,68.68536,79.5166,99.28777,105.02008,108.440994,106.32595,121.1351,121.105316,118.556946,115.00214,125.39964,115.74104,103.74941,96.07814,100.846954,80.33585,69.41163,60.154778
28.19118,27.784395,23.569584,18.858503,13.357576,12.548206,12.791386,16.740526,21.694448,24.43058,28.4854,31.52544,33.760906,36.37266,38.020798,37.23622,43.618416,45.04931,43.068184,44.673325,49.079308,49.35932,45.29631,40.4683,32.09763,24.800344,24.988695,22.201202,22.243721,17.615644,20.471725,22.202362,25.055264,27.805973,25.92909,23.221035,25.755852,29.664835,31.566061,27.812399,34.74115,37.17295,38.42247,37.447025,37.72737,34.385223,28.223969,27.5109
141.5814,120.30931,19.924957,-3.947876,107.25885,303.59344,414.056,631.6478,629.532,552.5962,473.16238,444.9148,390.77072,420.33838,505.18445,660.004,719.213,635.9204,506.1162,447.664,266.53406,126.61574,59.553802,74.836395,111.38455,133.85414,14.235931,-55.93747,147.9706,413.85052,505.16672,654.345,589.7125,535.7393,408.84003,380.22656,411.84662,493.11224,618.20215,715.29126,686.0824,528.16205,433.5285,399.66693,225.12006,119.979355,62.408966,102.30829
16.097961,21.398365,5.9878693,4.409214,1.4582214,-1.4218979,5.256401,28.702873,35.23103,52.37677,71.55704,101.86302,111.75252,117.52463,107.235886,115.32593,107.01416,107.184814,110.210976,100.86342,74.10154,64.6841,48.24101,30.858776,22.7309,36.38629,22.635101,19.434975,14.303242,17.752289,30.236908,45.356712,45.955994,60.646275,70.00491,84.33075,95.17702,111.56459,107.24188,116.30286,109.85394,94.983894,79.9879,67.847855,34.043182,25.133652,12.761353,11.662308
16.804825,17.645548,19.497879,23.317553,15.311939,20.40396,19.59964,32.780235,43.55822,58.073017,55.736267,68.22548,63.805748,66.412254,67.78958,86.941025,88.22647,84.77562,65.602295,64.81861,53.162926,45.61164,39.216293,46.894566,27.329868,21.685307,17.766441,20.081581,10.93642,16.25483,20.4567,31.099617,36.611156,47.312717,42.334877,55.877426,61.699604,74.44252,67.63199,80.607864,79.54585,73.01676,58.401283,65.99942,60.95034,51.65824,40.081528,46.441586
49.77745,46.039253,18.412064,17.034004,50.128284,63.068043,94.22474,141.97168,143.97603,139.60098,145.10019,130.58221,120.012726,130.58305,137.27127,167.5386,182.07806,149.88414,117.10289,106.96369,86.488075,60.41404,49.76084,29.066093,39.817745,38.658585,9.977196,10.478813,51.88014,77.37459,101.28399,144.48523,145.62161,144.41438,138.6601,111.60919,116.847305,123.14299,148.18564,177.02823,182.33171,139.67386,121.39728,115.4848,82.31972,63.122604,55.329903,44.35643
133.5897,118.18602,120.95923,129.05223,155.85864,197.13199,211.8246,213.37852,245.8242,250.43729,235.28328,227.54254,257.8733,258.50052,290.6798,304.234,315.91757,300.81677,303.38055,284.51123,264.89847,238.43555,225.33754,192.58987,191.3201,174.92426,190.92581,190.33575,235.38646,269.07202,265.98016,205.39502,188.90404,166.90463,139.34479,136.37119,207.33064,221.9548,237.53973,234.69727,258.73657,260.3105,223.58148,201.16635,231.7562,249.91855,223.88544,215.5382
18.073208,21.670757,18.405924,23.137085,25.339561,29.927044,32.651127,39.528114,36.783752,36.57081,37.624382,40.171623,34.00947,36.31844,37.71234,41.516052,34.72294,35.866592,37.31308,37.38297,26.689266,26.516256,24.058872,23.128845,20.05928,22.63855,20.019543,25.254562,29.444118,33.340313,32.48055,39.642563,38.86916,39.894875,37.018253,36.35062,32.28643,37.432476,41.32172,46.23599,38.12679,38.144073,39.089333,38.75545,26.660854,28.076624,25.746126,25.933228
116.25819,105.67105,84.10184,47.23723,50.27233,48.06543,55.4506,65.78029,86.36759,108.437065,133.91829,160.4213,176.1615,186.17073,186.90964,173.29286,182.39734,164.7193,172.20358,159.00441,167.37677,153.26807,139.87668,125.69276,104.203384,91.11607,68.128555,34.663467,32.394264,21.152481,35.634674,31.65599,57.38648,72.9613,81.25516,76.6805,105.909225,140.57065,161.35506,150.91098,178.83136,191.27063,211.47546,217.94469,216.02467,205.94489,204.71999,183.38445
28.819677,33.36009,33.126915,30.799221,44.786686,66.14084,64.3275,52.639656,50.262917,52.648193,56.574524,56.972218,52.41307,63.678547,70.908325,77.577515,96.95624,113.44715,101.826836,80.71121,69.6813,60.571003,45.947987,35.504955,28.41066,29.13559,15.512192,9.861191,38.109146,61.92241,51.449837,48.301807,45.44414,42.90956,40.01169,34.23405,35.374966,58.44169,76.93272,72.68179,81.266846,98.95872,86.23426,70.89586,57.1993,62.566086,52.142952,41.715206
15.973356,20.392765,19.441494,15.479151,23.520676,26.634706,29.970509,35.48132,39.901543,45.72588,34.83002,35.343987,36.340717,37.8507,28.976122,27.818628,38.581757,33.832092,35.3543,31.040646,30.563234,27.57463,20.539358,14.182928,14.406221,21.097448,14.93523,10.731604,16.890123,23.88955,25.200783,27.178272,40.410778,48.267155,44.82559,32.588318,39.151295,39.70905,28.0032,23.656063,26.851986,30.956852,25.298256,28.515354,31.64105,29.133324,20.194061,11.420898
122.405815,100.38393,84.55536,76.091965,76.57571,66.30512,55.381336,43.261726,49.386826,42.8123,60.101894,58.65455,62.319595,65.63063,78.312164,86.53854,108.51415,110.355385,103.912636,90.46927,95.52798,90.61518,115.59798,129.39346,135.60448,117.61252,108.05592,91.6108,97.94661,77.884155,62.910633,47.57032,46.57257,31.83649,45.32695,48.925182,57.488266,57.184677,65.6465,64.905464,82.87515,77.27822,78.247086,70.47788,87.38789,93.019165,116.12633,118.293015
45.540466,39.484985,31.807358,39.525333,56.29075,86.3093,120.42926,155.76758,154.16428,160.95288,153.4932,144.05142,136.42296,112.43621,108.25937,111.13369,115.369446,111.63682,117.64785,104.18653,77.72534,57.71953,38.15218,30.03164,41.427685,25.747353,12.422508,12.845963,57.144363,96.4901,129.89343,143.67859,144.95636,148.01834,131.76883,110.92894,113.91147,110.34772,117.4956,119.2695,115.05316,107.62475,113.86828,103.741714,77.30333,57.545532,41.011665,39.613403
123.917465,90.70349,1.5041199,-24.05777,119.77553,194.49165,207.74205,327.84253,380.3342,336.42715,337.06656,393.1674,356.79626,368.15842,491.55176,641.4194,730.4227,695.0435,567.7422,435.41418,306.15695,157.10698,81.08235,91.52446,149.75269,121.60698,-15.47876,-61.17108,145.49529,255.89748,255.14694,353.0232,401.6789,360.55734,320.34872,315.32507,331.32593,387.3338,555.1079,654.16614,682.2654,585.058,503.5406,422.24026,294.91702,164.25793,112.27408,119.77945
21.241175,24.67077,23.385664,21.840553,12.810339,17.415024,19.289715,25.940779,30.948528,34.41255,30.999422,30.106176,28.718103,35.196312,43.525658,47.202133,43.756786,43.667236,39.023094,39.81645,37.52298,38.39084,29.869734,32.25753,24.004753,24.388514,22.168808,18.137169,12.46847,15.638266,18.909159,25.191036,22.556194,28.596003,26.935764,36.92504,37.008682,47.082867,48.97992,46.92189,43.999157,42.057156,41.751984,45.27975,42.1292,39.96963,29.899523,31.809013
48.565422,32.426437,18.45192,34.157425,58.34829,80.068344,97.13136,109.510704,99.02699,106.72946,132.85237,132.38748,116.55243,133.46568,170.75006,193.5521,196.17389,196.92842,165.19293,115.02615,80.814514,71.36896,61.041264,51.010845,47.915127,34.195732,20.312027,26.345047,65.442566,85.459435,105.29798,113.95385,111.781494,114.01742,118.72892,118.24885,113.17034,141.55843,181.77527,195.7991,185.87735,169.29056,153.19011,107.57009,76.39267,72.57085,71.1627,59.263554
68.71926,57.084156,53.81771,54.97988,50.044575,51.81293,65.01771,73.61376,72.574936,61.261307,67.394035,72.63634,73.348526,65.96,78.50354,88.514465,76.67639,63.53458,77.837654,87.69763,75.97026,65.53053,72.18662,70.970245,72.995575,71.499245,72.617455,74.65799,74.27118,73.90068,78.218925,75.65346,70.98749,58.97279,63.292664,69.76512,81.60777,78.03801,87.6454,88.83376,81.15785,73.526825,74.00932,72.73033,66.46925,64.452095,63.974586,71.42719
40.98131,48.828484,50.069057,39.95712,36.041725,66.2359,78.37949,88.45439,92.34523,109.2566,117.87732,123.95886,135.35089,151.2541,147.53336,125.78146,127.57816,142.13536,125.912796,100.47245,96.11433,106.44105,91.982124,76.784035,58.115936,53.331223,44.416954,25.923008,24.390015,45.647587,61.24022,72.68649,93.26149,127.104385,129.20697,122.788605,133.48035,156.39014,159.2911,130.45549,124.120255,145.81694,147.24261,127.52739,114.686874,118.89485,95.14101,79.28239
38.318012,34.163578,36.7881,34.736275,48.086918,67.74125,94.16499,125.280396,155.71817,163.12866,159.79576,139.70657,113.466644,107.96149,127.59466,158.60352,178.6947,155.83115,119.659615,102.06108,85.00187,38.380116,19.32576,29.072464,29.179447,20.6193,21.513306,22.630661,47.81244,79.48279,117.289856,145.16028,153.07504,145.44943,130.91739,97.018906,84.6965,106.44263,144.13177,168.03046,182.24997,149.3927,119.150314,108.79007,92.020035,56.749702,31.299892,36.826744
139.51488,106.90168,65.7888,71.086334,134.6832,210.95853,336.15637,390.2854,359.7826,283.38226,245.77655,218.84596,206.2308,207.81018,234.89522,242.81299,240.78326,194.61794,248.16011,232.98415,170.13396,72.60567,63.00284,62.217255,77.576584,66.89165,2.9179688,-7.09346,89.94653,207.5612,315.92868,288.35516,230.99046,131.23357,85.503265,55.534576,125.147766,167.907,202.08308,198.25217,190.84897,169.8437,175.02869,157.25865,114.86145,60.261948,64.428375,77.05029
439.55853,334.22305,297.50745,293.2783,252.52731,251.04774,297.651,300.15735,297.21805,259.48956,285.44165,298.3847,310.79373,294.723,337.11896,357.30362,336.10104,315.8307,347.0457,335.4022,313.58438,276.99222,290.24686,267.389,256.62717,260.48627,250.52057,282.9452,261.3996,253.3019,257.849,239.12364,249.28555,237.01605,254.51035,283.73013,319.56427,323.99557,363.84955,394.14404,387.85458,357.32574,348.87814,319.59317,296.05176,295.6055,314.30527,355.25592
37.145447,33.19671,29.53548,32.15493,33.195885,35.22143,41.232452,36.710556,39.644775,41.392002,43.730606,41.106747,45.72754,45.11503,51.3497,55.720585,54.163483,48.230637,48.063633,42.58768,38.01798,36.247345,37.990356,38.00415,38.624146,35.951622,32.958595,33.298424,33.17173,34.425636,40.404575,34.42006,34.879738,36.53708,38.758312,36.916386,47.629745,50.792904,55.234222,54.318756,52.897026,51.013508,45.276608,37.296,40.33764,40.93218,39.063427,40.554733
31.367334,26.875242,21.51393,31.547098,43.15542,54.19341,55.38994,71.57704,78.05354,88.14163,83.55272,82.80057,85.96892,86.6317,76.48041,76.05369,74.43209,66.25657,49.962673,57.760376,51.556095,44.555134,27.319786,31.885443,28.670815,29.058855,26.550745,28.054539,32.310852,38.96266,54.051197,69.585304,79.90709,92.91376,84.489914,85.786545,84.313126,85.11824,71.7663,79.743835,84.93177,70.731705,54.218464,55.947147,55.358223,50.541832,35.252823,41.131283
35.400135,27.875103,28.820377,32.17995,29.871723,30.876972,49.097836,42.501774,39.20262,51.076294,74.53682,73.11807,69.817696,76.7921,93.74957,106.24509,103.727036,87.39405,76.155785,64.20024,54.8103,42.787674,57.061596,58.61959,48.009804,39.7688,43.653908,35.632816,24.196823,18.676163,42.23049,49.996193,51.220924,49.3628,71.166435,71.25012,64.37241,64.31483,83.63227,95.22704,90.98399,85.73552,80.1037,68.90717,51.80548,55.54246,59.479214,49.69765
26.797638,6.51297,-4.9044495,-28.432526,1.8735962,-3.8576965,64.807495,90.68358,66.565216,163.44365,185.26312,190.28009,139.22072,169.16591,200.30661,344.24323,426.8937,409.9674,404.20074,388.08646,299.14233,233.42776,273.0063,286.46353,207.1055,198.95448,144.95464,148.36215,152.43034,203.73506,236.86166,197.64989,113.12314,112.28232,104.428955,38.763824,32.031372,107.600555,129.16193,217.87799,241.88335,219.71112,189.95117,215.66006,115.89418,152.54115,161.59363,164.72128
36.978523,33.066,29.596191,24.289616,32.219166,26.779076,29.932722,31.193592,35.326824,24.001598,36.664253,48.43488,62.30558,72.54539,95.748856,103.6205,115.32945,103.68169,98.01074,83.14856,84.93346,64.57927,55.62322,45.14739,44.122078,36.37821,33.226967,17.967632,24.416471,13.433208,18.433952,18.21873,29.751278,20.95661,36.71136,52.179817,75.59796,81.93026,101.66795,100.40741,111.66089,100.476685,101.71767,92.59404,97.04079,74.94069,75.550385,61.64161
62.175888,67.98142,60.485558,29.046349,50.18582,101.82109,162.85536,216.21045,268.13187,278.32483,246.92004,222.60861,198.38925,211.90324,244.5438,264.80975,276.24854,243.70609,198.51633,131.88388,121.33165,88.14398,63.735657,46.480255,38.84584,59.162224,48.980766,23.421463,57.20159,138.03633,203.27359,224.64607,265.1465,267.81152,246.46762,202.33841,196.48495,226.41003,248.25345,266.34375,262.37482,241.4084,216.91817,168.05577,146.40532,97.43461,73.36911,56.108513
48.35129,42.337574,23.727951,41.038116,68.771126,118.2292,172.285,210.41417,162.1565,135.116,130.29121,125.08934,103.64277,119.95419,149.27626,181.49283,167.99084,154.05244,141.281,115.38885,51.095276,26.779861,21.876251,34.710342,48.748173,33.8341,9.687378,24.329254,78.62715,136.26413,180.4711,201.92273,150.94649,128.0585,117.725876,104.728546,105.658966,132.255,172.61128,188.24327,158.47983,141.20093,151.9028,127.09193,57.65765,39.53936,35.446136,43.38838
19.854536,16.414364,15.192358,10.097511,-1.3068428,9.227795,11.948502,14.3506775,13.762423,30.54498,35.195118,45.94839,59.315796,64.57669,76.786995,93.60677,94.263985,85.08981,71.24525,58.591244,41.604897,39.906113,34.880856,29.38907,18.465742,16.656082,16.752176,8.162827,-0.9001045,11.208483,20.11276,9.698696,5.6460648,19.523169,30.160292,43.979935,63.746628,68.75711,67.82291,82.24231,81.06929,77.15793,64.08862,52.63153,41.242466,31.556694,25.781414,16.670607
27.607723,22.538712,16.456345,12.357443,10.574238,18.562069,26.27573,22.356531,33.410984,36.986996,39.057255,42.30222,52.06002,57.50318,72.451996,74.04819,73.93678,73.60434,77.00731,62.752476,57.22109,48.864185,42.34577,32.907547,23.277199,15.754797,20.55248,9.013027,8.88909,14.586996,23.620062,14.120739,20.882263,28.169367,33.33377,35.26814,43.64008,49.550972,62.502365,61.426605,69.68744,67.1927,74.0508,56.1777,52.859226,43.96669,41.215725,37.03634
57.295155,33.40701,25.76973,15.597298,23.395359,45.024456,71.609215,97.96502,111.80928,123.43442,132.1623,132.66405,124.8979,112.38985,122.6278,139.20612,169.81467,149.86926,121.690346,105.58099,98.504654,69.67241,55.213966,54.47605,43.845467,28.987007,30.942215,16.152428,31.838486,49.60811,89.60385,108.28261,114.219055,114.379234,115.36758,111.18912,114.72173,112.106544,132.05191,146.99167,169.7609,145.79573,122.6953,100.34717,95.390526,65.65262,63.99884,66.32482
60.728676,48.787773,23.027626,-3.0391998,41.05941,74.65297,118.44786,156.51048,171.98645,171.39548,218.31342,193.88297,168.24821,180.07468,205.11063,218.78201,257.56998,240.46263,192.74223,145.99481,125.15087,103.577614,106.82858,60.494614,48.299393,43.061302,28.837288,5.52092,61.096817,89.474594,133.97719,165.24791,171.57495,173.46417,205.18217,175.0272,157.91968,184.59483,225.5077,228.07928,252.44965,212.50258,184.08113,140.72618,116.247574,98.15528,120.675995,94.43765
42.837696,42.77331,30.668365,27.162922,34.86078,46.5705,53.823524,43.34043,43.688908,57.37677,61.73589,57.920555,55.049126,75.14404,82.64638,81.57353,88.50176,88.73756,76.532684,58.143536,52.75985,44.965263,35.01228,29.825035,31.050663,31.889168,23.159214,14.324287,24.174225,42.51165,45.48703,34.91384,28.269127,35.32569,37.158012,35.09307,50.142647,71.30777,83.85217,85.3273,92.29342,101.27504,83.83789,62.2232,51.239235,59.75538,46.78327,38.918457
18.085014,21.757181,22.587757,24.679535,28.817108,28.082176,31.609028,35.929108,41.045017,44.916023,50.11856,48.32106,40.142998,33.401432,31.465582,34.466145,38.971207,37.904594,33.002636,28.478758,23.452124,21.723202,19.803482,18.082808,19.421143,17.500854,12.549639,15.123934,23.266645,25.37693,27.030224,36.09145,35.771725,35.894497,34.623142,30.7018,28.712893,27.40041,31.609112,29.064157,32.12227,29.35499,25.870552,26.298313,23.738974,26.629395,22.25292,20.562515
32.692383,32.840042,30.255455,38.482254,39.050095,32.983734,39.342827,53.209484,57.803127,59.790604,73.49564,85.911415,84.42018,79.50768,90.453445,101.77695,96.51711,87.28938,92.12599,79.78526,67.72447,55.910507,47.2054,40.1504,39.787777,33.58813,27.548082,31.604116,37.852295,29.846691,41.881813,49.0385,57.227406,59.273994,77.91753,92.67958,101.20851,96.98437,104.82319,106.70451,97.7516,83.08341,92.444016,79.656975,70.28584,52.281094,52.56186,47.22641
14.166172,24.6159,14.855038,14.528851,7.367157,18.950298,31.75336,50.2261,54.6835,64.68874,69.94287,77.012665,61.476196,67.53459,76.36772,102.76884,96.64523,86.655975,71.938126,71.00841,55.61073,42.800705,34.86614,34.500107,18.78648,18.131195,16.495548,14.888725,6.2415924,22.539518,44.347645,59.168686,53.220016,61.686157,61.169098,64.41002,57.62037,71.09571,75.827255,91.99149,87.19273,74.45934,71.245865,72.448555,55.293945,44.993656,36.734974,41.64606
38.0519,32.811565,9.438065,8.673275,31.41217,56.445107,48.522415,57.16146,65.71143,61.0478,72.01298,87.26071,70.50035,73.321175,99.84941,150.34698,160.15652,157.51437,112.61478,78.729385,49.769756,34.388947,24.8364,39.235435,41.867573,31.030003,7.2914047,16.196644,50.97425,67.240364,58.688526,71.23931,70.85664,62.11735,61.53551,71.44498,66.517166,79.51341,115.31972,140.7215,152.11162,137.62941,105.07535,74.35547,47.749565,32.089428,21.41882,37.981205
22.476395,25.26007,13.924816,20.601347,19.23871,29.268875,25.409477,33.782387,46.143135,57.034092,50.24987,56.496037,50.813236,56.0241,50.112236,62.88604,52.711315,61.807938,50.088993,49.060806,47.952587,49.18308,29.833319,27.67788,26.147589,31.236025,19.631058,22.698761,18.714966,29.383156,27.476997,42.844944,48.125156,60.631016,54.986515,62.565884,51.125656,54.45459,49.87259,60.826347,59.867844,63.738113,45.748478,45.977562,43.444313,46.569466,21.479673,28.81147
36.189453,43.760284,15.608879,-11.913307,25.535019,80.76388,81.71382,133.9143,158.18198,121.29482,108.30166,121.955444,110.387245,128.17497,146.7224,177.70325,201.30264,200.88843,155.9772,151.55855,118.69051,55.7975,26.389526,24.944527,25.077438,62.997204,9.844498,-31.457298,17.74076,101.22481,100.33041,135.28769,147.61362,117.02748,98.07572,108.19869,103.87571,131.61958,155.0677,192.02307,195.11823,168.74643,128.70563,135.28125,97.491745,50.234894,33.367058,38.14525
20.125362,16.153103,16.046463,12.5233345,17.498146,18.69822,31.08268,35.910515,42.788555,54.327934,56.012535,56.54907,45.124416,47.468277,59.626743,77.02203,82.20807,79.388985,72.638855,58.335648,49.859158,40.758785,43.455727,46.433247,37.6569,37.631508,27.62995,29.9697,30.422674,41.16666,47.729023,41.5463,42.79186,36.65447,39.597824,30.572731,32.510788,43.414635,55.460106,65.70892,56.682808,50.041786,37.587322,33.935863,29.830862,30.428179,34.787743,32.49744
24.269617,20.521664,19.31088,15.121496,22.662548,25.884533,34.080563,41.925262,32.119247,27.869387,26.532194,29.20011,26.446972,32.64817,33.33245,31.526356,34.665554,30.057264,34.17579,35.281635,29.401634,22.780355,23.786854,25.80688,24.560055,23.915155,15.709239,18.194553,26.28678,31.773283,36.19509,38.00772,31.667324,28.484196,29.392317,24.303185,24.67283,30.570835,31.837477,33.72688,32.664135,30.278957,31.45588,36.29077,28.091618,20.661285,22.345676,22.348545
51.18306,38.99252,32.281563,31.174473,51.142815,90.363205,153.93355,177.70068,149.7837,113.491066,99.98829,86.08078,64.06272,69.989334,83.57526,91.87713,92.541306,77.30391,96.61108,83.47959,58.774467,21.50299,18.94825,28.969296,32.06969,33.87681,-1.8012161,0.71546936,39.53557,97.759636,152.39622,146.78917,112.70045,61.524727,47.8902,39.163654,40.009247,61.926903,81.98326,83.64888,60.54622,55.23047,66.39875,58.965515,40.406837,19.492363,24.094421,30.672985
14.705303,18.739029,15.297783,17.237598,23.453758,29.985529,31.766481,55.463062,55.331024,61.502014,62.0743,71.21881,54.909504,63.775974,84.52198,108.31586,117.55987,116.516304,94.49603,73.981804,45.38651,32.865242,20.262945,20.692585,14.6853485,16.34314,8.382999,9.649357,26.004356,40.728485,45.21893,66.86082,60.348274,60.378464,54.018555,50.664795,43.090088,62.961617,87.83867,106.93947,105.99625,97.847855,83.90953,75.84759,47.32973,33.476936,20.56567,17.97828
17.893145,22.449001,22.419472,19.637833,19.186047,29.410131,24.874323,28.767143,38.483368,42.046215,40.030525,47.51702,43.530327,41.488388,45.55478,50.9275,50.850273,54.03218,44.847836,43.529728,38.382164,36.795837,32.185947,30.145107,24.146187,25.431396,24.711784,17.89013,18.291555,28.002403,25.148254,30.743332,33.90687,38.868954,37.543945,42.631287,44.11623,47.84083,49.59558,49.525845,52.942375,55.53282,44.742332,44.917175,42.58622,39.96697,34.457966,34.72911
66.104675,32.227997,-28.5392,-22.227112,71.56478,57.70292,21.569763,53.224854,61.240776,85.52124,130.97305,100.51926,4.924286,22.095367,143.89505,311.663,417.56546,351.47202,215.77695,129.5729,38.05951,-19.772171,-3.4538116,64.10964,91.51263,59.759277,-75.151276,-37.23369,121.93657,123.02703,56.3461,75.54272,31.281357,10.727692,47.467583,22.17102,-21.452988,51.92372,196.51091,305.7528,319.54028,209.45973,104.25174,65.284485,10.98764,-8.433807,-1.2112274,40.097206
42.45487,27.561836,16.27668,14.561058,50.354053,35.233192,38.83716,73.51332,91.71885,107.310936,121.86874,107.117775,60.21877,53.899586,91.79847,142.1736,182.17102,148.4647,110.36753,99.067375,65.64011,25.615456,33.253235,56.972786,55.23275,50.721703,12.367226,19.915436,63.66628,74.27744,82.76046,106.84425,100.11434,77.66003,81.89961,50.656372,36.089928,57.531948,110.50561,152.12837,160.38571,107.01745,63.76741,70.31609,51.437714,38.20755,42.374634,51.862392
28.674713,22.24908,22.963825,21.67967,27.739712,28.037304,28.879307,28.608849,41.377514,42.05539,45.301773,49.77216,52.123085,40.0178,45.940033,56.32252,60.55159,51.99482,53.9133,50.784664,51.073895,39.78764,37.67,32.47112,29.908335,20.494669,18.304558,15.78662,24.413464,25.837442,29.259384,26.43512,39.603043,38.227974,40.874115,38.324154,47.16489,37.67785,43.354458,53.45068,61.00725,52.106693,53.267265,51.937447,54.61889,38.79088,40.194885,36.347977
225.90932,194.96503,149.69798,109.48546,150.72766,172.06583,231.56111,210.02617,252.17493,282.07568,303.37918,277.0193,306.11206,312.13483,371.41992,411.8371,443.10175,370.0831,382.20248,357.0371,296.9657,233.22134,227.96603,227.21762,230.24048,240.30978,195.55789,172.97734,248.97592,287.5845,309.54373,223.30615,228.76425,222.47177,236.43864,217.67468,321.40964,379.113,429.90204,424.42093,430.8714,402.9042,358.173,315.4649,272.3742,281.41672,270.15393,268.61322
50.63086,40.48094,23.027496,12.271103,50.914227,71.65456,72.02031,112.05043,143.04787,141.87842,145.5028,138.42545,129.63582,126.45778,164.18562,190.13,234.28601,225.64328,173.15132,128.15527,98.19043,68.428986,51.25496,27.758606,40.87018,32.606842,-1.2880173,-27.4375,51.52802,85.63959,84.27101,114.37234,142.83148,129.5867,123.0846,107.36809,114.238945,124.62641,171.36366,189.1646,209.49913,188.89137,165.0561,120.65042,97.74415,68.50516,55.66362,34.819107
45.270145,34.078686,23.463879,20.137428,58.9834,90.75712,159.76335,215.34946,180.2442,126.483086,110.4232,98.98811,81.52009,78.03755,97.207886,110.796326,114.80012,80.84084,94.04067,77.94448,30.62424,-1.1800385,16.92749,33.3068,50.293766,40.396015,7.258766,-1.3118973,71.340965,127.20352,181.86436,208.36926,175.92845,122.13353,98.072586,80.804756,93.44399,97.84307,124.91269,121.95381,98.698746,59.228283,90.3649,90.169716,42.058456,5.892021,21.099953,19.038849
39.886486,38.1861,34.380177,36.23129,42.51297,46.567127,62.077858,63.847557,69.389206,69.287224,65.94813,60.380016,68.106575,68.11489,78.53683,82.58487,82.655464,78.41819,84.897446,76.45377,67.22898,59.90249,57.883705,50.976837,55.297813,51.626823,53.265312,53.296684,67.05197,75.52762,77.54162,64.92145,59.147926,51.633335,42.4005,34.463276,53.590385,60.897346,71.044586,74.74339,76.65702,76.16751,69.55267,61.80069,57.19451,65.02263,58.261936,57.48443
22.344597,18.275475,17.64625,8.777851,19.818129,41.359226,48.118187,59.120415,66.111984,58.743317,59.131966,65.715805,62.013306,52.687443,54.36638,51.44964,62.590107,63.01654,58.966522,47.354,35.20141,18.2977,18.72663,19.299921,16.842388,18.271887,15.57383,-3.3018074,14.785143,39.86204,53.64343,59.546616,68.64252,57.91713,51.00324,50.304432,53.68955,50.73358,58.530388,54.591553,61.817493,52.71929,49.8213,40.391422,35.07091,22.204754,26.476566,25.004194
28.383793,23.17523,17.633755,12.387207,15.756256,20.703285,32.65697,42.88125,62.3832,82.369576,73.170044,67.59761,65.67259,71.953995,70.64424,79.11747,94.91843,86.55144,70.9589,50.710773,54.991318,47.866707,29.353136,26.424192,29.03415,26.177874,18.057648,9.260113,8.897739,18.366947,34.71158,44.16007,54.016987,62.744812,56.098083,51.09938,57.642174,66.368454,73.585434,78.20752,85.62395,77.85448,56.76169,48.741047,53.623592,52.710396,32.23771,27.35546
16.94217,8.835751,3.0702782,4.0329742,2.3474236,14.604244,18.845293,24.687567,26.005987,36.11036,37.45479,54.33512,54.800804,51.855515,51.670013,63.962845,58.96964,61.209866,59.312943,50.467052,37.340443,34.161274,27.096157,26.438763,17.71348,16.310642,11.869354,7.696419,3.1105156,13.970055,19.81208,29.23258,35.757683,47.40585,47.135834,56.283905,51.30163,48.095303,53.16249,64.71711,59.64218,56.112583,44.076298,41.22688,28.290804,28.381302,22.146814,26.290108
35.61317,33.432045,32.56154,33.55007,34.110245,33.33014,31.542313,33.481354,33.532726,32.568813,33.75587,34.136787,31.384295,30.914917,30.806778,31.564955,32.863216,32.544735,32.41261,32.811253,33.10272,32.116474,33.53527,34.369087,31.553476,33.127174,30.940092,29.349184,29.212944,27.467081,28.48987,29.180275,29.329628,28.896687,30.190311,29.7513,28.477343,28.671953,29.162188,30.903461,32.521435,29.902336,29.730625,30.198854,30.008207,29.321768,31.158022,30.145145
27.057465,-7.771637,-6.3503723,-13.7096405,25.832687,-4.8148956,35.062027,55.183884,96.47579,154.21176,192.53851,183.43956,124.67336,162.00606,278.0801,414.72287,495.2172,417.3067,317.49124,215.61017,169.4307,77.91241,84.38299,102.375565,58.245605,11.9591675,-19.592484,1.2857208,56.459564,52.47145,59.3649,42.990646,54.029724,41.975983,72.31654,36.85901,59.389755,154.3589,275.76633,326.77322,322.91748,214.01367,126.833916,89.78429,60.245697,30.832703,56.254578,59.699295
41.91278,22.741669,11.037106,11.9562,34.766876,68.17572,81.96458,87.344505,107.416306,106.884415,111.53047,114.36722,126.26706,113.108246,122.69878,140.26987,144.9158,129.47327,92.24259,77.642044,71.147194,38.50163,10.300377,28.09438,46.829353,26.925655,12.154976,11.350929,48.09207,75.35977,89.49741,85.75733,101.92639,114.191925,105.28319,103.186554,105.92934,119.52942,133.65596,146.42711,149.49487,120.19629,91.60504,75.87117,75.55568,43.628193,14.110592,42.37178
198.7367,97.635925,65.33783,-5.871399,81.91843,95.20865,278.1549,337.13574,448.46558,574.2123,569.46405,550.56415,442.34467,491.15894,673.72876,972.7003,1138.4939,979.57996,883.73254,717.45905,554.0967,325.75287,310.22644,381.66748,273.69183,208.89877,38.407654,39.745483,169.13818,285.50223,400.81714,303.59906,314.91406,255.86133,223.4649,113.250275,206.79132,432.33868,617.2671,775.0808,744.1906,531.63806,376.80975,315.65863,243.08823,154.34607,198.04993,238.92087
83.68004,108.91062,128.68411,115.99481,112.59564,141.89978,189.3272,191.36774,240.95956,286.88077,322.11942,359.03705,395.19742,436.46198,457.50528,444.48206,423.24356,400.5476,375.62442,309.2415,284.7171,220.23616,174.00037,133.3284,103.59361,90.99727,80.356606,62.77745,64.20534,96.47756,122.83875,124.551346,179.89311,219.8453,267.05954,305.7014,380.04712,439.9417,457.68192,426.4382,396.5346,381.88242,350.98828,308.17273,266.59622,224.17358,188.59169,167.17976
25.203773,14.891014,3.1603088,10.661316,13.486725,12.868492,21.102997,25.871544,43.356827,75.63874,85.89439,80.46461,46.684998,51.184753,82.92237,167.02739,194.34103,170.71457,118.33081,91.73733,62.381203,30.027847,23.648438,45.858547,34.02883,18.580528,-4.9215546,8.904671,25.345253,40.7614,46.37207,49.59396,38.413998,44.611412,39.976135,26.438213,18.650795,58.67846,108.00287,154.87701,151.67128,106.12384,60.23965,50.769608,34.179565,27.812218,22.341202,41.099697
59.099453,47.88392,37.934097,22.228432,42.883835,70.72548,87.4832,123.86543,121.713745,109.44069,119.3199,125.38012,90.74692,104.96808,138.28967,164.77036,183.59146,167.61942,139.87955,130.77942,93.55813,63.27228,66.04556,85.23783,71.19025,68.54889,26.803848,5.652252,48.61443,82.16522,99.014824,128.30022,108.36071,95.31376,100.18263,98.96946,67.77729,101.90883,146.00972,165.41034,157.47507,126.61226,108.56792,110.74072,83.62685,61.618332,64.48947,79.138214
45.55389,45.558754,11.543739,32.119514,49.418507,101.7509,142.59793,193.05832,181.71255,155.90565,136.67517,128.3034,116.82654,135.38,131.04082,171.52579,150.11035,135.3445,115.7419,112.75129,68.54557,47.2554,32.444336,38.61068,44.200256,43.329815,8.872009,27.735336,64.58011,119.09488,152.37755,196.45209,172.97588,155.6742,126.499916,119.85321,124.01398,152.94838,158.49649,170.59135,142.59009,119.87895,113.681366,110.21682,65.66095,58.547405,36.92669,47.95544
41.981567,37.42772,6.130722,-3.4708405,37.811897,55.570354,21.221268,50.37671,81.51825,75.871216,76.495384,69.1191,53.01735,72.70101,123.06802,176.85234,221.04333,219.65234,142.5243,92.71732,72.51761,50.581085,27.99693,27.381058,46.18779,40.87371,-3.9557037,-6.5726624,59.390038,76.95055,35.884285,58.58764,76.61975,73.33836,71.164406,56.52177,48.673878,79.3634,140.51294,169.56583,192.70357,177.77573,119.824326,83.14464,64.822395,44.45278,29.334694,29.151627
38.23725,35.48873,35.293114,30.42239,29.105606,30.826675,30.955822,30.682226,32.83462,29.972641,31.006039,52.882885,56.203358,59.44306,71.14008,82.09111,77.36382,71.747955,71.75622,70.76019,65.33253,54.760036,46.190075,47.590584,39.96776,37.149014,36.59436,30.636679,25.094522,23.72637,24.593044,27.921682,32.755077,27.691658,28.998085,42.99386,54.867218,56.638252,67.16873,77.5856,78.44789,75.89683,72.58118,71.78687,67.58281,57.814545,54.62948,56.390045
31.698532,44.084206,45.41275,37.81148,39.671844,60.11705,68.487335,66.60409,68.42841,76.70303,81.38115,96.10006,93.02649,96.98277,94.15785,94.20575,82.16339,85.16021,84.19035,72.944046,58.417755,58.031757,57.099747,53.75593,32.31771,54.705498,61.580433,54.056984,51.02664,74.99223,86.84544,87.76854,95.421005,104.98535,97.66327,96.2515,92.474846,104.38065,99.12114,95.908844,94.811005,109.06975,91.22033,91.13585,68.92447,66.71468,64.110725,60.905563
